<?xml version="1.0" encoding="UTF-8" standalone="no"?>
<gpx xmlns="http://www.topografix.com/GPX/1/1" creator="GaiaGPS" version="1.1" xmlns:xsi="http://www.w3.org/2001/XMLSchema-instance" xsi:schemaLocation="http://www.topografix.com/GPX/1/1 http://www.topografix.com/GPX/1/1/gpx.xsd">
  <wpt lat="53.171871" lon="-119.148979">
    <time>2025-07-28T01:21:59Z</time>
    <name>Leave trail to explore lakes above</name>
  </wpt>
  <wpt lat="53.173852" lon="-119.143808">
    <ele>2098.6</ele>
    <time>2025-07-28T01:21:30Z</time>
    <name>Join trail</name>
  </wpt>
  <wpt lat="53.191094" lon="-119.147922">
    <ele>2964.8</ele>
    <time>2025-07-27T22:39:19Z</time>
    <name>Summit at 2964m</name>
  </wpt>
  <wpt lat="53.167534" lon="-119.152184">
    <time>2025-07-27T18:21:13Z</time>
    <name>Join trail again (going NE)</name>
  </wpt>
  <wpt lat="53.165973" lon="-119.155297">
    <ele>2055.0</ele>
    <time>2025-07-27T18:01:27Z</time>
    <name>No trail (debris slope)</name>
  </wpt>
  <trk>
    <name>Mumm Peak (2025-07-27)</name>
    <trkseg>
    </trkseg>
    <trkseg>
      <trkpt lat="53.154994" lon="-119.154237">
        <ele>1659.1</ele>
        <time>2025-07-27T16:49:00Z</time>
      </trkpt>
      <trkpt lat="53.155052" lon="-119.154119">
        <ele>1659.1</ele>
        <time>2025-07-27T16:49:09Z</time>
      </trkpt>
      <trkpt lat="53.155062" lon="-119.154081">
        <ele>1658.5</ele>
        <time>2025-07-27T16:49:11Z</time>
      </trkpt>
      <trkpt lat="53.155097" lon="-119.153869">
        <ele>1658.6</ele>
        <time>2025-07-27T16:49:28Z</time>
      </trkpt>
      <trkpt lat="53.155091" lon="-119.153837">
        <ele>1657.2</ele>
        <time>2025-07-27T16:49:31Z</time>
      </trkpt>
      <trkpt lat="53.155105" lon="-119.153737">
        <ele>1654.8</ele>
        <time>2025-07-27T16:49:38Z</time>
      </trkpt>
      <trkpt lat="53.155128" lon="-119.153715">
        <ele>1654.9</ele>
        <time>2025-07-27T16:49:44Z</time>
      </trkpt>
      <trkpt lat="53.155246" lon="-119.153737">
        <ele>1653.1</ele>
        <time>2025-07-27T16:49:56Z</time>
      </trkpt>
      <trkpt lat="53.155245" lon="-119.153781">
        <ele>1656.3</ele>
        <time>2025-07-27T16:49:59Z</time>
      </trkpt>
      <trkpt lat="53.155256" lon="-119.153819">
        <ele>1655.0</ele>
        <time>2025-07-27T16:50:02Z</time>
      </trkpt>
      <trkpt lat="53.155278" lon="-119.153820">
        <ele>1656.6</ele>
        <time>2025-07-27T16:50:04Z</time>
      </trkpt>
      <trkpt lat="53.155285" lon="-119.153851">
        <ele>1658.7</ele>
        <time>2025-07-27T16:50:06Z</time>
      </trkpt>
      <trkpt lat="53.155325" lon="-119.153841">
        <ele>1658.4</ele>
        <time>2025-07-27T16:50:09Z</time>
      </trkpt>
      <trkpt lat="53.155346" lon="-119.153874">
        <ele>1655.8</ele>
        <time>2025-07-27T16:50:12Z</time>
      </trkpt>
      <trkpt lat="53.155365" lon="-119.153867">
        <ele>1659.0</ele>
        <time>2025-07-27T16:50:14Z</time>
      </trkpt>
      <trkpt lat="53.155385" lon="-119.153834">
        <ele>1659.7</ele>
        <time>2025-07-27T16:50:15Z</time>
      </trkpt>
      <trkpt lat="53.155426" lon="-119.153882">
        <ele>1658.1</ele>
        <time>2025-07-27T16:50:21Z</time>
      </trkpt>
      <trkpt lat="53.155470" lon="-119.153962">
        <ele>1656.9</ele>
        <time>2025-07-27T16:50:26Z</time>
      </trkpt>
      <trkpt lat="53.155514" lon="-119.153972">
        <ele>1656.1</ele>
        <time>2025-07-27T16:50:29Z</time>
      </trkpt>
      <trkpt lat="53.155519" lon="-119.153935">
        <ele>1655.6</ele>
        <time>2025-07-27T16:50:31Z</time>
      </trkpt>
      <trkpt lat="53.155537" lon="-119.153899">
        <ele>1656.9</ele>
        <time>2025-07-27T16:50:33Z</time>
      </trkpt>
      <trkpt lat="53.155603" lon="-119.153808">
        <ele>1655.3</ele>
        <time>2025-07-27T16:50:41Z</time>
      </trkpt>
      <trkpt lat="53.155616" lon="-119.153775">
        <ele>1653.4</ele>
        <time>2025-07-27T16:50:44Z</time>
      </trkpt>
      <trkpt lat="53.155644" lon="-119.153753">
        <ele>1654.7</ele>
        <time>2025-07-27T16:50:47Z</time>
      </trkpt>
      <trkpt lat="53.155701" lon="-119.153753">
        <ele>1656.5</ele>
        <time>2025-07-27T16:50:53Z</time>
      </trkpt>
      <trkpt lat="53.155703" lon="-119.153638">
        <ele>1657.6</ele>
        <time>2025-07-27T16:51:00Z</time>
      </trkpt>
      <trkpt lat="53.155683" lon="-119.153533">
        <ele>1659.3</ele>
        <time>2025-07-27T16:51:07Z</time>
      </trkpt>
      <trkpt lat="53.155699" lon="-119.153503">
        <ele>1659.4</ele>
        <time>2025-07-27T16:51:09Z</time>
      </trkpt>
      <trkpt lat="53.155695" lon="-119.153427">
        <ele>1663.1</ele>
        <time>2025-07-27T16:51:15Z</time>
      </trkpt>
      <trkpt lat="53.155712" lon="-119.153457">
        <ele>1661.0</ele>
        <time>2025-07-27T16:51:19Z</time>
      </trkpt>
      <trkpt lat="53.155713" lon="-119.153489">
        <ele>1663.8</ele>
        <time>2025-07-27T16:51:21Z</time>
      </trkpt>
      <trkpt lat="53.155756" lon="-119.153572">
        <ele>1666.8</ele>
        <time>2025-07-27T16:51:27Z</time>
      </trkpt>
      <trkpt lat="53.155778" lon="-119.153589">
        <ele>1665.3</ele>
        <time>2025-07-27T16:51:30Z</time>
      </trkpt>
      <trkpt lat="53.155781" lon="-119.153626">
        <ele>1668.5</ele>
        <time>2025-07-27T16:51:32Z</time>
      </trkpt>
      <trkpt lat="53.155805" lon="-119.153637">
        <ele>1668.2</ele>
        <time>2025-07-27T16:51:35Z</time>
      </trkpt>
      <trkpt lat="53.155821" lon="-119.153620">
        <ele>1665.9</ele>
        <time>2025-07-27T16:51:36Z</time>
      </trkpt>
      <trkpt lat="53.155840" lon="-119.153649">
        <ele>1668.6</ele>
        <time>2025-07-27T16:51:41Z</time>
      </trkpt>
      <trkpt lat="53.155862" lon="-119.153657">
        <ele>1668.5</ele>
        <time>2025-07-27T16:51:45Z</time>
      </trkpt>
      <trkpt lat="53.155873" lon="-119.153682">
        <ele>1670.8</ele>
        <time>2025-07-27T16:51:49Z</time>
      </trkpt>
      <trkpt lat="53.155896" lon="-119.153685">
        <ele>1671.3</ele>
        <time>2025-07-27T16:52:01Z</time>
      </trkpt>
      <trkpt lat="53.155914" lon="-119.153746">
        <ele>1673.4</ele>
        <time>2025-07-27T16:52:11Z</time>
      </trkpt>
      <trkpt lat="53.155912" lon="-119.153777">
        <ele>1676.6</ele>
        <time>2025-07-27T16:52:15Z</time>
      </trkpt>
      <trkpt lat="53.155930" lon="-119.153773">
        <ele>1676.7</ele>
        <time>2025-07-27T16:52:18Z</time>
      </trkpt>
      <trkpt lat="53.155938" lon="-119.153805">
        <ele>1676.4</ele>
        <time>2025-07-27T16:52:22Z</time>
      </trkpt>
      <trkpt lat="53.155960" lon="-119.153826">
        <ele>1676.5</ele>
        <time>2025-07-27T16:52:24Z</time>
      </trkpt>
      <trkpt lat="53.156010" lon="-119.154098">
        <ele>1675.0</ele>
        <time>2025-07-27T16:52:45Z</time>
      </trkpt>
      <trkpt lat="53.156027" lon="-119.154127">
        <ele>1675.8</ele>
        <time>2025-07-27T16:52:48Z</time>
      </trkpt>
      <trkpt lat="53.156042" lon="-119.154191">
        <ele>1674.8</ele>
        <time>2025-07-27T16:52:52Z</time>
      </trkpt>
      <trkpt lat="53.156048" lon="-119.154310">
        <ele>1677.0</ele>
        <time>2025-07-27T16:53:00Z</time>
      </trkpt>
      <trkpt lat="53.156061" lon="-119.154375">
        <ele>1678.2</ele>
        <time>2025-07-27T16:53:05Z</time>
      </trkpt>
      <trkpt lat="53.156103" lon="-119.154447">
        <ele>1678.6</ele>
        <time>2025-07-27T16:53:11Z</time>
      </trkpt>
      <trkpt lat="53.156121" lon="-119.154458">
        <ele>1677.7</ele>
        <time>2025-07-27T16:53:13Z</time>
      </trkpt>
      <trkpt lat="53.156160" lon="-119.154546">
        <ele>1678.5</ele>
        <time>2025-07-27T16:53:22Z</time>
      </trkpt>
      <trkpt lat="53.156178" lon="-119.154569">
        <ele>1679.5</ele>
        <time>2025-07-27T16:53:25Z</time>
      </trkpt>
      <trkpt lat="53.156198" lon="-119.154577">
        <ele>1678.5</ele>
        <time>2025-07-27T16:53:27Z</time>
      </trkpt>
      <trkpt lat="53.156206" lon="-119.154616">
        <ele>1678.0</ele>
        <time>2025-07-27T16:53:30Z</time>
      </trkpt>
      <trkpt lat="53.156245" lon="-119.154656">
        <ele>1681.0</ele>
        <time>2025-07-27T16:53:36Z</time>
      </trkpt>
      <trkpt lat="53.156296" lon="-119.154678">
        <ele>1681.0</ele>
        <time>2025-07-27T16:53:40Z</time>
      </trkpt>
      <trkpt lat="53.156315" lon="-119.154672">
        <ele>1681.8</ele>
        <time>2025-07-27T16:53:44Z</time>
      </trkpt>
      <trkpt lat="53.156342" lon="-119.154687">
        <ele>1682.0</ele>
        <time>2025-07-27T16:53:48Z</time>
      </trkpt>
      <trkpt lat="53.156380" lon="-119.154687">
        <ele>1683.1</ele>
        <time>2025-07-27T16:53:53Z</time>
      </trkpt>
      <trkpt lat="53.156383" lon="-119.154718">
        <ele>1687.1</ele>
        <time>2025-07-27T16:53:55Z</time>
      </trkpt>
      <trkpt lat="53.156476" lon="-119.154805">
        <ele>1689.6</ele>
        <time>2025-07-27T16:54:09Z</time>
      </trkpt>
      <trkpt lat="53.156500" lon="-119.154806">
        <ele>1691.3</ele>
        <time>2025-07-27T16:54:13Z</time>
      </trkpt>
      <trkpt lat="53.156522" lon="-119.154791">
        <ele>1689.7</ele>
        <time>2025-07-27T16:54:17Z</time>
      </trkpt>
      <trkpt lat="53.156575" lon="-119.154781">
        <ele>1692.2</ele>
        <time>2025-07-27T16:54:25Z</time>
      </trkpt>
      <trkpt lat="53.156613" lon="-119.154798">
        <ele>1691.1</ele>
        <time>2025-07-27T16:54:29Z</time>
      </trkpt>
      <trkpt lat="53.156646" lon="-119.154853">
        <ele>1694.4</ele>
        <time>2025-07-27T16:54:39Z</time>
      </trkpt>
      <trkpt lat="53.156684" lon="-119.154888">
        <ele>1694.6</ele>
        <time>2025-07-27T16:54:44Z</time>
      </trkpt>
      <trkpt lat="53.156729" lon="-119.154975">
        <ele>1694.4</ele>
        <time>2025-07-27T16:54:52Z</time>
      </trkpt>
      <trkpt lat="53.156743" lon="-119.155057">
        <ele>1696.0</ele>
        <time>2025-07-27T16:55:00Z</time>
      </trkpt>
      <trkpt lat="53.156773" lon="-119.155123">
        <ele>1694.4</ele>
        <time>2025-07-27T16:55:05Z</time>
      </trkpt>
      <trkpt lat="53.156783" lon="-119.155182">
        <ele>1693.5</ele>
        <time>2025-07-27T16:55:10Z</time>
      </trkpt>
      <trkpt lat="53.156776" lon="-119.155210">
        <ele>1694.6</ele>
        <time>2025-07-27T16:55:14Z</time>
      </trkpt>
      <trkpt lat="53.156793" lon="-119.155269">
        <ele>1695.5</ele>
        <time>2025-07-27T16:55:19Z</time>
      </trkpt>
      <trkpt lat="53.156785" lon="-119.155317">
        <ele>1696.9</ele>
        <time>2025-07-27T16:55:22Z</time>
      </trkpt>
      <trkpt lat="53.156822" lon="-119.155534">
        <ele>1701.6</ele>
        <time>2025-07-27T16:55:42Z</time>
      </trkpt>
      <trkpt lat="53.156864" lon="-119.155569">
        <ele>1704.2</ele>
        <time>2025-07-27T16:55:52Z</time>
      </trkpt>
      <trkpt lat="53.156886" lon="-119.155566">
        <ele>1706.0</ele>
        <time>2025-07-27T16:55:54Z</time>
      </trkpt>
      <trkpt lat="53.156884" lon="-119.155596">
        <ele>1706.3</ele>
        <time>2025-07-27T16:55:58Z</time>
      </trkpt>
      <trkpt lat="53.156906" lon="-119.155610">
        <ele>1706.8</ele>
        <time>2025-07-27T16:56:03Z</time>
      </trkpt>
      <trkpt lat="53.156917" lon="-119.155638">
        <ele>1708.0</ele>
        <time>2025-07-27T16:56:09Z</time>
      </trkpt>
      <trkpt lat="53.156934" lon="-119.155653">
        <ele>1708.4</ele>
        <time>2025-07-27T16:56:11Z</time>
      </trkpt>
      <trkpt lat="53.156927" lon="-119.155707">
        <ele>1706.6</ele>
        <time>2025-07-27T16:56:14Z</time>
      </trkpt>
      <trkpt lat="53.156949" lon="-119.155735">
        <ele>1707.2</ele>
        <time>2025-07-27T16:56:20Z</time>
      </trkpt>
      <trkpt lat="53.156949" lon="-119.155808">
        <ele>1710.7</ele>
        <time>2025-07-27T16:56:28Z</time>
      </trkpt>
      <trkpt lat="53.156971" lon="-119.155881">
        <ele>1712.0</ele>
        <time>2025-07-27T16:56:34Z</time>
      </trkpt>
      <trkpt lat="53.156956" lon="-119.155921">
        <ele>1709.2</ele>
        <time>2025-07-27T16:56:43Z</time>
      </trkpt>
      <trkpt lat="53.156955" lon="-119.155995">
        <ele>1709.3</ele>
        <time>2025-07-27T16:56:49Z</time>
      </trkpt>
      <trkpt lat="53.157016" lon="-119.156150">
        <ele>1712.7</ele>
        <time>2025-07-27T16:57:05Z</time>
      </trkpt>
      <trkpt lat="53.157061" lon="-119.156183">
        <ele>1712.5</ele>
        <time>2025-07-27T16:57:11Z</time>
      </trkpt>
      <trkpt lat="53.157044" lon="-119.156256">
        <ele>1714.8</ele>
        <time>2025-07-27T16:57:16Z</time>
      </trkpt>
      <trkpt lat="53.157067" lon="-119.156314">
        <ele>1715.4</ele>
        <time>2025-07-27T16:57:22Z</time>
      </trkpt>
      <trkpt lat="53.157067" lon="-119.156356">
        <ele>1715.4</ele>
        <time>2025-07-27T16:57:26Z</time>
      </trkpt>
      <trkpt lat="53.157044" lon="-119.156382">
        <ele>1717.6</ele>
        <time>2025-07-27T16:57:32Z</time>
      </trkpt>
      <trkpt lat="53.157046" lon="-119.156418">
        <ele>1716.3</ele>
        <time>2025-07-27T16:57:34Z</time>
      </trkpt>
      <trkpt lat="53.157051" lon="-119.156447">
        <ele>1717.6</ele>
        <time>2025-07-27T16:57:40Z</time>
      </trkpt>
      <trkpt lat="53.157071" lon="-119.156461">
        <ele>1718.8</ele>
        <time>2025-07-27T16:57:51Z</time>
      </trkpt>
      <trkpt lat="53.157086" lon="-119.156441">
        <ele>1719.6</ele>
        <time>2025-07-27T16:57:55Z</time>
      </trkpt>
      <trkpt lat="53.157064" lon="-119.156436">
        <ele>1719.8</ele>
        <time>2025-07-27T16:58:12Z</time>
      </trkpt>
      <trkpt lat="53.157073" lon="-119.156463">
        <ele>1720.3</ele>
        <time>2025-07-27T16:58:19Z</time>
      </trkpt>
      <trkpt lat="53.157053" lon="-119.156470">
        <ele>1720.7</ele>
        <time>2025-07-27T16:58:30Z</time>
      </trkpt>
      <trkpt lat="53.157047" lon="-119.156428">
        <ele>1719.7</ele>
        <time>2025-07-27T16:58:43Z</time>
      </trkpt>
      <trkpt lat="53.157064" lon="-119.156450">
        <ele>1719.3</ele>
        <time>2025-07-27T16:58:48Z</time>
      </trkpt>
      <trkpt lat="53.157075" lon="-119.156418">
        <ele>1718.8</ele>
        <time>2025-07-27T16:59:01Z</time>
      </trkpt>
      <trkpt lat="53.157037" lon="-119.156452">
        <ele>1717.9</ele>
        <time>2025-07-27T16:59:20Z</time>
      </trkpt>
      <trkpt lat="53.157075" lon="-119.156448">
        <ele>1717.2</ele>
        <time>2025-07-27T16:59:30Z</time>
      </trkpt>
      <trkpt lat="53.157023" lon="-119.156753">
        <ele>1721.6</ele>
        <time>2025-07-27T16:59:57Z</time>
      </trkpt>
      <trkpt lat="53.157038" lon="-119.156878">
        <ele>1720.7</ele>
        <time>2025-07-27T17:00:04Z</time>
      </trkpt>
      <trkpt lat="53.156999" lon="-119.156984">
        <ele>1721.7</ele>
        <time>2025-07-27T17:00:11Z</time>
      </trkpt>
      <trkpt lat="53.157004" lon="-119.157031">
        <ele>1720.8</ele>
        <time>2025-07-27T17:00:13Z</time>
      </trkpt>
      <trkpt lat="53.156991" lon="-119.157150">
        <ele>1719.8</ele>
        <time>2025-07-27T17:00:19Z</time>
      </trkpt>
      <trkpt lat="53.157006" lon="-119.157275">
        <ele>1718.4</ele>
        <time>2025-07-27T17:00:25Z</time>
      </trkpt>
      <trkpt lat="53.157004" lon="-119.157417">
        <ele>1720.6</ele>
        <time>2025-07-27T17:00:31Z</time>
      </trkpt>
      <trkpt lat="53.157024" lon="-119.157484">
        <ele>1720.2</ele>
        <time>2025-07-27T17:00:47Z</time>
      </trkpt>
      <trkpt lat="53.157007" lon="-119.157509">
        <ele>1720.2</ele>
        <time>2025-07-27T17:00:56Z</time>
      </trkpt>
      <trkpt lat="53.157005" lon="-119.157552">
        <ele>1719.2</ele>
        <time>2025-07-27T17:00:58Z</time>
      </trkpt>
      <trkpt lat="53.157022" lon="-119.157692">
        <ele>1720.9</ele>
        <time>2025-07-27T17:01:06Z</time>
      </trkpt>
      <trkpt lat="53.157037" lon="-119.157734">
        <ele>1719.8</ele>
        <time>2025-07-27T17:01:08Z</time>
      </trkpt>
      <trkpt lat="53.157072" lon="-119.157769">
        <ele>1720.6</ele>
        <time>2025-07-27T17:01:14Z</time>
      </trkpt>
      <trkpt lat="53.157115" lon="-119.157788">
        <ele>1724.3</ele>
        <time>2025-07-27T17:01:22Z</time>
      </trkpt>
      <trkpt lat="53.157117" lon="-119.157823">
        <ele>1724.2</ele>
        <time>2025-07-27T17:01:25Z</time>
      </trkpt>
      <trkpt lat="53.157160" lon="-119.157890">
        <ele>1729.7</ele>
        <time>2025-07-27T17:01:34Z</time>
      </trkpt>
      <trkpt lat="53.157167" lon="-119.157931">
        <ele>1732.4</ele>
        <time>2025-07-27T17:01:37Z</time>
      </trkpt>
      <trkpt lat="53.157192" lon="-119.157920">
        <ele>1729.9</ele>
        <time>2025-07-27T17:01:40Z</time>
      </trkpt>
      <trkpt lat="53.157227" lon="-119.157961">
        <ele>1731.8</ele>
        <time>2025-07-27T17:01:49Z</time>
      </trkpt>
      <trkpt lat="53.157247" lon="-119.157954">
        <ele>1731.0</ele>
        <time>2025-07-27T17:01:52Z</time>
      </trkpt>
      <trkpt lat="53.157250" lon="-119.157985">
        <ele>1733.1</ele>
        <time>2025-07-27T17:01:54Z</time>
      </trkpt>
      <trkpt lat="53.157278" lon="-119.157985">
        <ele>1731.5</ele>
        <time>2025-07-27T17:01:58Z</time>
      </trkpt>
      <trkpt lat="53.157303" lon="-119.157970">
        <ele>1731.3</ele>
        <time>2025-07-27T17:02:02Z</time>
      </trkpt>
      <trkpt lat="53.157325" lon="-119.157983">
        <ele>1733.0</ele>
        <time>2025-07-27T17:02:06Z</time>
      </trkpt>
      <trkpt lat="53.157360" lon="-119.157941">
        <ele>1733.9</ele>
        <time>2025-07-27T17:02:12Z</time>
      </trkpt>
      <trkpt lat="53.157363" lon="-119.158001">
        <ele>1738.1</ele>
        <time>2025-07-27T17:02:18Z</time>
      </trkpt>
      <trkpt lat="53.157384" lon="-119.158002">
        <ele>1736.6</ele>
        <time>2025-07-27T17:02:21Z</time>
      </trkpt>
      <trkpt lat="53.157395" lon="-119.158032">
        <ele>1739.3</ele>
        <time>2025-07-27T17:02:26Z</time>
      </trkpt>
      <trkpt lat="53.157448" lon="-119.158097">
        <ele>1738.1</ele>
        <time>2025-07-27T17:02:40Z</time>
      </trkpt>
      <trkpt lat="53.157520" lon="-119.158088">
        <ele>1740.7</ele>
        <time>2025-07-27T17:02:54Z</time>
      </trkpt>
      <trkpt lat="53.157569" lon="-119.158206">
        <ele>1746.5</ele>
        <time>2025-07-27T17:03:09Z</time>
      </trkpt>
      <trkpt lat="53.157592" lon="-119.158200">
        <ele>1747.6</ele>
        <time>2025-07-27T17:03:13Z</time>
      </trkpt>
      <trkpt lat="53.157624" lon="-119.158206">
        <ele>1748.4</ele>
        <time>2025-07-27T17:03:17Z</time>
      </trkpt>
      <trkpt lat="53.157641" lon="-119.158137">
        <ele>1749.7</ele>
        <time>2025-07-27T17:03:24Z</time>
      </trkpt>
      <trkpt lat="53.157658" lon="-119.158121">
        <ele>1749.5</ele>
        <time>2025-07-27T17:03:26Z</time>
      </trkpt>
      <trkpt lat="53.157667" lon="-119.158198">
        <ele>1751.2</ele>
        <time>2025-07-27T17:03:37Z</time>
      </trkpt>
      <trkpt lat="53.157691" lon="-119.158269">
        <ele>1752.2</ele>
        <time>2025-07-27T17:03:44Z</time>
      </trkpt>
      <trkpt lat="53.157688" lon="-119.158340">
        <ele>1753.9</ele>
        <time>2025-07-27T17:03:52Z</time>
      </trkpt>
      <trkpt lat="53.157711" lon="-119.158340">
        <ele>1751.5</ele>
        <time>2025-07-27T17:03:55Z</time>
      </trkpt>
      <trkpt lat="53.157752" lon="-119.158364">
        <ele>1752.8</ele>
        <time>2025-07-27T17:04:02Z</time>
      </trkpt>
      <trkpt lat="53.157778" lon="-119.158454">
        <ele>1756.5</ele>
        <time>2025-07-27T17:04:13Z</time>
      </trkpt>
      <trkpt lat="53.157778" lon="-119.158495">
        <ele>1758.0</ele>
        <time>2025-07-27T17:04:15Z</time>
      </trkpt>
      <trkpt lat="53.157796" lon="-119.158510">
        <ele>1757.4</ele>
        <time>2025-07-27T17:04:19Z</time>
      </trkpt>
      <trkpt lat="53.157797" lon="-119.158548">
        <ele>1758.8</ele>
        <time>2025-07-27T17:04:21Z</time>
      </trkpt>
      <trkpt lat="53.157814" lon="-119.158569">
        <ele>1757.7</ele>
        <time>2025-07-27T17:04:25Z</time>
      </trkpt>
      <trkpt lat="53.157824" lon="-119.158606">
        <ele>1764.7</ele>
        <time>2025-07-27T17:04:31Z</time>
      </trkpt>
      <trkpt lat="53.157843" lon="-119.158611">
        <ele>1763.8</ele>
        <time>2025-07-27T17:04:37Z</time>
      </trkpt>
      <trkpt lat="53.157869" lon="-119.158671">
        <ele>1765.6</ele>
        <time>2025-07-27T17:04:47Z</time>
      </trkpt>
      <trkpt lat="53.157918" lon="-119.158683">
        <ele>1763.8</ele>
        <time>2025-07-27T17:04:55Z</time>
      </trkpt>
      <trkpt lat="53.157954" lon="-119.158788">
        <ele>1763.9</ele>
        <time>2025-07-27T17:05:03Z</time>
      </trkpt>
      <trkpt lat="53.157946" lon="-119.158860">
        <ele>1762.9</ele>
        <time>2025-07-27T17:05:08Z</time>
      </trkpt>
      <trkpt lat="53.157969" lon="-119.158953">
        <ele>1765.3</ele>
        <time>2025-07-27T17:05:22Z</time>
      </trkpt>
      <trkpt lat="53.157987" lon="-119.158966">
        <ele>1766.9</ele>
        <time>2025-07-27T17:05:28Z</time>
      </trkpt>
      <trkpt lat="53.158010" lon="-119.158968">
        <ele>1768.3</ele>
        <time>2025-07-27T17:05:58Z</time>
      </trkpt>
      <trkpt lat="53.158029" lon="-119.158995">
        <ele>1768.1</ele>
        <time>2025-07-27T17:06:02Z</time>
      </trkpt>
      <trkpt lat="53.158074" lon="-119.158890">
        <ele>1769.0</ele>
        <time>2025-07-27T17:06:38Z</time>
      </trkpt>
      <trkpt lat="53.158171" lon="-119.159064">
        <ele>1778.5</ele>
        <time>2025-07-27T17:07:17Z</time>
      </trkpt>
      <trkpt lat="53.158204" lon="-119.159048">
        <ele>1777.9</ele>
        <time>2025-07-27T17:07:21Z</time>
      </trkpt>
      <trkpt lat="53.158208" lon="-119.159080">
        <ele>1780.9</ele>
        <time>2025-07-27T17:07:24Z</time>
      </trkpt>
      <trkpt lat="53.158226" lon="-119.159074">
        <ele>1779.6</ele>
        <time>2025-07-27T17:07:26Z</time>
      </trkpt>
      <trkpt lat="53.158258" lon="-119.159117">
        <ele>1781.7</ele>
        <time>2025-07-27T17:07:35Z</time>
      </trkpt>
      <trkpt lat="53.158260" lon="-119.159153">
        <ele>1781.5</ele>
        <time>2025-07-27T17:07:39Z</time>
      </trkpt>
      <trkpt lat="53.158295" lon="-119.159183">
        <ele>1783.4</ele>
        <time>2025-07-27T17:07:48Z</time>
      </trkpt>
      <trkpt lat="53.158295" lon="-119.159220">
        <ele>1784.4</ele>
        <time>2025-07-27T17:07:52Z</time>
      </trkpt>
      <trkpt lat="53.158327" lon="-119.159308">
        <ele>1786.5</ele>
        <time>2025-07-27T17:08:02Z</time>
      </trkpt>
      <trkpt lat="53.158378" lon="-119.159386">
        <ele>1788.4</ele>
        <time>2025-07-27T17:08:14Z</time>
      </trkpt>
      <trkpt lat="53.158402" lon="-119.159443">
        <ele>1790.8</ele>
        <time>2025-07-27T17:08:22Z</time>
      </trkpt>
      <trkpt lat="53.158470" lon="-119.159463">
        <ele>1795.4</ele>
        <time>2025-07-27T17:08:36Z</time>
      </trkpt>
      <trkpt lat="53.158511" lon="-119.159441">
        <ele>1794.5</ele>
        <time>2025-07-27T17:08:42Z</time>
      </trkpt>
      <trkpt lat="53.158526" lon="-119.159467">
        <ele>1796.2</ele>
        <time>2025-07-27T17:08:45Z</time>
      </trkpt>
      <trkpt lat="53.158563" lon="-119.159465">
        <ele>1796.8</ele>
        <time>2025-07-27T17:08:53Z</time>
      </trkpt>
      <trkpt lat="53.158581" lon="-119.159480">
        <ele>1800.3</ele>
        <time>2025-07-27T17:08:57Z</time>
      </trkpt>
      <trkpt lat="53.158603" lon="-119.159473">
        <ele>1800.3</ele>
        <time>2025-07-27T17:09:02Z</time>
      </trkpt>
      <trkpt lat="53.158646" lon="-119.159404">
        <ele>1799.3</ele>
        <time>2025-07-27T17:09:08Z</time>
      </trkpt>
      <trkpt lat="53.158670" lon="-119.159393">
        <ele>1799.8</ele>
        <time>2025-07-27T17:09:13Z</time>
      </trkpt>
      <trkpt lat="53.158690" lon="-119.159408">
        <ele>1801.2</ele>
        <time>2025-07-27T17:09:17Z</time>
      </trkpt>
      <trkpt lat="53.158705" lon="-119.159389">
        <ele>1800.6</ele>
        <time>2025-07-27T17:09:19Z</time>
      </trkpt>
      <trkpt lat="53.158723" lon="-119.159393">
        <ele>1802.2</ele>
        <time>2025-07-27T17:09:26Z</time>
      </trkpt>
      <trkpt lat="53.158758" lon="-119.159432">
        <ele>1801.8</ele>
        <time>2025-07-27T17:09:33Z</time>
      </trkpt>
      <trkpt lat="53.158751" lon="-119.159498">
        <ele>1804.7</ele>
        <time>2025-07-27T17:09:40Z</time>
      </trkpt>
      <trkpt lat="53.158757" lon="-119.159536">
        <ele>1803.4</ele>
        <time>2025-07-27T17:09:42Z</time>
      </trkpt>
      <trkpt lat="53.158745" lon="-119.159560">
        <ele>1805.2</ele>
        <time>2025-07-27T17:09:44Z</time>
      </trkpt>
      <trkpt lat="53.158750" lon="-119.159635">
        <ele>1805.1</ele>
        <time>2025-07-27T17:09:50Z</time>
      </trkpt>
      <trkpt lat="53.158761" lon="-119.159662">
        <ele>1805.3</ele>
        <time>2025-07-27T17:09:53Z</time>
      </trkpt>
      <trkpt lat="53.158755" lon="-119.159726">
        <ele>1805.3</ele>
        <time>2025-07-27T17:09:58Z</time>
      </trkpt>
      <trkpt lat="53.158764" lon="-119.159766">
        <ele>1804.7</ele>
        <time>2025-07-27T17:10:01Z</time>
      </trkpt>
      <trkpt lat="53.158780" lon="-119.159782">
        <ele>1805.2</ele>
        <time>2025-07-27T17:10:03Z</time>
      </trkpt>
      <trkpt lat="53.158871" lon="-119.159779">
        <ele>1807.1</ele>
        <time>2025-07-27T17:10:15Z</time>
      </trkpt>
      <trkpt lat="53.158874" lon="-119.159812">
        <ele>1808.9</ele>
        <time>2025-07-27T17:10:19Z</time>
      </trkpt>
      <trkpt lat="53.158886" lon="-119.159787">
        <ele>1810.3</ele>
        <time>2025-07-27T17:10:21Z</time>
      </trkpt>
      <trkpt lat="53.158879" lon="-119.159825">
        <ele>1810.4</ele>
        <time>2025-07-27T17:10:23Z</time>
      </trkpt>
      <trkpt lat="53.158888" lon="-119.159851">
        <ele>1811.7</ele>
        <time>2025-07-27T17:10:26Z</time>
      </trkpt>
      <trkpt lat="53.158918" lon="-119.159832">
        <ele>1809.5</ele>
        <time>2025-07-27T17:10:30Z</time>
      </trkpt>
      <trkpt lat="53.159009" lon="-119.159913">
        <ele>1813.6</ele>
        <time>2025-07-27T17:10:45Z</time>
      </trkpt>
      <trkpt lat="53.159011" lon="-119.159950">
        <ele>1813.9</ele>
        <time>2025-07-27T17:10:49Z</time>
      </trkpt>
      <trkpt lat="53.159028" lon="-119.159970">
        <ele>1812.4</ele>
        <time>2025-07-27T17:10:52Z</time>
      </trkpt>
      <trkpt lat="53.159024" lon="-119.160007">
        <ele>1816.3</ele>
        <time>2025-07-27T17:10:58Z</time>
      </trkpt>
      <trkpt lat="53.159076" lon="-119.160057">
        <ele>1818.1</ele>
        <time>2025-07-27T17:11:08Z</time>
      </trkpt>
      <trkpt lat="53.159094" lon="-119.160063">
        <ele>1818.2</ele>
        <time>2025-07-27T17:11:10Z</time>
      </trkpt>
      <trkpt lat="53.159100" lon="-119.160096">
        <ele>1819.4</ele>
        <time>2025-07-27T17:11:14Z</time>
      </trkpt>
      <trkpt lat="53.159118" lon="-119.160116">
        <ele>1817.7</ele>
        <time>2025-07-27T17:11:18Z</time>
      </trkpt>
      <trkpt lat="53.159137" lon="-119.160114">
        <ele>1820.3</ele>
        <time>2025-07-27T17:11:22Z</time>
      </trkpt>
      <trkpt lat="53.159138" lon="-119.160147">
        <ele>1822.2</ele>
        <time>2025-07-27T17:11:25Z</time>
      </trkpt>
      <trkpt lat="53.159158" lon="-119.160174">
        <ele>1822.4</ele>
        <time>2025-07-27T17:11:30Z</time>
      </trkpt>
      <trkpt lat="53.159180" lon="-119.160179">
        <ele>1822.4</ele>
        <time>2025-07-27T17:11:34Z</time>
      </trkpt>
      <trkpt lat="53.159207" lon="-119.160202">
        <ele>1821.7</ele>
        <time>2025-07-27T17:11:39Z</time>
      </trkpt>
      <trkpt lat="53.159222" lon="-119.160175">
        <ele>1823.4</ele>
        <time>2025-07-27T17:11:43Z</time>
      </trkpt>
      <trkpt lat="53.159246" lon="-119.160246">
        <ele>1823.9</ele>
        <time>2025-07-27T17:11:50Z</time>
      </trkpt>
      <trkpt lat="53.159268" lon="-119.160276">
        <ele>1822.8</ele>
        <time>2025-07-27T17:11:53Z</time>
      </trkpt>
      <trkpt lat="53.159265" lon="-119.160326">
        <ele>1824.8</ele>
        <time>2025-07-27T17:11:55Z</time>
      </trkpt>
      <trkpt lat="53.159362" lon="-119.160433">
        <ele>1828.4</ele>
        <time>2025-07-27T17:12:12Z</time>
      </trkpt>
      <trkpt lat="53.159402" lon="-119.160507">
        <ele>1828.3</ele>
        <time>2025-07-27T17:12:17Z</time>
      </trkpt>
      <trkpt lat="53.159417" lon="-119.160587">
        <ele>1827.6</ele>
        <time>2025-07-27T17:12:23Z</time>
      </trkpt>
      <trkpt lat="53.159446" lon="-119.160636">
        <ele>1826.7</ele>
        <time>2025-07-27T17:12:29Z</time>
      </trkpt>
      <trkpt lat="53.159462" lon="-119.160702">
        <ele>1828.6</ele>
        <time>2025-07-27T17:12:34Z</time>
      </trkpt>
      <trkpt lat="53.159499" lon="-119.160733">
        <ele>1828.3</ele>
        <time>2025-07-27T17:12:41Z</time>
      </trkpt>
      <trkpt lat="53.159516" lon="-119.160761">
        <ele>1830.9</ele>
        <time>2025-07-27T17:12:44Z</time>
      </trkpt>
      <trkpt lat="53.159530" lon="-119.160741">
        <ele>1830.5</ele>
        <time>2025-07-27T17:12:46Z</time>
      </trkpt>
      <trkpt lat="53.159566" lon="-119.160772">
        <ele>1833.7</ele>
        <time>2025-07-27T17:12:56Z</time>
      </trkpt>
      <trkpt lat="53.159608" lon="-119.160868">
        <ele>1836.8</ele>
        <time>2025-07-27T17:13:11Z</time>
      </trkpt>
      <trkpt lat="53.159647" lon="-119.160903">
        <ele>1835.4</ele>
        <time>2025-07-27T17:13:18Z</time>
      </trkpt>
      <trkpt lat="53.159673" lon="-119.160963">
        <ele>1839.6</ele>
        <time>2025-07-27T17:13:25Z</time>
      </trkpt>
      <trkpt lat="53.159695" lon="-119.160966">
        <ele>1838.5</ele>
        <time>2025-07-27T17:13:31Z</time>
      </trkpt>
      <trkpt lat="53.159725" lon="-119.161056">
        <ele>1839.5</ele>
        <time>2025-07-27T17:13:45Z</time>
      </trkpt>
      <trkpt lat="53.159732" lon="-119.161172">
        <ele>1840.0</ele>
        <time>2025-07-27T17:13:53Z</time>
      </trkpt>
      <trkpt lat="53.159725" lon="-119.161210">
        <ele>1841.7</ele>
        <time>2025-07-27T17:13:59Z</time>
      </trkpt>
      <trkpt lat="53.159744" lon="-119.161275">
        <ele>1841.3</ele>
        <time>2025-07-27T17:14:12Z</time>
      </trkpt>
      <trkpt lat="53.159775" lon="-119.161170">
        <ele>1843.1</ele>
        <time>2025-07-27T17:14:49Z</time>
      </trkpt>
      <trkpt lat="53.159831" lon="-119.161095">
        <ele>1845.1</ele>
        <time>2025-07-27T17:15:05Z</time>
      </trkpt>
      <trkpt lat="53.159840" lon="-119.161021">
        <ele>1846.1</ele>
        <time>2025-07-27T17:15:12Z</time>
      </trkpt>
      <trkpt lat="53.159866" lon="-119.160968">
        <ele>1848.1</ele>
        <time>2025-07-27T17:15:20Z</time>
      </trkpt>
      <trkpt lat="53.159905" lon="-119.160930">
        <ele>1851.4</ele>
        <time>2025-07-27T17:15:29Z</time>
      </trkpt>
      <trkpt lat="53.159918" lon="-119.160900">
        <ele>1851.1</ele>
        <time>2025-07-27T17:15:32Z</time>
      </trkpt>
      <trkpt lat="53.159929" lon="-119.160823">
        <ele>1850.8</ele>
        <time>2025-07-27T17:15:39Z</time>
      </trkpt>
      <trkpt lat="53.159953" lon="-119.160810">
        <ele>1853.5</ele>
        <time>2025-07-27T17:15:47Z</time>
      </trkpt>
      <trkpt lat="53.159963" lon="-119.160714">
        <ele>1854.4</ele>
        <time>2025-07-27T17:15:53Z</time>
      </trkpt>
      <trkpt lat="53.159983" lon="-119.160689">
        <ele>1855.2</ele>
        <time>2025-07-27T17:15:56Z</time>
      </trkpt>
      <trkpt lat="53.160044" lon="-119.160815">
        <ele>1859.9</ele>
        <time>2025-07-27T17:16:16Z</time>
      </trkpt>
      <trkpt lat="53.160067" lon="-119.160827">
        <ele>1859.1</ele>
        <time>2025-07-27T17:16:19Z</time>
      </trkpt>
      <trkpt lat="53.160063" lon="-119.160891">
        <ele>1860.6</ele>
        <time>2025-07-27T17:16:25Z</time>
      </trkpt>
      <trkpt lat="53.160077" lon="-119.160998">
        <ele>1861.1</ele>
        <time>2025-07-27T17:16:36Z</time>
      </trkpt>
      <trkpt lat="53.160095" lon="-119.161007">
        <ele>1860.7</ele>
        <time>2025-07-27T17:16:39Z</time>
      </trkpt>
      <trkpt lat="53.160097" lon="-119.161041">
        <ele>1863.5</ele>
        <time>2025-07-27T17:16:43Z</time>
      </trkpt>
      <trkpt lat="53.160124" lon="-119.161094">
        <ele>1864.8</ele>
        <time>2025-07-27T17:16:50Z</time>
      </trkpt>
      <trkpt lat="53.160149" lon="-119.161090">
        <ele>1864.2</ele>
        <time>2025-07-27T17:16:54Z</time>
      </trkpt>
      <trkpt lat="53.160211" lon="-119.161131">
        <ele>1865.6</ele>
        <time>2025-07-27T17:17:28Z</time>
      </trkpt>
      <trkpt lat="53.160228" lon="-119.161155">
        <ele>1866.7</ele>
        <time>2025-07-27T17:17:31Z</time>
      </trkpt>
      <trkpt lat="53.160225" lon="-119.161021">
        <ele>1869.0</ele>
        <time>2025-07-27T17:18:22Z</time>
      </trkpt>
      <trkpt lat="53.160213" lon="-119.161051">
        <ele>1869.0</ele>
        <time>2025-07-27T17:24:37Z</time>
      </trkpt>
      <trkpt lat="53.160226" lon="-119.161075">
        <ele>1869.1</ele>
        <time>2025-07-27T17:29:29Z</time>
      </trkpt>
      <trkpt lat="53.160228" lon="-119.161106">
        <ele>1870.1</ele>
        <time>2025-07-27T17:30:30Z</time>
      </trkpt>
      <trkpt lat="53.160214" lon="-119.161126">
        <ele>1869.0</ele>
        <time>2025-07-27T17:30:36Z</time>
      </trkpt>
      <trkpt lat="53.160238" lon="-119.161248">
        <ele>1870.4</ele>
        <time>2025-07-27T17:30:44Z</time>
      </trkpt>
      <trkpt lat="53.160273" lon="-119.161292">
        <ele>1869.3</ele>
        <time>2025-07-27T17:30:49Z</time>
      </trkpt>
      <trkpt lat="53.160288" lon="-119.161354">
        <ele>1871.0</ele>
        <time>2025-07-27T17:30:54Z</time>
      </trkpt>
      <trkpt lat="53.160417" lon="-119.161580">
        <ele>1874.8</ele>
        <time>2025-07-27T17:31:16Z</time>
      </trkpt>
      <trkpt lat="53.160477" lon="-119.161646">
        <ele>1874.9</ele>
        <time>2025-07-27T17:31:26Z</time>
      </trkpt>
      <trkpt lat="53.160503" lon="-119.161718">
        <ele>1877.2</ele>
        <time>2025-07-27T17:31:31Z</time>
      </trkpt>
      <trkpt lat="53.160551" lon="-119.161806">
        <ele>1879.8</ele>
        <time>2025-07-27T17:31:41Z</time>
      </trkpt>
      <trkpt lat="53.160589" lon="-119.161830">
        <ele>1880.7</ele>
        <time>2025-07-27T17:31:48Z</time>
      </trkpt>
      <trkpt lat="53.160605" lon="-119.161852">
        <ele>1881.7</ele>
        <time>2025-07-27T17:31:51Z</time>
      </trkpt>
      <trkpt lat="53.160633" lon="-119.161848">
        <ele>1881.4</ele>
        <time>2025-07-27T17:31:54Z</time>
      </trkpt>
      <trkpt lat="53.160687" lon="-119.161953">
        <ele>1883.6</ele>
        <time>2025-07-27T17:32:05Z</time>
      </trkpt>
      <trkpt lat="53.160725" lon="-119.161983">
        <ele>1883.8</ele>
        <time>2025-07-27T17:32:09Z</time>
      </trkpt>
      <trkpt lat="53.160775" lon="-119.162058">
        <ele>1887.9</ele>
        <time>2025-07-27T17:32:17Z</time>
      </trkpt>
      <trkpt lat="53.160792" lon="-119.162043">
        <ele>1885.6</ele>
        <time>2025-07-27T17:32:19Z</time>
      </trkpt>
      <trkpt lat="53.160847" lon="-119.162050">
        <ele>1886.7</ele>
        <time>2025-07-27T17:32:28Z</time>
      </trkpt>
      <trkpt lat="53.160865" lon="-119.162067">
        <ele>1889.5</ele>
        <time>2025-07-27T17:32:30Z</time>
      </trkpt>
      <trkpt lat="53.160894" lon="-119.162073">
        <ele>1890.2</ele>
        <time>2025-07-27T17:32:33Z</time>
      </trkpt>
      <trkpt lat="53.160943" lon="-119.162038">
        <ele>1888.9</ele>
        <time>2025-07-27T17:32:38Z</time>
      </trkpt>
      <trkpt lat="53.160962" lon="-119.162095">
        <ele>1888.6</ele>
        <time>2025-07-27T17:32:43Z</time>
      </trkpt>
      <trkpt lat="53.161068" lon="-119.162188">
        <ele>1888.7</ele>
        <time>2025-07-27T17:32:58Z</time>
      </trkpt>
      <trkpt lat="53.161135" lon="-119.162306">
        <ele>1893.1</ele>
        <time>2025-07-27T17:33:11Z</time>
      </trkpt>
      <trkpt lat="53.161192" lon="-119.162353">
        <ele>1891.9</ele>
        <time>2025-07-27T17:33:17Z</time>
      </trkpt>
      <trkpt lat="53.161216" lon="-119.162410">
        <ele>1894.3</ele>
        <time>2025-07-27T17:33:22Z</time>
      </trkpt>
      <trkpt lat="53.161235" lon="-119.162400">
        <ele>1893.7</ele>
        <time>2025-07-27T17:33:24Z</time>
      </trkpt>
      <trkpt lat="53.161276" lon="-119.162401">
        <ele>1896.7</ele>
        <time>2025-07-27T17:33:31Z</time>
      </trkpt>
      <trkpt lat="53.161334" lon="-119.162423">
        <ele>1895.6</ele>
        <time>2025-07-27T17:33:40Z</time>
      </trkpt>
      <trkpt lat="53.161380" lon="-119.162416">
        <ele>1896.6</ele>
        <time>2025-07-27T17:33:46Z</time>
      </trkpt>
      <trkpt lat="53.161397" lon="-119.162432">
        <ele>1898.8</ele>
        <time>2025-07-27T17:33:48Z</time>
      </trkpt>
      <trkpt lat="53.161421" lon="-119.162426">
        <ele>1898.0</ele>
        <time>2025-07-27T17:33:50Z</time>
      </trkpt>
      <trkpt lat="53.161439" lon="-119.162460">
        <ele>1899.1</ele>
        <time>2025-07-27T17:33:53Z</time>
      </trkpt>
      <trkpt lat="53.161458" lon="-119.162463">
        <ele>1898.2</ele>
        <time>2025-07-27T17:33:54Z</time>
      </trkpt>
      <trkpt lat="53.161500" lon="-119.162508">
        <ele>1899.4</ele>
        <time>2025-07-27T17:33:59Z</time>
      </trkpt>
      <trkpt lat="53.161523" lon="-119.162507">
        <ele>1899.1</ele>
        <time>2025-07-27T17:34:03Z</time>
      </trkpt>
      <trkpt lat="53.161544" lon="-119.162518">
        <ele>1901.1</ele>
        <time>2025-07-27T17:34:06Z</time>
      </trkpt>
      <trkpt lat="53.161586" lon="-119.162566">
        <ele>1902.5</ele>
        <time>2025-07-27T17:34:13Z</time>
      </trkpt>
      <trkpt lat="53.161624" lon="-119.162549">
        <ele>1899.8</ele>
        <time>2025-07-27T17:34:18Z</time>
      </trkpt>
      <trkpt lat="53.161647" lon="-119.162637">
        <ele>1900.3</ele>
        <time>2025-07-27T17:34:22Z</time>
      </trkpt>
      <trkpt lat="53.161668" lon="-119.162677">
        <ele>1900.9</ele>
        <time>2025-07-27T17:34:25Z</time>
      </trkpt>
      <trkpt lat="53.161704" lon="-119.162711">
        <ele>1901.7</ele>
        <time>2025-07-27T17:34:30Z</time>
      </trkpt>
      <trkpt lat="53.161718" lon="-119.162740">
        <ele>1903.5</ele>
        <time>2025-07-27T17:34:33Z</time>
      </trkpt>
      <trkpt lat="53.161736" lon="-119.162747">
        <ele>1902.1</ele>
        <time>2025-07-27T17:34:36Z</time>
      </trkpt>
      <trkpt lat="53.161759" lon="-119.162795">
        <ele>1905.3</ele>
        <time>2025-07-27T17:35:28Z</time>
      </trkpt>
      <trkpt lat="53.161777" lon="-119.162774">
        <ele>1905.5</ele>
        <time>2025-07-27T17:35:31Z</time>
      </trkpt>
      <trkpt lat="53.161815" lon="-119.162565">
        <ele>1907.8</ele>
        <time>2025-07-27T17:35:57Z</time>
      </trkpt>
      <trkpt lat="53.161827" lon="-119.162538">
        <ele>1908.4</ele>
        <time>2025-07-27T17:35:58Z</time>
      </trkpt>
      <trkpt lat="53.161819" lon="-119.162386">
        <ele>1909.2</ele>
        <time>2025-07-27T17:36:10Z</time>
      </trkpt>
      <trkpt lat="53.161831" lon="-119.162316">
        <ele>1908.6</ele>
        <time>2025-07-27T17:36:14Z</time>
      </trkpt>
      <trkpt lat="53.161822" lon="-119.162283">
        <ele>1909.0</ele>
        <time>2025-07-27T17:36:16Z</time>
      </trkpt>
      <trkpt lat="53.161841" lon="-119.162160">
        <ele>1911.5</ele>
        <time>2025-07-27T17:36:27Z</time>
      </trkpt>
      <trkpt lat="53.161871" lon="-119.162061">
        <ele>1915.4</ele>
        <time>2025-07-27T17:36:39Z</time>
      </trkpt>
      <trkpt lat="53.161897" lon="-119.162044">
        <ele>1916.4</ele>
        <time>2025-07-27T17:36:41Z</time>
      </trkpt>
      <trkpt lat="53.161899" lon="-119.162011">
        <ele>1915.8</ele>
        <time>2025-07-27T17:36:43Z</time>
      </trkpt>
      <trkpt lat="53.161920" lon="-119.161988">
        <ele>1917.5</ele>
        <time>2025-07-27T17:36:48Z</time>
      </trkpt>
      <trkpt lat="53.161948" lon="-119.161925">
        <ele>1918.0</ele>
        <time>2025-07-27T17:36:56Z</time>
      </trkpt>
      <trkpt lat="53.161964" lon="-119.161822">
        <ele>1918.5</ele>
        <time>2025-07-27T17:37:04Z</time>
      </trkpt>
      <trkpt lat="53.161993" lon="-119.161787">
        <ele>1918.7</ele>
        <time>2025-07-27T17:37:07Z</time>
      </trkpt>
      <trkpt lat="53.161992" lon="-119.161746">
        <ele>1919.0</ele>
        <time>2025-07-27T17:37:12Z</time>
      </trkpt>
      <trkpt lat="53.162008" lon="-119.161719">
        <ele>1918.9</ele>
        <time>2025-07-27T17:37:15Z</time>
      </trkpt>
      <trkpt lat="53.162010" lon="-119.161653">
        <ele>1920.1</ele>
        <time>2025-07-27T17:37:20Z</time>
      </trkpt>
      <trkpt lat="53.162028" lon="-119.161623">
        <ele>1920.7</ele>
        <time>2025-07-27T17:37:22Z</time>
      </trkpt>
      <trkpt lat="53.162034" lon="-119.161559">
        <ele>1920.1</ele>
        <time>2025-07-27T17:37:28Z</time>
      </trkpt>
      <trkpt lat="53.162026" lon="-119.161521">
        <ele>1921.3</ele>
        <time>2025-07-27T17:37:31Z</time>
      </trkpt>
      <trkpt lat="53.162055" lon="-119.161470">
        <ele>1921.8</ele>
        <time>2025-07-27T17:37:39Z</time>
      </trkpt>
      <trkpt lat="53.162080" lon="-119.161364">
        <ele>1924.6</ele>
        <time>2025-07-27T17:37:52Z</time>
      </trkpt>
      <trkpt lat="53.162129" lon="-119.161270">
        <ele>1923.7</ele>
        <time>2025-07-27T17:38:04Z</time>
      </trkpt>
      <trkpt lat="53.162163" lon="-119.161144">
        <ele>1926.8</ele>
        <time>2025-07-27T17:38:20Z</time>
      </trkpt>
      <trkpt lat="53.162184" lon="-119.161127">
        <ele>1930.2</ele>
        <time>2025-07-27T17:38:25Z</time>
      </trkpt>
      <trkpt lat="53.162190" lon="-119.161091">
        <ele>1930.6</ele>
        <time>2025-07-27T17:38:28Z</time>
      </trkpt>
      <trkpt lat="53.162215" lon="-119.161043">
        <ele>1933.7</ele>
        <time>2025-07-27T17:38:34Z</time>
      </trkpt>
      <trkpt lat="53.162213" lon="-119.160971">
        <ele>1931.7</ele>
        <time>2025-07-27T17:38:43Z</time>
      </trkpt>
      <trkpt lat="53.162227" lon="-119.160944">
        <ele>1932.5</ele>
        <time>2025-07-27T17:38:46Z</time>
      </trkpt>
      <trkpt lat="53.162234" lon="-119.160881">
        <ele>1934.0</ele>
        <time>2025-07-27T17:38:55Z</time>
      </trkpt>
      <trkpt lat="53.162253" lon="-119.160889">
        <ele>1937.2</ele>
        <time>2025-07-27T17:39:09Z</time>
      </trkpt>
      <trkpt lat="53.162232" lon="-119.160892">
        <ele>1937.0</ele>
        <time>2025-07-27T17:39:17Z</time>
      </trkpt>
      <trkpt lat="53.162215" lon="-119.160870">
        <ele>1939.0</ele>
        <time>2025-07-27T17:39:22Z</time>
      </trkpt>
      <trkpt lat="53.162262" lon="-119.160863">
        <ele>1939.0</ele>
        <time>2025-07-27T17:39:34Z</time>
      </trkpt>
      <trkpt lat="53.162278" lon="-119.160828">
        <ele>1941.1</ele>
        <time>2025-07-27T17:39:46Z</time>
      </trkpt>
      <trkpt lat="53.162316" lon="-119.160797">
        <ele>1942.8</ele>
        <time>2025-07-27T17:39:53Z</time>
      </trkpt>
      <trkpt lat="53.162405" lon="-119.160607">
        <ele>1946.1</ele>
        <time>2025-07-27T17:40:25Z</time>
      </trkpt>
      <trkpt lat="53.162421" lon="-119.160620">
        <ele>1947.8</ele>
        <time>2025-07-27T17:40:34Z</time>
      </trkpt>
      <trkpt lat="53.162446" lon="-119.160561">
        <ele>1946.9</ele>
        <time>2025-07-27T17:40:41Z</time>
      </trkpt>
      <trkpt lat="53.162464" lon="-119.160549">
        <ele>1949.0</ele>
        <time>2025-07-27T17:40:45Z</time>
      </trkpt>
      <trkpt lat="53.162492" lon="-119.160441">
        <ele>1950.2</ele>
        <time>2025-07-27T17:40:55Z</time>
      </trkpt>
      <trkpt lat="53.162513" lon="-119.160434">
        <ele>1951.0</ele>
        <time>2025-07-27T17:41:02Z</time>
      </trkpt>
      <trkpt lat="53.162556" lon="-119.160395">
        <ele>1951.5</ele>
        <time>2025-07-27T17:41:07Z</time>
      </trkpt>
      <trkpt lat="53.162588" lon="-119.160321">
        <ele>1952.3</ele>
        <time>2025-07-27T17:41:12Z</time>
      </trkpt>
      <trkpt lat="53.162547" lon="-119.160305">
        <ele>1951.2</ele>
        <time>2025-07-27T17:41:17Z</time>
      </trkpt>
      <trkpt lat="53.162576" lon="-119.160240">
        <ele>1947.4</ele>
        <time>2025-07-27T17:41:25Z</time>
      </trkpt>
      <trkpt lat="53.162562" lon="-119.160064">
        <ele>1951.3</ele>
        <time>2025-07-27T17:41:41Z</time>
      </trkpt>
      <trkpt lat="53.162581" lon="-119.159998">
        <ele>1951.7</ele>
        <time>2025-07-27T17:41:47Z</time>
      </trkpt>
      <trkpt lat="53.162580" lon="-119.159935">
        <ele>1952.8</ele>
        <time>2025-07-27T17:41:53Z</time>
      </trkpt>
      <trkpt lat="53.162597" lon="-119.159952">
        <ele>1954.2</ele>
        <time>2025-07-27T17:41:58Z</time>
      </trkpt>
      <trkpt lat="53.162634" lon="-119.159917">
        <ele>1955.9</ele>
        <time>2025-07-27T17:42:03Z</time>
      </trkpt>
      <trkpt lat="53.162642" lon="-119.159848">
        <ele>1956.4</ele>
        <time>2025-07-27T17:42:07Z</time>
      </trkpt>
      <trkpt lat="53.162734" lon="-119.159685">
        <ele>1960.8</ele>
        <time>2025-07-27T17:42:34Z</time>
      </trkpt>
      <trkpt lat="53.162723" lon="-119.159655">
        <ele>1960.0</ele>
        <time>2025-07-27T17:42:38Z</time>
      </trkpt>
      <trkpt lat="53.162742" lon="-119.159667">
        <ele>1958.8</ele>
        <time>2025-07-27T17:42:39Z</time>
      </trkpt>
      <trkpt lat="53.162766" lon="-119.159649">
        <ele>1960.4</ele>
        <time>2025-07-27T17:42:42Z</time>
      </trkpt>
      <trkpt lat="53.162775" lon="-119.159567">
        <ele>1960.7</ele>
        <time>2025-07-27T17:42:48Z</time>
      </trkpt>
      <trkpt lat="53.162802" lon="-119.159541">
        <ele>1961.7</ele>
        <time>2025-07-27T17:42:49Z</time>
      </trkpt>
      <trkpt lat="53.162812" lon="-119.159513">
        <ele>1961.1</ele>
        <time>2025-07-27T17:42:53Z</time>
      </trkpt>
      <trkpt lat="53.162819" lon="-119.159463">
        <ele>1961.7</ele>
        <time>2025-07-27T17:42:55Z</time>
      </trkpt>
      <trkpt lat="53.162811" lon="-119.159429">
        <ele>1960.7</ele>
        <time>2025-07-27T17:42:59Z</time>
      </trkpt>
      <trkpt lat="53.162841" lon="-119.159439">
        <ele>1959.4</ele>
        <time>2025-07-27T17:43:03Z</time>
      </trkpt>
      <trkpt lat="53.162868" lon="-119.159431">
        <ele>1962.8</ele>
        <time>2025-07-27T17:43:07Z</time>
      </trkpt>
      <trkpt lat="53.162888" lon="-119.159405">
        <ele>1963.4</ele>
        <time>2025-07-27T17:43:09Z</time>
      </trkpt>
      <trkpt lat="53.162908" lon="-119.159346">
        <ele>1964.2</ele>
        <time>2025-07-27T17:43:16Z</time>
      </trkpt>
      <trkpt lat="53.162963" lon="-119.159284">
        <ele>1966.5</ele>
        <time>2025-07-27T17:43:27Z</time>
      </trkpt>
      <trkpt lat="53.162971" lon="-119.159254">
        <ele>1966.9</ele>
        <time>2025-07-27T17:43:31Z</time>
      </trkpt>
      <trkpt lat="53.163001" lon="-119.159243">
        <ele>1966.9</ele>
        <time>2025-07-27T17:43:34Z</time>
      </trkpt>
      <trkpt lat="53.163025" lon="-119.159213">
        <ele>1968.3</ele>
        <time>2025-07-27T17:43:39Z</time>
      </trkpt>
      <trkpt lat="53.163047" lon="-119.159147">
        <ele>1969.9</ele>
        <time>2025-07-27T17:43:46Z</time>
      </trkpt>
      <trkpt lat="53.163041" lon="-119.159100">
        <ele>1968.4</ele>
        <time>2025-07-27T17:43:50Z</time>
      </trkpt>
      <trkpt lat="53.163135" lon="-119.158982">
        <ele>1970.8</ele>
        <time>2025-07-27T17:44:09Z</time>
      </trkpt>
      <trkpt lat="53.163156" lon="-119.158970">
        <ele>1970.8</ele>
        <time>2025-07-27T17:44:12Z</time>
      </trkpt>
      <trkpt lat="53.163196" lon="-119.158906">
        <ele>1971.4</ele>
        <time>2025-07-27T17:44:22Z</time>
      </trkpt>
      <trkpt lat="53.163210" lon="-119.158923">
        <ele>1972.8</ele>
        <time>2025-07-27T17:44:26Z</time>
      </trkpt>
      <trkpt lat="53.163214" lon="-119.158954">
        <ele>1974.9</ele>
        <time>2025-07-27T17:44:31Z</time>
      </trkpt>
      <trkpt lat="53.163329" lon="-119.158889">
        <ele>1978.9</ele>
        <time>2025-07-27T17:44:48Z</time>
      </trkpt>
      <trkpt lat="53.163369" lon="-119.158801">
        <ele>1981.3</ele>
        <time>2025-07-27T17:44:57Z</time>
      </trkpt>
      <trkpt lat="53.163406" lon="-119.158773">
        <ele>1983.0</ele>
        <time>2025-07-27T17:45:02Z</time>
      </trkpt>
      <trkpt lat="53.163419" lon="-119.158744">
        <ele>1983.4</ele>
        <time>2025-07-27T17:45:05Z</time>
      </trkpt>
      <trkpt lat="53.163441" lon="-119.158747">
        <ele>1984.1</ele>
        <time>2025-07-27T17:45:09Z</time>
      </trkpt>
      <trkpt lat="53.163477" lon="-119.158697">
        <ele>1983.3</ele>
        <time>2025-07-27T17:45:25Z</time>
      </trkpt>
      <trkpt lat="53.163484" lon="-119.158651">
        <ele>1982.1</ele>
        <time>2025-07-27T17:45:29Z</time>
      </trkpt>
      <trkpt lat="53.163509" lon="-119.158587">
        <ele>1983.4</ele>
        <time>2025-07-27T17:45:34Z</time>
      </trkpt>
      <trkpt lat="53.163502" lon="-119.158542">
        <ele>1983.0</ele>
        <time>2025-07-27T17:45:38Z</time>
      </trkpt>
      <trkpt lat="53.163583" lon="-119.158476">
        <ele>1988.0</ele>
        <time>2025-07-27T17:45:53Z</time>
      </trkpt>
      <trkpt lat="53.163593" lon="-119.158445">
        <ele>1989.4</ele>
        <time>2025-07-27T17:45:56Z</time>
      </trkpt>
      <trkpt lat="53.163642" lon="-119.158404">
        <ele>1988.7</ele>
        <time>2025-07-27T17:46:01Z</time>
      </trkpt>
      <trkpt lat="53.163672" lon="-119.158317">
        <ele>1990.1</ele>
        <time>2025-07-27T17:46:12Z</time>
      </trkpt>
      <trkpt lat="53.163679" lon="-119.158253">
        <ele>1987.7</ele>
        <time>2025-07-27T17:46:16Z</time>
      </trkpt>
      <trkpt lat="53.163710" lon="-119.158241">
        <ele>1990.9</ele>
        <time>2025-07-27T17:46:25Z</time>
      </trkpt>
      <trkpt lat="53.163722" lon="-119.158207">
        <ele>1990.8</ele>
        <time>2025-07-27T17:46:28Z</time>
      </trkpt>
      <trkpt lat="53.163721" lon="-119.158172">
        <ele>1991.4</ele>
        <time>2025-07-27T17:46:31Z</time>
      </trkpt>
      <trkpt lat="53.163742" lon="-119.158084">
        <ele>1991.4</ele>
        <time>2025-07-27T17:46:39Z</time>
      </trkpt>
      <trkpt lat="53.163786" lon="-119.158028">
        <ele>1993.5</ele>
        <time>2025-07-27T17:46:47Z</time>
      </trkpt>
      <trkpt lat="53.163772" lon="-119.158004">
        <ele>1992.3</ele>
        <time>2025-07-27T17:46:54Z</time>
      </trkpt>
      <trkpt lat="53.163788" lon="-119.157978">
        <ele>1994.2</ele>
        <time>2025-07-27T17:47:35Z</time>
      </trkpt>
      <trkpt lat="53.163786" lon="-119.158009">
        <ele>1997.3</ele>
        <time>2025-07-27T17:48:00Z</time>
      </trkpt>
      <trkpt lat="53.163823" lon="-119.158002">
        <ele>1997.3</ele>
        <time>2025-07-27T17:48:23Z</time>
      </trkpt>
      <trkpt lat="53.163784" lon="-119.157959">
        <ele>1993.1</ele>
        <time>2025-07-27T17:48:57Z</time>
      </trkpt>
      <trkpt lat="53.163803" lon="-119.157923">
        <ele>1992.7</ele>
        <time>2025-07-27T17:49:01Z</time>
      </trkpt>
      <trkpt lat="53.163866" lon="-119.157886">
        <ele>1995.2</ele>
        <time>2025-07-27T17:49:08Z</time>
      </trkpt>
      <trkpt lat="53.163896" lon="-119.157805">
        <ele>1995.3</ele>
        <time>2025-07-27T17:49:18Z</time>
      </trkpt>
      <trkpt lat="53.163935" lon="-119.157751">
        <ele>1997.0</ele>
        <time>2025-07-27T17:49:23Z</time>
      </trkpt>
      <trkpt lat="53.163957" lon="-119.157694">
        <ele>1999.5</ele>
        <time>2025-07-27T17:49:34Z</time>
      </trkpt>
      <trkpt lat="53.163977" lon="-119.157688">
        <ele>2000.3</ele>
        <time>2025-07-27T17:49:37Z</time>
      </trkpt>
      <trkpt lat="53.163989" lon="-119.157624">
        <ele>1999.9</ele>
        <time>2025-07-27T17:49:45Z</time>
      </trkpt>
      <trkpt lat="53.163976" lon="-119.157603">
        <ele>1997.1</ele>
        <time>2025-07-27T17:49:48Z</time>
      </trkpt>
      <trkpt lat="53.164029" lon="-119.157542">
        <ele>2003.4</ele>
        <time>2025-07-27T17:50:03Z</time>
      </trkpt>
      <trkpt lat="53.164028" lon="-119.157511">
        <ele>2001.3</ele>
        <time>2025-07-27T17:50:07Z</time>
      </trkpt>
      <trkpt lat="53.164083" lon="-119.157476">
        <ele>2005.2</ele>
        <time>2025-07-27T17:50:16Z</time>
      </trkpt>
      <trkpt lat="53.164052" lon="-119.157435">
        <ele>2001.5</ele>
        <time>2025-07-27T17:50:50Z</time>
      </trkpt>
      <trkpt lat="53.164095" lon="-119.157473">
        <ele>2002.3</ele>
        <time>2025-07-27T17:51:40Z</time>
      </trkpt>
      <trkpt lat="53.164170" lon="-119.157447">
        <ele>2003.6</ele>
        <time>2025-07-27T17:51:50Z</time>
      </trkpt>
      <trkpt lat="53.164181" lon="-119.157417">
        <ele>2003.5</ele>
        <time>2025-07-27T17:51:53Z</time>
      </trkpt>
      <trkpt lat="53.164252" lon="-119.157324">
        <ele>2008.9</ele>
        <time>2025-07-27T17:52:05Z</time>
      </trkpt>
      <trkpt lat="53.164295" lon="-119.157222">
        <ele>2010.9</ele>
        <time>2025-07-27T17:52:14Z</time>
      </trkpt>
      <trkpt lat="53.164343" lon="-119.157145">
        <ele>2012.0</ele>
        <time>2025-07-27T17:52:24Z</time>
      </trkpt>
      <trkpt lat="53.164359" lon="-119.157085">
        <ele>2011.5</ele>
        <time>2025-07-27T17:52:32Z</time>
      </trkpt>
      <trkpt lat="53.164385" lon="-119.157094">
        <ele>2012.3</ele>
        <time>2025-07-27T17:52:37Z</time>
      </trkpt>
      <trkpt lat="53.164419" lon="-119.157069">
        <ele>2012.0</ele>
        <time>2025-07-27T17:52:40Z</time>
      </trkpt>
      <trkpt lat="53.164488" lon="-119.156958">
        <ele>2012.6</ele>
        <time>2025-07-27T17:52:52Z</time>
      </trkpt>
      <trkpt lat="53.164512" lon="-119.156953">
        <ele>2014.5</ele>
        <time>2025-07-27T17:52:57Z</time>
      </trkpt>
      <trkpt lat="53.164532" lon="-119.156936">
        <ele>2015.7</ele>
        <time>2025-07-27T17:53:00Z</time>
      </trkpt>
      <trkpt lat="53.164536" lon="-119.156896">
        <ele>2016.3</ele>
        <time>2025-07-27T17:53:04Z</time>
      </trkpt>
      <trkpt lat="53.164585" lon="-119.156926">
        <ele>2018.7</ele>
        <time>2025-07-27T17:53:35Z</time>
      </trkpt>
      <trkpt lat="53.164619" lon="-119.156900">
        <ele>2021.5</ele>
        <time>2025-07-27T17:53:42Z</time>
      </trkpt>
      <trkpt lat="53.164648" lon="-119.156914">
        <ele>2023.4</ele>
        <time>2025-07-27T17:53:46Z</time>
      </trkpt>
      <trkpt lat="53.164672" lon="-119.156896">
        <ele>2023.4</ele>
        <time>2025-07-27T17:53:49Z</time>
      </trkpt>
      <trkpt lat="53.164733" lon="-119.156750">
        <ele>2021.7</ele>
        <time>2025-07-27T17:53:59Z</time>
      </trkpt>
      <trkpt lat="53.164749" lon="-119.156734">
        <ele>2021.0</ele>
        <time>2025-07-27T17:54:04Z</time>
      </trkpt>
      <trkpt lat="53.164808" lon="-119.156716">
        <ele>2025.0</ele>
        <time>2025-07-27T17:54:16Z</time>
      </trkpt>
      <trkpt lat="53.164843" lon="-119.156676">
        <ele>2024.4</ele>
        <time>2025-07-27T17:54:22Z</time>
      </trkpt>
      <trkpt lat="53.164889" lon="-119.156667">
        <ele>2027.8</ele>
        <time>2025-07-27T17:54:29Z</time>
      </trkpt>
      <trkpt lat="53.164940" lon="-119.156606">
        <ele>2028.0</ele>
        <time>2025-07-27T17:54:37Z</time>
      </trkpt>
      <trkpt lat="53.164981" lon="-119.156583">
        <ele>2028.0</ele>
        <time>2025-07-27T17:54:45Z</time>
      </trkpt>
      <trkpt lat="53.165014" lon="-119.156545">
        <ele>2029.2</ele>
        <time>2025-07-27T17:54:51Z</time>
      </trkpt>
      <trkpt lat="53.165058" lon="-119.156529">
        <ele>2034.1</ele>
        <time>2025-07-27T17:54:58Z</time>
      </trkpt>
      <trkpt lat="53.165120" lon="-119.156459">
        <ele>2033.9</ele>
        <time>2025-07-27T17:55:12Z</time>
      </trkpt>
      <trkpt lat="53.165163" lon="-119.156393">
        <ele>2032.6</ele>
        <time>2025-07-27T17:55:19Z</time>
      </trkpt>
      <trkpt lat="53.165169" lon="-119.156325">
        <ele>2033.0</ele>
        <time>2025-07-27T17:55:25Z</time>
      </trkpt>
      <trkpt lat="53.165191" lon="-119.156316">
        <ele>2032.9</ele>
        <time>2025-07-27T17:55:28Z</time>
      </trkpt>
      <trkpt lat="53.165220" lon="-119.156262">
        <ele>2032.9</ele>
        <time>2025-07-27T17:55:36Z</time>
      </trkpt>
      <trkpt lat="53.165247" lon="-119.156269">
        <ele>2033.7</ele>
        <time>2025-07-27T17:55:41Z</time>
      </trkpt>
      <trkpt lat="53.165273" lon="-119.156263">
        <ele>2036.3</ele>
        <time>2025-07-27T17:55:49Z</time>
      </trkpt>
      <trkpt lat="53.165320" lon="-119.156169">
        <ele>2038.3</ele>
        <time>2025-07-27T17:56:09Z</time>
      </trkpt>
      <trkpt lat="53.165352" lon="-119.156139">
        <ele>2039.0</ele>
        <time>2025-07-27T17:56:19Z</time>
      </trkpt>
      <trkpt lat="53.165375" lon="-119.156075">
        <ele>2040.2</ele>
        <time>2025-07-27T17:56:33Z</time>
      </trkpt>
      <trkpt lat="53.165429" lon="-119.156017">
        <ele>2041.9</ele>
        <time>2025-07-27T17:56:39Z</time>
      </trkpt>
      <trkpt lat="53.165436" lon="-119.155986">
        <ele>2041.1</ele>
        <time>2025-07-27T17:56:42Z</time>
      </trkpt>
      <trkpt lat="53.165469" lon="-119.155967">
        <ele>2041.6</ele>
        <time>2025-07-27T17:56:45Z</time>
      </trkpt>
      <trkpt lat="53.165503" lon="-119.155920">
        <ele>2041.8</ele>
        <time>2025-07-27T17:56:50Z</time>
      </trkpt>
      <trkpt lat="53.165531" lon="-119.155911">
        <ele>2041.6</ele>
        <time>2025-07-27T17:56:53Z</time>
      </trkpt>
      <trkpt lat="53.165583" lon="-119.155838">
        <ele>2042.9</ele>
        <time>2025-07-27T17:57:00Z</time>
      </trkpt>
      <trkpt lat="53.165611" lon="-119.155826">
        <ele>2042.1</ele>
        <time>2025-07-27T17:57:04Z</time>
      </trkpt>
      <trkpt lat="53.165652" lon="-119.155789">
        <ele>2043.3</ele>
        <time>2025-07-27T17:57:11Z</time>
      </trkpt>
      <trkpt lat="53.165668" lon="-119.155732">
        <ele>2044.8</ele>
        <time>2025-07-27T17:57:16Z</time>
      </trkpt>
      <trkpt lat="53.165698" lon="-119.155718">
        <ele>2043.2</ele>
        <time>2025-07-27T17:57:19Z</time>
      </trkpt>
      <trkpt lat="53.165737" lon="-119.155642">
        <ele>2044.9</ele>
        <time>2025-07-27T17:57:27Z</time>
      </trkpt>
      <trkpt lat="53.165755" lon="-119.155627">
        <ele>2044.7</ele>
        <time>2025-07-27T17:57:32Z</time>
      </trkpt>
      <trkpt lat="53.165778" lon="-119.155685">
        <ele>2045.7</ele>
        <time>2025-07-27T17:57:41Z</time>
      </trkpt>
      <trkpt lat="53.165795" lon="-119.155672">
        <ele>2047.2</ele>
        <time>2025-07-27T17:57:45Z</time>
      </trkpt>
      <trkpt lat="53.165815" lon="-119.155673">
        <ele>2047.4</ele>
        <time>2025-07-27T17:57:57Z</time>
      </trkpt>
      <trkpt lat="53.165831" lon="-119.155687">
        <ele>2050.8</ele>
        <time>2025-07-27T17:58:27Z</time>
      </trkpt>
      <trkpt lat="53.165833" lon="-119.155720">
        <ele>2051.3</ele>
        <time>2025-07-27T17:58:31Z</time>
      </trkpt>
      <trkpt lat="53.165852" lon="-119.155717">
        <ele>2049.8</ele>
        <time>2025-07-27T17:58:43Z</time>
      </trkpt>
      <trkpt lat="53.165836" lon="-119.155691">
        <ele>2049.0</ele>
        <time>2025-07-27T17:58:46Z</time>
      </trkpt>
      <trkpt lat="53.165770" lon="-119.155635">
        <ele>2045.6</ele>
        <time>2025-07-27T17:58:57Z</time>
      </trkpt>
      <trkpt lat="53.165760" lon="-119.155603">
        <ele>2045.2</ele>
        <time>2025-07-27T17:59:01Z</time>
      </trkpt>
      <trkpt lat="53.165771" lon="-119.155535">
        <ele>2045.4</ele>
        <time>2025-07-27T17:59:15Z</time>
      </trkpt>
      <trkpt lat="53.165811" lon="-119.155513">
        <ele>2046.7</ele>
        <time>2025-07-27T17:59:29Z</time>
      </trkpt>
      <trkpt lat="53.165828" lon="-119.155490">
        <ele>2047.5</ele>
        <time>2025-07-27T17:59:38Z</time>
      </trkpt>
      <trkpt lat="53.165831" lon="-119.155456">
        <ele>2047.4</ele>
        <time>2025-07-27T17:59:41Z</time>
      </trkpt>
      <trkpt lat="53.165875" lon="-119.155390">
        <ele>2050.1</ele>
        <time>2025-07-27T18:00:00Z</time>
      </trkpt>
      <trkpt lat="53.165893" lon="-119.155331">
        <ele>2048.8</ele>
        <time>2025-07-27T18:00:11Z</time>
      </trkpt>
      <trkpt lat="53.165885" lon="-119.155301">
        <ele>2049.0</ele>
        <time>2025-07-27T18:00:15Z</time>
      </trkpt>
      <trkpt lat="53.165934" lon="-119.155279">
        <ele>2049.7</ele>
        <time>2025-07-27T18:00:31Z</time>
      </trkpt>
      <trkpt lat="53.165973" lon="-119.155297">
        <ele>2054.1</ele>
        <time>2025-07-27T18:00:52Z</time>
      </trkpt>
      <trkpt lat="53.165974" lon="-119.155267">
        <ele>2055.0</ele>
        <time>2025-07-27T18:01:20Z</time>
      </trkpt>
      <trkpt lat="53.165993" lon="-119.155265">
        <ele>2053.6</ele>
        <time>2025-07-27T18:02:35Z</time>
      </trkpt>
      <trkpt lat="53.166021" lon="-119.155242">
        <ele>2054.6</ele>
        <time>2025-07-27T18:02:40Z</time>
      </trkpt>
      <trkpt lat="53.166026" lon="-119.155213">
        <ele>2053.0</ele>
        <time>2025-07-27T18:02:46Z</time>
      </trkpt>
      <trkpt lat="53.166052" lon="-119.155216">
        <ele>2056.3</ele>
        <time>2025-07-27T18:02:55Z</time>
      </trkpt>
      <trkpt lat="53.166059" lon="-119.155188">
        <ele>2054.5</ele>
        <time>2025-07-27T18:02:59Z</time>
      </trkpt>
      <trkpt lat="53.166076" lon="-119.155168">
        <ele>2054.6</ele>
        <time>2025-07-27T18:03:00Z</time>
      </trkpt>
      <trkpt lat="53.166092" lon="-119.155096">
        <ele>2056.7</ele>
        <time>2025-07-27T18:03:07Z</time>
      </trkpt>
      <trkpt lat="53.166114" lon="-119.155106">
        <ele>2055.7</ele>
        <time>2025-07-27T18:03:16Z</time>
      </trkpt>
      <trkpt lat="53.166145" lon="-119.155061">
        <ele>2057.6</ele>
        <time>2025-07-27T18:03:25Z</time>
      </trkpt>
      <trkpt lat="53.166189" lon="-119.155055">
        <ele>2057.5</ele>
        <time>2025-07-27T18:03:34Z</time>
      </trkpt>
      <trkpt lat="53.166211" lon="-119.155038">
        <ele>2059.2</ele>
        <time>2025-07-27T18:03:37Z</time>
      </trkpt>
      <trkpt lat="53.166223" lon="-119.155004">
        <ele>2055.4</ele>
        <time>2025-07-27T18:03:42Z</time>
      </trkpt>
      <trkpt lat="53.166274" lon="-119.154943">
        <ele>2058.9</ele>
        <time>2025-07-27T18:03:54Z</time>
      </trkpt>
      <trkpt lat="53.166279" lon="-119.154913">
        <ele>2058.5</ele>
        <time>2025-07-27T18:03:57Z</time>
      </trkpt>
      <trkpt lat="53.166324" lon="-119.154895">
        <ele>2058.1</ele>
        <time>2025-07-27T18:04:06Z</time>
      </trkpt>
      <trkpt lat="53.166333" lon="-119.154863">
        <ele>2056.5</ele>
        <time>2025-07-27T18:04:11Z</time>
      </trkpt>
      <trkpt lat="53.166384" lon="-119.154784">
        <ele>2059.8</ele>
        <time>2025-07-27T18:04:22Z</time>
      </trkpt>
      <trkpt lat="53.166397" lon="-119.154719">
        <ele>2060.3</ele>
        <time>2025-07-27T18:04:30Z</time>
      </trkpt>
      <trkpt lat="53.166419" lon="-119.154712">
        <ele>2061.2</ele>
        <time>2025-07-27T18:04:37Z</time>
      </trkpt>
      <trkpt lat="53.166429" lon="-119.154684">
        <ele>2061.7</ele>
        <time>2025-07-27T18:04:41Z</time>
      </trkpt>
      <trkpt lat="53.166449" lon="-119.154671">
        <ele>2062.1</ele>
        <time>2025-07-27T18:04:56Z</time>
      </trkpt>
      <trkpt lat="53.166471" lon="-119.154673">
        <ele>2062.7</ele>
        <time>2025-07-27T18:04:59Z</time>
      </trkpt>
      <trkpt lat="53.166506" lon="-119.154639">
        <ele>2064.7</ele>
        <time>2025-07-27T18:05:09Z</time>
      </trkpt>
      <trkpt lat="53.166528" lon="-119.154647">
        <ele>2068.0</ele>
        <time>2025-07-27T18:05:15Z</time>
      </trkpt>
      <trkpt lat="53.166538" lon="-119.154614">
        <ele>2068.2</ele>
        <time>2025-07-27T18:05:18Z</time>
      </trkpt>
      <trkpt lat="53.166558" lon="-119.154602">
        <ele>2069.5</ele>
        <time>2025-07-27T18:05:24Z</time>
      </trkpt>
      <trkpt lat="53.166587" lon="-119.154557">
        <ele>2073.3</ele>
        <time>2025-07-27T18:05:34Z</time>
      </trkpt>
      <trkpt lat="53.166605" lon="-119.154493">
        <ele>2072.4</ele>
        <time>2025-07-27T18:05:40Z</time>
      </trkpt>
      <trkpt lat="53.166624" lon="-119.154487">
        <ele>2071.0</ele>
        <time>2025-07-27T18:05:43Z</time>
      </trkpt>
      <trkpt lat="53.166645" lon="-119.154464">
        <ele>2073.6</ele>
        <time>2025-07-27T18:05:48Z</time>
      </trkpt>
      <trkpt lat="53.166710" lon="-119.154473">
        <ele>2075.5</ele>
        <time>2025-07-27T18:06:09Z</time>
      </trkpt>
      <trkpt lat="53.166747" lon="-119.154452">
        <ele>2075.7</ele>
        <time>2025-07-27T18:06:20Z</time>
      </trkpt>
      <trkpt lat="53.166786" lon="-119.154308">
        <ele>2079.6</ele>
        <time>2025-07-27T18:06:59Z</time>
      </trkpt>
      <trkpt lat="53.166803" lon="-119.154294">
        <ele>2078.8</ele>
        <time>2025-07-27T18:07:03Z</time>
      </trkpt>
      <trkpt lat="53.166830" lon="-119.154241">
        <ele>2078.9</ele>
        <time>2025-07-27T18:07:11Z</time>
      </trkpt>
      <trkpt lat="53.166815" lon="-119.154151">
        <ele>2076.4</ele>
        <time>2025-07-27T18:07:27Z</time>
      </trkpt>
      <trkpt lat="53.166832" lon="-119.154122">
        <ele>2077.6</ele>
        <time>2025-07-27T18:07:30Z</time>
      </trkpt>
      <trkpt lat="53.166835" lon="-119.154088">
        <ele>2078.2</ele>
        <time>2025-07-27T18:07:35Z</time>
      </trkpt>
      <trkpt lat="53.166884" lon="-119.154060">
        <ele>2079.7</ele>
        <time>2025-07-27T18:07:47Z</time>
      </trkpt>
      <trkpt lat="53.166876" lon="-119.153995">
        <ele>2077.6</ele>
        <time>2025-07-27T18:07:53Z</time>
      </trkpt>
      <trkpt lat="53.166903" lon="-119.153960">
        <ele>2078.3</ele>
        <time>2025-07-27T18:08:11Z</time>
      </trkpt>
      <trkpt lat="53.166890" lon="-119.153920">
        <ele>2079.4</ele>
        <time>2025-07-27T18:08:43Z</time>
      </trkpt>
      <trkpt lat="53.166901" lon="-119.153891">
        <ele>2078.0</ele>
        <time>2025-07-27T18:09:00Z</time>
      </trkpt>
      <trkpt lat="53.166939" lon="-119.153882">
        <ele>2080.1</ele>
        <time>2025-07-27T18:09:04Z</time>
      </trkpt>
      <trkpt lat="53.166930" lon="-119.153805">
        <ele>2079.3</ele>
        <time>2025-07-27T18:09:13Z</time>
      </trkpt>
      <trkpt lat="53.166899" lon="-119.153765">
        <ele>2079.5</ele>
        <time>2025-07-27T18:09:18Z</time>
      </trkpt>
      <trkpt lat="53.166918" lon="-119.153704">
        <ele>2079.0</ele>
        <time>2025-07-27T18:09:24Z</time>
      </trkpt>
      <trkpt lat="53.166959" lon="-119.153638">
        <ele>2077.9</ele>
        <time>2025-07-27T18:09:32Z</time>
      </trkpt>
      <trkpt lat="53.166971" lon="-119.153572">
        <ele>2077.0</ele>
        <time>2025-07-27T18:09:39Z</time>
      </trkpt>
      <trkpt lat="53.166996" lon="-119.153534">
        <ele>2077.0</ele>
        <time>2025-07-27T18:09:42Z</time>
      </trkpt>
      <trkpt lat="53.166993" lon="-119.153430">
        <ele>2072.7</ele>
        <time>2025-07-27T18:09:56Z</time>
      </trkpt>
      <trkpt lat="53.167047" lon="-119.153382">
        <ele>2077.0</ele>
        <time>2025-07-27T18:10:10Z</time>
      </trkpt>
      <trkpt lat="53.167040" lon="-119.153354">
        <ele>2074.9</ele>
        <time>2025-07-27T18:10:13Z</time>
      </trkpt>
      <trkpt lat="53.167046" lon="-119.153313">
        <ele>2075.2</ele>
        <time>2025-07-27T18:10:18Z</time>
      </trkpt>
      <trkpt lat="53.167064" lon="-119.153296">
        <ele>2074.7</ele>
        <time>2025-07-27T18:10:24Z</time>
      </trkpt>
      <trkpt lat="53.167074" lon="-119.153268">
        <ele>2075.4</ele>
        <time>2025-07-27T18:10:26Z</time>
      </trkpt>
      <trkpt lat="53.167095" lon="-119.153257">
        <ele>2075.1</ele>
        <time>2025-07-27T18:10:28Z</time>
      </trkpt>
      <trkpt lat="53.167103" lon="-119.153222">
        <ele>2076.3</ele>
        <time>2025-07-27T18:10:30Z</time>
      </trkpt>
      <trkpt lat="53.167085" lon="-119.153200">
        <ele>2073.4</ele>
        <time>2025-07-27T18:10:33Z</time>
      </trkpt>
      <trkpt lat="53.167084" lon="-119.153170">
        <ele>2073.8</ele>
        <time>2025-07-27T18:10:35Z</time>
      </trkpt>
      <trkpt lat="53.167113" lon="-119.153113">
        <ele>2072.8</ele>
        <time>2025-07-27T18:10:42Z</time>
      </trkpt>
      <trkpt lat="53.167159" lon="-119.153086">
        <ele>2076.5</ele>
        <time>2025-07-27T18:10:47Z</time>
      </trkpt>
      <trkpt lat="53.167163" lon="-119.152997">
        <ele>2076.1</ele>
        <time>2025-07-27T18:10:53Z</time>
      </trkpt>
      <trkpt lat="53.167184" lon="-119.152986">
        <ele>2076.4</ele>
        <time>2025-07-27T18:10:56Z</time>
      </trkpt>
      <trkpt lat="53.167189" lon="-119.152944">
        <ele>2075.0</ele>
        <time>2025-07-27T18:11:01Z</time>
      </trkpt>
      <trkpt lat="53.167250" lon="-119.152872">
        <ele>2075.3</ele>
        <time>2025-07-27T18:11:19Z</time>
      </trkpt>
      <trkpt lat="53.167250" lon="-119.152831">
        <ele>2072.6</ele>
        <time>2025-07-27T18:11:22Z</time>
      </trkpt>
      <trkpt lat="53.167268" lon="-119.152816">
        <ele>2073.7</ele>
        <time>2025-07-27T18:11:23Z</time>
      </trkpt>
      <trkpt lat="53.167277" lon="-119.152787">
        <ele>2073.8</ele>
        <time>2025-07-27T18:11:25Z</time>
      </trkpt>
      <trkpt lat="53.167284" lon="-119.152707">
        <ele>2074.8</ele>
        <time>2025-07-27T18:11:32Z</time>
      </trkpt>
      <trkpt lat="53.167302" lon="-119.152687">
        <ele>2075.1</ele>
        <time>2025-07-27T18:11:36Z</time>
      </trkpt>
      <trkpt lat="53.167343" lon="-119.152678">
        <ele>2075.4</ele>
        <time>2025-07-27T18:11:43Z</time>
      </trkpt>
      <trkpt lat="53.167382" lon="-119.152650">
        <ele>2074.8</ele>
        <time>2025-07-27T18:12:07Z</time>
      </trkpt>
      <trkpt lat="53.167399" lon="-119.152662">
        <ele>2074.1</ele>
        <time>2025-07-27T18:12:11Z</time>
      </trkpt>
      <trkpt lat="53.167440" lon="-119.152619">
        <ele>2073.5</ele>
        <time>2025-07-27T18:12:21Z</time>
      </trkpt>
      <trkpt lat="53.167458" lon="-119.152577">
        <ele>2073.0</ele>
        <time>2025-07-27T18:12:23Z</time>
      </trkpt>
      <trkpt lat="53.167451" lon="-119.152506">
        <ele>2071.2</ele>
        <time>2025-07-27T18:12:26Z</time>
      </trkpt>
      <trkpt lat="53.167468" lon="-119.152475">
        <ele>2073.0</ele>
        <time>2025-07-27T18:12:28Z</time>
      </trkpt>
      <trkpt lat="53.167463" lon="-119.152437">
        <ele>2072.0</ele>
        <time>2025-07-27T18:12:30Z</time>
      </trkpt>
      <trkpt lat="53.167486" lon="-119.152290">
        <ele>2070.2</ele>
        <time>2025-07-27T18:12:40Z</time>
      </trkpt>
      <trkpt lat="53.167532" lon="-119.152270">
        <ele>2075.5</ele>
        <time>2025-07-27T18:12:43Z</time>
      </trkpt>
      <trkpt lat="53.167559" lon="-119.152237">
        <ele>2074.9</ele>
        <time>2025-07-27T18:12:47Z</time>
      </trkpt>
      <trkpt lat="53.167565" lon="-119.152203">
        <ele>2074.6</ele>
        <time>2025-07-27T18:12:49Z</time>
      </trkpt>
      <trkpt lat="53.167602" lon="-119.152156">
        <ele>2076.5</ele>
        <time>2025-07-27T18:12:55Z</time>
      </trkpt>
      <trkpt lat="53.167608" lon="-119.152128">
        <ele>2075.2</ele>
        <time>2025-07-27T18:13:00Z</time>
      </trkpt>
      <trkpt lat="53.167590" lon="-119.152100">
        <ele>2076.2</ele>
        <time>2025-07-27T18:13:20Z</time>
      </trkpt>
      <trkpt lat="53.167571" lon="-119.152109">
        <ele>2076.7</ele>
        <time>2025-07-27T18:13:28Z</time>
      </trkpt>
      <trkpt lat="53.167554" lon="-119.152103">
        <ele>2075.1</ele>
        <time>2025-07-27T18:13:34Z</time>
      </trkpt>
      <trkpt lat="53.167562" lon="-119.152130">
        <ele>2075.2</ele>
        <time>2025-07-27T18:13:43Z</time>
      </trkpt>
      <trkpt lat="53.167583" lon="-119.152134">
        <ele>2076.9</ele>
        <time>2025-07-27T18:13:46Z</time>
      </trkpt>
      <trkpt lat="53.167595" lon="-119.152108">
        <ele>2076.0</ele>
        <time>2025-07-27T18:14:01Z</time>
      </trkpt>
      <trkpt lat="53.167619" lon="-119.152125">
        <ele>2075.2</ele>
        <time>2025-07-27T18:14:12Z</time>
      </trkpt>
      <trkpt lat="53.167642" lon="-119.152100">
        <ele>2076.4</ele>
        <time>2025-07-27T18:14:16Z</time>
      </trkpt>
      <trkpt lat="53.167666" lon="-119.152040">
        <ele>2077.2</ele>
        <time>2025-07-27T18:14:21Z</time>
      </trkpt>
      <trkpt lat="53.167753" lon="-119.151954">
        <ele>2075.7</ele>
        <time>2025-07-27T18:14:39Z</time>
      </trkpt>
      <trkpt lat="53.167776" lon="-119.151945">
        <ele>2079.3</ele>
        <time>2025-07-27T18:14:43Z</time>
      </trkpt>
      <trkpt lat="53.167802" lon="-119.151904">
        <ele>2080.3</ele>
        <time>2025-07-27T18:14:49Z</time>
      </trkpt>
      <trkpt lat="53.167795" lon="-119.151876">
        <ele>2079.5</ele>
        <time>2025-07-27T18:14:58Z</time>
      </trkpt>
      <trkpt lat="53.167773" lon="-119.151867">
        <ele>2079.2</ele>
        <time>2025-07-27T18:17:27Z</time>
      </trkpt>
      <trkpt lat="53.167737" lon="-119.151892">
        <ele>2079.7</ele>
        <time>2025-07-27T18:18:44Z</time>
      </trkpt>
      <trkpt lat="53.167773" lon="-119.151865">
        <ele>2078.3</ele>
        <time>2025-07-27T18:19:08Z</time>
      </trkpt>
      <trkpt lat="53.167775" lon="-119.151889">
        <ele>2078.0</ele>
        <time>2025-07-27T18:19:36Z</time>
      </trkpt>
      <trkpt lat="53.167754" lon="-119.151828">
        <ele>2080.9</ele>
        <time>2025-07-27T18:21:03Z</time>
      </trkpt>
      <trkpt lat="53.167759" lon="-119.151862">
        <ele>2080.0</ele>
        <time>2025-07-27T18:21:27Z</time>
      </trkpt>
      <trkpt lat="53.167772" lon="-119.151866">
        <ele>2079.1</ele>
        <time>2025-07-27T18:21:41Z</time>
      </trkpt>
      <trkpt lat="53.167767" lon="-119.151833">
        <ele>2080.3</ele>
        <time>2025-07-27T18:22:16Z</time>
      </trkpt>
      <trkpt lat="53.167758" lon="-119.151860">
        <ele>2079.9</ele>
        <time>2025-07-27T18:22:30Z</time>
      </trkpt>
      <trkpt lat="53.167726" lon="-119.151819">
        <ele>2078.7</ele>
        <time>2025-07-27T18:22:43Z</time>
      </trkpt>
      <trkpt lat="53.167714" lon="-119.151853">
        <ele>2078.4</ele>
        <time>2025-07-27T18:22:46Z</time>
      </trkpt>
      <trkpt lat="53.167741" lon="-119.151986">
        <ele>2078.9</ele>
        <time>2025-07-27T18:22:56Z</time>
      </trkpt>
      <trkpt lat="53.167739" lon="-119.152018">
        <ele>2080.5</ele>
        <time>2025-07-27T18:22:59Z</time>
      </trkpt>
      <trkpt lat="53.167773" lon="-119.152054">
        <ele>2081.0</ele>
        <time>2025-07-27T18:23:07Z</time>
      </trkpt>
      <trkpt lat="53.167791" lon="-119.152047">
        <ele>2081.1</ele>
        <time>2025-07-27T18:23:10Z</time>
      </trkpt>
      <trkpt lat="53.167823" lon="-119.152088">
        <ele>2083.1</ele>
        <time>2025-07-27T18:23:17Z</time>
      </trkpt>
      <trkpt lat="53.167840" lon="-119.152072">
        <ele>2083.0</ele>
        <time>2025-07-27T18:23:19Z</time>
      </trkpt>
      <trkpt lat="53.167863" lon="-119.152067">
        <ele>2084.4</ele>
        <time>2025-07-27T18:23:21Z</time>
      </trkpt>
      <trkpt lat="53.167900" lon="-119.152020">
        <ele>2084.5</ele>
        <time>2025-07-27T18:23:27Z</time>
      </trkpt>
      <trkpt lat="53.167939" lon="-119.152006">
        <ele>2083.1</ele>
        <time>2025-07-27T18:23:31Z</time>
      </trkpt>
      <trkpt lat="53.167971" lon="-119.151742">
        <ele>2081.3</ele>
        <time>2025-07-27T18:23:52Z</time>
      </trkpt>
      <trkpt lat="53.168018" lon="-119.151651">
        <ele>2077.7</ele>
        <time>2025-07-27T18:24:02Z</time>
      </trkpt>
      <trkpt lat="53.168016" lon="-119.151620">
        <ele>2078.3</ele>
        <time>2025-07-27T18:24:06Z</time>
      </trkpt>
      <trkpt lat="53.168049" lon="-119.151564">
        <ele>2079.6</ele>
        <time>2025-07-27T18:24:11Z</time>
      </trkpt>
      <trkpt lat="53.168071" lon="-119.151559">
        <ele>2077.7</ele>
        <time>2025-07-27T18:24:14Z</time>
      </trkpt>
      <trkpt lat="53.168112" lon="-119.151530">
        <ele>2078.3</ele>
        <time>2025-07-27T18:24:48Z</time>
      </trkpt>
      <trkpt lat="53.168134" lon="-119.151477">
        <ele>2077.1</ele>
        <time>2025-07-27T18:24:58Z</time>
      </trkpt>
      <trkpt lat="53.168141" lon="-119.151406">
        <ele>2076.6</ele>
        <time>2025-07-27T18:25:05Z</time>
      </trkpt>
      <trkpt lat="53.168177" lon="-119.151353">
        <ele>2077.0</ele>
        <time>2025-07-27T18:25:10Z</time>
      </trkpt>
      <trkpt lat="53.168177" lon="-119.151272">
        <ele>2075.0</ele>
        <time>2025-07-27T18:25:16Z</time>
      </trkpt>
      <trkpt lat="53.168191" lon="-119.151238">
        <ele>2074.9</ele>
        <time>2025-07-27T18:25:18Z</time>
      </trkpt>
      <trkpt lat="53.168211" lon="-119.151214">
        <ele>2075.7</ele>
        <time>2025-07-27T18:25:20Z</time>
      </trkpt>
      <trkpt lat="53.168263" lon="-119.151187">
        <ele>2075.8</ele>
        <time>2025-07-27T18:25:25Z</time>
      </trkpt>
      <trkpt lat="53.168320" lon="-119.151093">
        <ele>2072.9</ele>
        <time>2025-07-27T18:25:33Z</time>
      </trkpt>
      <trkpt lat="53.168328" lon="-119.151050">
        <ele>2072.4</ele>
        <time>2025-07-27T18:25:36Z</time>
      </trkpt>
      <trkpt lat="53.168307" lon="-119.150986">
        <ele>2072.3</ele>
        <time>2025-07-27T18:25:40Z</time>
      </trkpt>
      <trkpt lat="53.168325" lon="-119.150974">
        <ele>2071.4</ele>
        <time>2025-07-27T18:25:44Z</time>
      </trkpt>
      <trkpt lat="53.168344" lon="-119.150983">
        <ele>2070.4</ele>
        <time>2025-07-27T18:25:46Z</time>
      </trkpt>
      <trkpt lat="53.168379" lon="-119.150949">
        <ele>2070.3</ele>
        <time>2025-07-27T18:25:52Z</time>
      </trkpt>
      <trkpt lat="53.168401" lon="-119.150951">
        <ele>2070.2</ele>
        <time>2025-07-27T18:25:55Z</time>
      </trkpt>
      <trkpt lat="53.168417" lon="-119.150938">
        <ele>2071.0</ele>
        <time>2025-07-27T18:25:57Z</time>
      </trkpt>
      <trkpt lat="53.168454" lon="-119.150837">
        <ele>2070.7</ele>
        <time>2025-07-27T18:26:05Z</time>
      </trkpt>
      <trkpt lat="53.168521" lon="-119.150738">
        <ele>2069.7</ele>
        <time>2025-07-27T18:26:21Z</time>
      </trkpt>
      <trkpt lat="53.168535" lon="-119.150697">
        <ele>2068.2</ele>
        <time>2025-07-27T18:26:25Z</time>
      </trkpt>
      <trkpt lat="53.168555" lon="-119.150683">
        <ele>2067.8</ele>
        <time>2025-07-27T18:26:28Z</time>
      </trkpt>
      <trkpt lat="53.168602" lon="-119.150698">
        <ele>2068.5</ele>
        <time>2025-07-27T18:26:33Z</time>
      </trkpt>
      <trkpt lat="53.168628" lon="-119.150682">
        <ele>2069.0</ele>
        <time>2025-07-27T18:26:36Z</time>
      </trkpt>
      <trkpt lat="53.168642" lon="-119.150658">
        <ele>2069.2</ele>
        <time>2025-07-27T18:26:38Z</time>
      </trkpt>
      <trkpt lat="53.168661" lon="-119.150565">
        <ele>2069.1</ele>
        <time>2025-07-27T18:26:42Z</time>
      </trkpt>
      <trkpt lat="53.168682" lon="-119.150546">
        <ele>2067.5</ele>
        <time>2025-07-27T18:26:44Z</time>
      </trkpt>
      <trkpt lat="53.168722" lon="-119.150461">
        <ele>2070.0</ele>
        <time>2025-07-27T18:26:52Z</time>
      </trkpt>
      <trkpt lat="53.168818" lon="-119.150364">
        <ele>2072.3</ele>
        <time>2025-07-27T18:27:03Z</time>
      </trkpt>
      <trkpt lat="53.168801" lon="-119.150377">
        <ele>2072.1</ele>
        <time>2025-07-27T18:27:07Z</time>
      </trkpt>
      <trkpt lat="53.168852" lon="-119.150368">
        <ele>2073.4</ele>
        <time>2025-07-27T18:27:34Z</time>
      </trkpt>
      <trkpt lat="53.168913" lon="-119.150307">
        <ele>2072.9</ele>
        <time>2025-07-27T18:27:41Z</time>
      </trkpt>
      <trkpt lat="53.168982" lon="-119.150360">
        <ele>2077.0</ele>
        <time>2025-07-27T18:27:49Z</time>
      </trkpt>
      <trkpt lat="53.169003" lon="-119.150353">
        <ele>2073.7</ele>
        <time>2025-07-27T18:27:50Z</time>
      </trkpt>
      <trkpt lat="53.169044" lon="-119.150364">
        <ele>2076.7</ele>
        <time>2025-07-27T18:27:57Z</time>
      </trkpt>
      <trkpt lat="53.169104" lon="-119.150399">
        <ele>2078.9</ele>
        <time>2025-07-27T18:28:04Z</time>
      </trkpt>
      <trkpt lat="53.169147" lon="-119.150367">
        <ele>2078.9</ele>
        <time>2025-07-27T18:28:10Z</time>
      </trkpt>
      <trkpt lat="53.169170" lon="-119.150365">
        <ele>2079.0</ele>
        <time>2025-07-27T18:28:17Z</time>
      </trkpt>
      <trkpt lat="53.169197" lon="-119.150376">
        <ele>2076.5</ele>
        <time>2025-07-27T18:28:20Z</time>
      </trkpt>
      <trkpt lat="53.169220" lon="-119.150370">
        <ele>2077.4</ele>
        <time>2025-07-27T18:28:21Z</time>
      </trkpt>
      <trkpt lat="53.169260" lon="-119.150383">
        <ele>2077.9</ele>
        <time>2025-07-27T18:28:27Z</time>
      </trkpt>
      <trkpt lat="53.169327" lon="-119.150342">
        <ele>2077.9</ele>
        <time>2025-07-27T18:28:35Z</time>
      </trkpt>
      <trkpt lat="53.169374" lon="-119.150328">
        <ele>2077.1</ele>
        <time>2025-07-27T18:29:23Z</time>
      </trkpt>
      <trkpt lat="53.169391" lon="-119.150310">
        <ele>2077.1</ele>
        <time>2025-07-27T18:29:25Z</time>
      </trkpt>
      <trkpt lat="53.169386" lon="-119.150281">
        <ele>2078.4</ele>
        <time>2025-07-27T18:29:55Z</time>
      </trkpt>
      <trkpt lat="53.169389" lon="-119.150311">
        <ele>2077.3</ele>
        <time>2025-07-27T18:30:25Z</time>
      </trkpt>
      <trkpt lat="53.169437" lon="-119.150311">
        <ele>2077.8</ele>
        <time>2025-07-27T18:30:31Z</time>
      </trkpt>
      <trkpt lat="53.169455" lon="-119.150297">
        <ele>2077.7</ele>
        <time>2025-07-27T18:30:33Z</time>
      </trkpt>
      <trkpt lat="53.169509" lon="-119.150213">
        <ele>2077.2</ele>
        <time>2025-07-27T18:30:40Z</time>
      </trkpt>
      <trkpt lat="53.169498" lon="-119.150166">
        <ele>2076.6</ele>
        <time>2025-07-27T18:30:42Z</time>
      </trkpt>
      <trkpt lat="53.169542" lon="-119.150065">
        <ele>2077.6</ele>
        <time>2025-07-27T18:30:52Z</time>
      </trkpt>
      <trkpt lat="53.169565" lon="-119.150061">
        <ele>2077.2</ele>
        <time>2025-07-27T18:30:57Z</time>
      </trkpt>
      <trkpt lat="53.169626" lon="-119.150012">
        <ele>2079.2</ele>
        <time>2025-07-27T18:31:07Z</time>
      </trkpt>
      <trkpt lat="53.169648" lon="-119.150011">
        <ele>2078.7</ele>
        <time>2025-07-27T18:31:10Z</time>
      </trkpt>
      <trkpt lat="53.169710" lon="-119.149949">
        <ele>2080.0</ele>
        <time>2025-07-27T18:31:19Z</time>
      </trkpt>
      <trkpt lat="53.169797" lon="-119.149894">
        <ele>2082.8</ele>
        <time>2025-07-27T18:31:32Z</time>
      </trkpt>
      <trkpt lat="53.169815" lon="-119.149889">
        <ele>2082.3</ele>
        <time>2025-07-27T18:31:34Z</time>
      </trkpt>
      <trkpt lat="53.169840" lon="-119.149898">
        <ele>2084.6</ele>
        <time>2025-07-27T18:31:37Z</time>
      </trkpt>
      <trkpt lat="53.169865" lon="-119.149890">
        <ele>2082.9</ele>
        <time>2025-07-27T18:31:41Z</time>
      </trkpt>
      <trkpt lat="53.169885" lon="-119.149875">
        <ele>2085.4</ele>
        <time>2025-07-27T18:31:45Z</time>
      </trkpt>
      <trkpt lat="53.169872" lon="-119.149844">
        <ele>2085.2</ele>
        <time>2025-07-27T18:31:49Z</time>
      </trkpt>
      <trkpt lat="53.169905" lon="-119.149966">
        <ele>2084.4</ele>
        <time>2025-07-27T18:32:32Z</time>
      </trkpt>
      <trkpt lat="53.169918" lon="-119.149947">
        <ele>2086.2</ele>
        <time>2025-07-27T18:32:50Z</time>
      </trkpt>
      <trkpt lat="53.169905" lon="-119.149968">
        <ele>2086.3</ele>
        <time>2025-07-27T18:33:08Z</time>
      </trkpt>
      <trkpt lat="53.169924" lon="-119.149933">
        <ele>2086.6</ele>
        <time>2025-07-27T18:33:26Z</time>
      </trkpt>
      <trkpt lat="53.169945" lon="-119.149938">
        <ele>2088.1</ele>
        <time>2025-07-27T18:33:39Z</time>
      </trkpt>
      <trkpt lat="53.169939" lon="-119.149951">
        <ele>2088.6</ele>
        <time>2025-07-27T18:33:48Z</time>
      </trkpt>
      <trkpt lat="53.169922" lon="-119.149939">
        <ele>2087.9</ele>
        <time>2025-07-27T18:33:55Z</time>
      </trkpt>
      <trkpt lat="53.169906" lon="-119.149899">
        <ele>2086.7</ele>
        <time>2025-07-27T18:34:14Z</time>
      </trkpt>
      <trkpt lat="53.169912" lon="-119.149868">
        <ele>2087.1</ele>
        <time>2025-07-27T18:34:18Z</time>
      </trkpt>
      <trkpt lat="53.169945" lon="-119.149819">
        <ele>2087.2</ele>
        <time>2025-07-27T18:34:24Z</time>
      </trkpt>
      <trkpt lat="53.169958" lon="-119.149779">
        <ele>2088.1</ele>
        <time>2025-07-27T18:34:27Z</time>
      </trkpt>
      <trkpt lat="53.169978" lon="-119.149704">
        <ele>2086.9</ele>
        <time>2025-07-27T18:34:33Z</time>
      </trkpt>
      <trkpt lat="53.169987" lon="-119.149616">
        <ele>2086.4</ele>
        <time>2025-07-27T18:34:38Z</time>
      </trkpt>
      <trkpt lat="53.170024" lon="-119.149574">
        <ele>2086.6</ele>
        <time>2025-07-27T18:34:42Z</time>
      </trkpt>
      <trkpt lat="53.170037" lon="-119.149533">
        <ele>2086.4</ele>
        <time>2025-07-27T18:34:45Z</time>
      </trkpt>
      <trkpt lat="53.170037" lon="-119.149325">
        <ele>2082.8</ele>
        <time>2025-07-27T18:34:58Z</time>
      </trkpt>
      <trkpt lat="53.170046" lon="-119.149288">
        <ele>2083.4</ele>
        <time>2025-07-27T18:35:00Z</time>
      </trkpt>
      <trkpt lat="53.170039" lon="-119.149253">
        <ele>2082.0</ele>
        <time>2025-07-27T18:35:02Z</time>
      </trkpt>
      <trkpt lat="53.170050" lon="-119.149184">
        <ele>2080.9</ele>
        <time>2025-07-27T18:35:06Z</time>
      </trkpt>
      <trkpt lat="53.170112" lon="-119.149111">
        <ele>2082.1</ele>
        <time>2025-07-27T18:35:12Z</time>
      </trkpt>
      <trkpt lat="53.170119" lon="-119.149075">
        <ele>2078.8</ele>
        <time>2025-07-27T18:35:14Z</time>
      </trkpt>
      <trkpt lat="53.170158" lon="-119.149000">
        <ele>2079.0</ele>
        <time>2025-07-27T18:35:20Z</time>
      </trkpt>
      <trkpt lat="53.170174" lon="-119.148976">
        <ele>2079.4</ele>
        <time>2025-07-27T18:35:23Z</time>
      </trkpt>
      <trkpt lat="53.170203" lon="-119.148960">
        <ele>2079.6</ele>
        <time>2025-07-27T18:35:25Z</time>
      </trkpt>
      <trkpt lat="53.170243" lon="-119.148862">
        <ele>2078.7</ele>
        <time>2025-07-27T18:35:34Z</time>
      </trkpt>
      <trkpt lat="53.170314" lon="-119.148771">
        <ele>2079.8</ele>
        <time>2025-07-27T18:35:42Z</time>
      </trkpt>
      <trkpt lat="53.170333" lon="-119.148702">
        <ele>2080.6</ele>
        <time>2025-07-27T18:35:47Z</time>
      </trkpt>
      <trkpt lat="53.170377" lon="-119.148636">
        <ele>2080.3</ele>
        <time>2025-07-27T18:35:52Z</time>
      </trkpt>
      <trkpt lat="53.170411" lon="-119.148537">
        <ele>2083.4</ele>
        <time>2025-07-27T18:36:01Z</time>
      </trkpt>
      <trkpt lat="53.170441" lon="-119.148490">
        <ele>2083.4</ele>
        <time>2025-07-27T18:36:06Z</time>
      </trkpt>
      <trkpt lat="53.170447" lon="-119.148453">
        <ele>2084.1</ele>
        <time>2025-07-27T18:36:09Z</time>
      </trkpt>
      <trkpt lat="53.170473" lon="-119.148425">
        <ele>2085.3</ele>
        <time>2025-07-27T18:36:12Z</time>
      </trkpt>
      <trkpt lat="53.170518" lon="-119.148311">
        <ele>2085.8</ele>
        <time>2025-07-27T18:36:23Z</time>
      </trkpt>
      <trkpt lat="53.170589" lon="-119.148276">
        <ele>2087.4</ele>
        <time>2025-07-27T18:36:33Z</time>
      </trkpt>
      <trkpt lat="53.170611" lon="-119.148281">
        <ele>2088.7</ele>
        <time>2025-07-27T18:36:37Z</time>
      </trkpt>
      <trkpt lat="53.170689" lon="-119.148214">
        <ele>2090.5</ele>
        <time>2025-07-27T18:36:48Z</time>
      </trkpt>
      <trkpt lat="53.170770" lon="-119.148166">
        <ele>2091.6</ele>
        <time>2025-07-27T18:37:02Z</time>
      </trkpt>
      <trkpt lat="53.170794" lon="-119.148162">
        <ele>2092.5</ele>
        <time>2025-07-27T18:37:06Z</time>
      </trkpt>
      <trkpt lat="53.170857" lon="-119.148174">
        <ele>2095.0</ele>
        <time>2025-07-27T18:37:14Z</time>
      </trkpt>
      <trkpt lat="53.170906" lon="-119.148198">
        <ele>2096.3</ele>
        <time>2025-07-27T18:37:21Z</time>
      </trkpt>
      <trkpt lat="53.170926" lon="-119.148194">
        <ele>2096.0</ele>
        <time>2025-07-27T18:37:27Z</time>
      </trkpt>
      <trkpt lat="53.170941" lon="-119.148168">
        <ele>2094.3</ele>
        <time>2025-07-27T18:37:42Z</time>
      </trkpt>
      <trkpt lat="53.170985" lon="-119.148151">
        <ele>2097.4</ele>
        <time>2025-07-27T18:37:46Z</time>
      </trkpt>
      <trkpt lat="53.171051" lon="-119.148163">
        <ele>2099.6</ele>
        <time>2025-07-27T18:37:56Z</time>
      </trkpt>
      <trkpt lat="53.171070" lon="-119.148153">
        <ele>2098.3</ele>
        <time>2025-07-27T18:37:59Z</time>
      </trkpt>
      <trkpt lat="53.171093" lon="-119.148171">
        <ele>2099.4</ele>
        <time>2025-07-27T18:38:02Z</time>
      </trkpt>
      <trkpt lat="53.171136" lon="-119.148178">
        <ele>2099.5</ele>
        <time>2025-07-27T18:38:09Z</time>
      </trkpt>
      <trkpt lat="53.171148" lon="-119.148154">
        <ele>2097.2</ele>
        <time>2025-07-27T18:38:26Z</time>
      </trkpt>
      <trkpt lat="53.171174" lon="-119.148162">
        <ele>2099.6</ele>
        <time>2025-07-27T18:38:29Z</time>
      </trkpt>
      <trkpt lat="53.171187" lon="-119.148185">
        <ele>2100.9</ele>
        <time>2025-07-27T18:38:32Z</time>
      </trkpt>
      <trkpt lat="53.171230" lon="-119.148222">
        <ele>2102.2</ele>
        <time>2025-07-27T18:38:40Z</time>
      </trkpt>
      <trkpt lat="53.171259" lon="-119.148275">
        <ele>2105.5</ele>
        <time>2025-07-27T18:38:47Z</time>
      </trkpt>
      <trkpt lat="53.171286" lon="-119.148265">
        <ele>2107.8</ele>
        <time>2025-07-27T18:38:50Z</time>
      </trkpt>
      <trkpt lat="53.171303" lon="-119.148287">
        <ele>2106.8</ele>
        <time>2025-07-27T18:39:01Z</time>
      </trkpt>
      <trkpt lat="53.171340" lon="-119.148299">
        <ele>2107.1</ele>
        <time>2025-07-27T18:39:08Z</time>
      </trkpt>
      <trkpt lat="53.171358" lon="-119.148330">
        <ele>2108.2</ele>
        <time>2025-07-27T18:39:13Z</time>
      </trkpt>
      <trkpt lat="53.171372" lon="-119.148398">
        <ele>2110.2</ele>
        <time>2025-07-27T18:39:20Z</time>
      </trkpt>
      <trkpt lat="53.171404" lon="-119.148436">
        <ele>2111.8</ele>
        <time>2025-07-27T18:39:26Z</time>
      </trkpt>
      <trkpt lat="53.171443" lon="-119.148438">
        <ele>2112.3</ele>
        <time>2025-07-27T18:39:33Z</time>
      </trkpt>
      <trkpt lat="53.171499" lon="-119.148483">
        <ele>2112.6</ele>
        <time>2025-07-27T18:39:44Z</time>
      </trkpt>
      <trkpt lat="53.171532" lon="-119.148534">
        <ele>2114.4</ele>
        <time>2025-07-27T18:39:52Z</time>
      </trkpt>
      <trkpt lat="53.171573" lon="-119.148628">
        <ele>2118.2</ele>
        <time>2025-07-27T18:40:04Z</time>
      </trkpt>
      <trkpt lat="53.171599" lon="-119.148641">
        <ele>2117.3</ele>
        <time>2025-07-27T18:40:08Z</time>
      </trkpt>
      <trkpt lat="53.171653" lon="-119.148745">
        <ele>2120.6</ele>
        <time>2025-07-27T18:40:21Z</time>
      </trkpt>
      <trkpt lat="53.171664" lon="-119.148719">
        <ele>2119.9</ele>
        <time>2025-07-27T18:40:27Z</time>
      </trkpt>
      <trkpt lat="53.171702" lon="-119.148800">
        <ele>2121.6</ele>
        <time>2025-07-27T18:42:39Z</time>
      </trkpt>
      <trkpt lat="53.171800" lon="-119.148870">
        <ele>2122.8</ele>
        <time>2025-07-27T18:42:49Z</time>
      </trkpt>
      <trkpt lat="53.171849" lon="-119.148930">
        <ele>2123.2</ele>
        <time>2025-07-27T18:43:00Z</time>
      </trkpt>
      <trkpt lat="53.171895" lon="-119.148944">
        <ele>2124.0</ele>
        <time>2025-07-27T18:44:05Z</time>
      </trkpt>
      <trkpt lat="53.171911" lon="-119.148965">
        <ele>2122.6</ele>
        <time>2025-07-27T18:44:17Z</time>
      </trkpt>
      <trkpt lat="53.171927" lon="-119.148963">
        <ele>2124.2</ele>
        <time>2025-07-27T18:44:40Z</time>
      </trkpt>
      <trkpt lat="53.171917" lon="-119.149031">
        <ele>2123.3</ele>
        <time>2025-07-27T18:45:53Z</time>
      </trkpt>
      <trkpt lat="53.171856" lon="-119.149080">
        <ele>2124.4</ele>
        <time>2025-07-27T18:46:00Z</time>
      </trkpt>
      <trkpt lat="53.171804" lon="-119.149171">
        <ele>2124.0</ele>
        <time>2025-07-27T18:46:08Z</time>
      </trkpt>
      <trkpt lat="53.171798" lon="-119.149203">
        <ele>2124.4</ele>
        <time>2025-07-27T18:46:11Z</time>
      </trkpt>
      <trkpt lat="53.171779" lon="-119.149220">
        <ele>2125.0</ele>
        <time>2025-07-27T18:46:13Z</time>
      </trkpt>
      <trkpt lat="53.171756" lon="-119.149283">
        <ele>2124.1</ele>
        <time>2025-07-27T18:46:17Z</time>
      </trkpt>
      <trkpt lat="53.171648" lon="-119.149411">
        <ele>2128.2</ele>
        <time>2025-07-27T18:46:32Z</time>
      </trkpt>
      <trkpt lat="53.171634" lon="-119.149491">
        <ele>2128.7</ele>
        <time>2025-07-27T18:46:39Z</time>
      </trkpt>
      <trkpt lat="53.171618" lon="-119.149509">
        <ele>2130.1</ele>
        <time>2025-07-27T18:46:42Z</time>
      </trkpt>
      <trkpt lat="53.171641" lon="-119.149610">
        <ele>2129.3</ele>
        <time>2025-07-27T18:46:50Z</time>
      </trkpt>
      <trkpt lat="53.171638" lon="-119.149643">
        <ele>2130.3</ele>
        <time>2025-07-27T18:46:54Z</time>
      </trkpt>
      <trkpt lat="53.171616" lon="-119.149663">
        <ele>2131.8</ele>
        <time>2025-07-27T18:46:58Z</time>
      </trkpt>
      <trkpt lat="53.171651" lon="-119.149790">
        <ele>2134.0</ele>
        <time>2025-07-27T18:47:10Z</time>
      </trkpt>
      <trkpt lat="53.171642" lon="-119.149822">
        <ele>2133.1</ele>
        <time>2025-07-27T18:47:13Z</time>
      </trkpt>
      <trkpt lat="53.171620" lon="-119.149830">
        <ele>2134.1</ele>
        <time>2025-07-27T18:47:18Z</time>
      </trkpt>
      <trkpt lat="53.171604" lon="-119.149894">
        <ele>2136.5</ele>
        <time>2025-07-27T18:47:25Z</time>
      </trkpt>
      <trkpt lat="53.171596" lon="-119.149963">
        <ele>2137.8</ele>
        <time>2025-07-27T18:47:33Z</time>
      </trkpt>
      <trkpt lat="53.171601" lon="-119.150070">
        <ele>2140.3</ele>
        <time>2025-07-27T18:47:46Z</time>
      </trkpt>
      <trkpt lat="53.171694" lon="-119.150302">
        <ele>2145.0</ele>
        <time>2025-07-27T18:48:19Z</time>
      </trkpt>
      <trkpt lat="53.171707" lon="-119.150365">
        <ele>2148.2</ele>
        <time>2025-07-27T18:48:28Z</time>
      </trkpt>
      <trkpt lat="53.171720" lon="-119.150390">
        <ele>2149.0</ele>
        <time>2025-07-27T18:48:33Z</time>
      </trkpt>
      <trkpt lat="53.171739" lon="-119.150402">
        <ele>2149.3</ele>
        <time>2025-07-27T18:48:36Z</time>
      </trkpt>
      <trkpt lat="53.171768" lon="-119.150481">
        <ele>2151.7</ele>
        <time>2025-07-27T18:48:47Z</time>
      </trkpt>
      <trkpt lat="53.171821" lon="-119.150521">
        <ele>2150.8</ele>
        <time>2025-07-27T18:48:56Z</time>
      </trkpt>
      <trkpt lat="53.171868" lon="-119.150644">
        <ele>2151.9</ele>
        <time>2025-07-27T18:49:06Z</time>
      </trkpt>
      <trkpt lat="53.171958" lon="-119.150755">
        <ele>2153.9</ele>
        <time>2025-07-27T18:49:19Z</time>
      </trkpt>
      <trkpt lat="53.172042" lon="-119.150911">
        <ele>2156.8</ele>
        <time>2025-07-27T18:49:36Z</time>
      </trkpt>
      <trkpt lat="53.172095" lon="-119.150981">
        <ele>2159.4</ele>
        <time>2025-07-27T18:49:46Z</time>
      </trkpt>
      <trkpt lat="53.172194" lon="-119.151200">
        <ele>2162.8</ele>
        <time>2025-07-27T18:50:11Z</time>
      </trkpt>
      <trkpt lat="53.172235" lon="-119.151211">
        <ele>2164.0</ele>
        <time>2025-07-27T18:50:18Z</time>
      </trkpt>
      <trkpt lat="53.172259" lon="-119.151228">
        <ele>2164.4</ele>
        <time>2025-07-27T18:50:21Z</time>
      </trkpt>
      <trkpt lat="53.172276" lon="-119.151256">
        <ele>2165.6</ele>
        <time>2025-07-27T18:50:24Z</time>
      </trkpt>
      <trkpt lat="53.172296" lon="-119.151262">
        <ele>2164.3</ele>
        <time>2025-07-27T18:50:27Z</time>
      </trkpt>
      <trkpt lat="53.172312" lon="-119.151284">
        <ele>2164.6</ele>
        <time>2025-07-27T18:50:30Z</time>
      </trkpt>
      <trkpt lat="53.172312" lon="-119.151321">
        <ele>2167.1</ele>
        <time>2025-07-27T18:50:33Z</time>
      </trkpt>
      <trkpt lat="53.172336" lon="-119.151377">
        <ele>2166.6</ele>
        <time>2025-07-27T18:50:39Z</time>
      </trkpt>
      <trkpt lat="53.172374" lon="-119.151422">
        <ele>2168.3</ele>
        <time>2025-07-27T18:50:46Z</time>
      </trkpt>
      <trkpt lat="53.172398" lon="-119.151472">
        <ele>2168.3</ele>
        <time>2025-07-27T18:50:51Z</time>
      </trkpt>
      <trkpt lat="53.172435" lon="-119.151509">
        <ele>2168.6</ele>
        <time>2025-07-27T18:50:57Z</time>
      </trkpt>
      <trkpt lat="53.172509" lon="-119.151679">
        <ele>2171.6</ele>
        <time>2025-07-27T18:51:15Z</time>
      </trkpt>
      <trkpt lat="53.172647" lon="-119.151728">
        <ele>2171.4</ele>
        <time>2025-07-27T18:51:31Z</time>
      </trkpt>
      <trkpt lat="53.172727" lon="-119.151801">
        <ele>2170.8</ele>
        <time>2025-07-27T18:51:42Z</time>
      </trkpt>
      <trkpt lat="53.172753" lon="-119.151865">
        <ele>2173.2</ele>
        <time>2025-07-27T18:51:48Z</time>
      </trkpt>
      <trkpt lat="53.172795" lon="-119.151902">
        <ele>2173.1</ele>
        <time>2025-07-27T18:51:55Z</time>
      </trkpt>
      <trkpt lat="53.172812" lon="-119.151962">
        <ele>2176.7</ele>
        <time>2025-07-27T18:52:00Z</time>
      </trkpt>
      <trkpt lat="53.172857" lon="-119.152034">
        <ele>2178.7</ele>
        <time>2025-07-27T18:52:09Z</time>
      </trkpt>
      <trkpt lat="53.172892" lon="-119.152065">
        <ele>2178.5</ele>
        <time>2025-07-27T18:52:15Z</time>
      </trkpt>
      <trkpt lat="53.172898" lon="-119.152109">
        <ele>2178.6</ele>
        <time>2025-07-27T18:52:18Z</time>
      </trkpt>
      <trkpt lat="53.172928" lon="-119.152167">
        <ele>2182.3</ele>
        <time>2025-07-27T18:52:24Z</time>
      </trkpt>
      <trkpt lat="53.172960" lon="-119.152216">
        <ele>2180.4</ele>
        <time>2025-07-27T18:52:30Z</time>
      </trkpt>
      <trkpt lat="53.173018" lon="-119.152276">
        <ele>2181.2</ele>
        <time>2025-07-27T18:52:38Z</time>
      </trkpt>
      <trkpt lat="53.173045" lon="-119.152345">
        <ele>2182.5</ele>
        <time>2025-07-27T18:52:44Z</time>
      </trkpt>
      <trkpt lat="53.173108" lon="-119.152375">
        <ele>2183.3</ele>
        <time>2025-07-27T18:52:52Z</time>
      </trkpt>
      <trkpt lat="53.173173" lon="-119.152460">
        <ele>2183.9</ele>
        <time>2025-07-27T18:53:01Z</time>
      </trkpt>
      <trkpt lat="53.173229" lon="-119.152494">
        <ele>2185.7</ele>
        <time>2025-07-27T18:53:09Z</time>
      </trkpt>
      <trkpt lat="53.173271" lon="-119.152569">
        <ele>2187.8</ele>
        <time>2025-07-27T18:53:17Z</time>
      </trkpt>
      <trkpt lat="53.173372" lon="-119.152667">
        <ele>2189.6</ele>
        <time>2025-07-27T18:53:31Z</time>
      </trkpt>
      <trkpt lat="53.173452" lon="-119.152769">
        <ele>2191.5</ele>
        <time>2025-07-27T18:53:44Z</time>
      </trkpt>
      <trkpt lat="53.173461" lon="-119.152799">
        <ele>2193.1</ele>
        <time>2025-07-27T18:53:47Z</time>
      </trkpt>
      <trkpt lat="53.173498" lon="-119.152841">
        <ele>2195.9</ele>
        <time>2025-07-27T18:53:53Z</time>
      </trkpt>
      <trkpt lat="53.173522" lon="-119.152854">
        <ele>2194.5</ele>
        <time>2025-07-27T18:53:58Z</time>
      </trkpt>
      <trkpt lat="53.173555" lon="-119.152935">
        <ele>2196.5</ele>
        <time>2025-07-27T18:54:08Z</time>
      </trkpt>
      <trkpt lat="53.173592" lon="-119.152975">
        <ele>2199.2</ele>
        <time>2025-07-27T18:54:16Z</time>
      </trkpt>
      <trkpt lat="53.173676" lon="-119.153146">
        <ele>2198.6</ele>
        <time>2025-07-27T18:54:32Z</time>
      </trkpt>
      <trkpt lat="53.173729" lon="-119.153320">
        <ele>2199.9</ele>
        <time>2025-07-27T18:54:45Z</time>
      </trkpt>
      <trkpt lat="53.173771" lon="-119.153418">
        <ele>2202.8</ele>
        <time>2025-07-27T18:54:53Z</time>
      </trkpt>
      <trkpt lat="53.173800" lon="-119.153465">
        <ele>2203.0</ele>
        <time>2025-07-27T18:54:58Z</time>
      </trkpt>
      <trkpt lat="53.173842" lon="-119.153503">
        <ele>2203.7</ele>
        <time>2025-07-27T18:55:04Z</time>
      </trkpt>
      <trkpt lat="53.173883" lon="-119.153576">
        <ele>2202.2</ele>
        <time>2025-07-27T18:55:12Z</time>
      </trkpt>
      <trkpt lat="53.173879" lon="-119.153612">
        <ele>2202.7</ele>
        <time>2025-07-27T18:55:17Z</time>
      </trkpt>
      <trkpt lat="53.173901" lon="-119.153626">
        <ele>2204.0</ele>
        <time>2025-07-27T18:55:20Z</time>
      </trkpt>
      <trkpt lat="53.173916" lon="-119.153651">
        <ele>2202.1</ele>
        <time>2025-07-27T18:55:23Z</time>
      </trkpt>
      <trkpt lat="53.173974" lon="-119.153682">
        <ele>2205.3</ele>
        <time>2025-07-27T18:55:31Z</time>
      </trkpt>
      <trkpt lat="53.173995" lon="-119.153662">
        <ele>2204.8</ele>
        <time>2025-07-27T18:55:34Z</time>
      </trkpt>
      <trkpt lat="53.174015" lon="-119.153666">
        <ele>2205.3</ele>
        <time>2025-07-27T18:55:37Z</time>
      </trkpt>
      <trkpt lat="53.174031" lon="-119.153629">
        <ele>2205.6</ele>
        <time>2025-07-27T18:55:40Z</time>
      </trkpt>
      <trkpt lat="53.174053" lon="-119.153628">
        <ele>2204.0</ele>
        <time>2025-07-27T18:55:46Z</time>
      </trkpt>
      <trkpt lat="53.174096" lon="-119.153591">
        <ele>2205.3</ele>
        <time>2025-07-27T18:55:56Z</time>
      </trkpt>
      <trkpt lat="53.174118" lon="-119.153588">
        <ele>2205.1</ele>
        <time>2025-07-27T18:56:02Z</time>
      </trkpt>
      <trkpt lat="53.174154" lon="-119.153542">
        <ele>2208.6</ele>
        <time>2025-07-27T18:56:10Z</time>
      </trkpt>
      <trkpt lat="53.174174" lon="-119.153535">
        <ele>2208.0</ele>
        <time>2025-07-27T18:56:13Z</time>
      </trkpt>
      <trkpt lat="53.174189" lon="-119.153516">
        <ele>2209.2</ele>
        <time>2025-07-27T18:56:17Z</time>
      </trkpt>
      <trkpt lat="53.174245" lon="-119.153567">
        <ele>2214.4</ele>
        <time>2025-07-27T18:56:28Z</time>
      </trkpt>
      <trkpt lat="53.174293" lon="-119.153552">
        <ele>2214.7</ele>
        <time>2025-07-27T18:56:38Z</time>
      </trkpt>
      <trkpt lat="53.174312" lon="-119.153529">
        <ele>2216.6</ele>
        <time>2025-07-27T18:56:42Z</time>
      </trkpt>
      <trkpt lat="53.174314" lon="-119.153493">
        <ele>2215.9</ele>
        <time>2025-07-27T18:56:46Z</time>
      </trkpt>
      <trkpt lat="53.174356" lon="-119.153477">
        <ele>2217.9</ele>
        <time>2025-07-27T18:57:14Z</time>
      </trkpt>
      <trkpt lat="53.174414" lon="-119.153318">
        <ele>2215.2</ele>
        <time>2025-07-27T18:57:32Z</time>
      </trkpt>
      <trkpt lat="53.174445" lon="-119.153275">
        <ele>2219.8</ele>
        <time>2025-07-27T18:57:36Z</time>
      </trkpt>
      <trkpt lat="53.174506" lon="-119.153305">
        <ele>2218.0</ele>
        <time>2025-07-27T18:57:44Z</time>
      </trkpt>
      <trkpt lat="53.174555" lon="-119.153313">
        <ele>2218.8</ele>
        <time>2025-07-27T18:57:51Z</time>
      </trkpt>
      <trkpt lat="53.174589" lon="-119.153531">
        <ele>2216.6</ele>
        <time>2025-07-27T18:58:28Z</time>
      </trkpt>
      <trkpt lat="53.174648" lon="-119.153734">
        <ele>2214.9</ele>
        <time>2025-07-27T18:58:41Z</time>
      </trkpt>
      <trkpt lat="53.174681" lon="-119.153777">
        <ele>2216.4</ele>
        <time>2025-07-27T18:58:45Z</time>
      </trkpt>
      <trkpt lat="53.174733" lon="-119.153883">
        <ele>2218.2</ele>
        <time>2025-07-27T18:58:53Z</time>
      </trkpt>
      <trkpt lat="53.174778" lon="-119.154004">
        <ele>2217.2</ele>
        <time>2025-07-27T18:59:01Z</time>
      </trkpt>
      <trkpt lat="53.174869" lon="-119.154163">
        <ele>2218.9</ele>
        <time>2025-07-27T18:59:16Z</time>
      </trkpt>
      <trkpt lat="53.174960" lon="-119.154449">
        <ele>2221.0</ele>
        <time>2025-07-27T18:59:38Z</time>
      </trkpt>
      <trkpt lat="53.174972" lon="-119.154523">
        <ele>2219.9</ele>
        <time>2025-07-27T18:59:43Z</time>
      </trkpt>
      <trkpt lat="53.174986" lon="-119.154546">
        <ele>2221.6</ele>
        <time>2025-07-27T18:59:47Z</time>
      </trkpt>
      <trkpt lat="53.174990" lon="-119.154608">
        <ele>2221.2</ele>
        <time>2025-07-27T19:00:13Z</time>
      </trkpt>
      <trkpt lat="53.175036" lon="-119.154680">
        <ele>2219.6</ele>
        <time>2025-07-27T19:00:50Z</time>
      </trkpt>
      <trkpt lat="53.175144" lon="-119.154775">
        <ele>2219.1</ele>
        <time>2025-07-27T19:01:01Z</time>
      </trkpt>
      <trkpt lat="53.175176" lon="-119.154841">
        <ele>2219.6</ele>
        <time>2025-07-27T19:01:06Z</time>
      </trkpt>
      <trkpt lat="53.175209" lon="-119.154988">
        <ele>2220.1</ele>
        <time>2025-07-27T19:19:46Z</time>
      </trkpt>
      <trkpt lat="53.175236" lon="-119.154947">
        <ele>2220.7</ele>
        <time>2025-07-27T19:20:34Z</time>
      </trkpt>
      <trkpt lat="53.175231" lon="-119.154868">
        <ele>2220.8</ele>
        <time>2025-07-27T19:20:40Z</time>
      </trkpt>
      <trkpt lat="53.175204" lon="-119.154817">
        <ele>2219.7</ele>
        <time>2025-07-27T19:20:44Z</time>
      </trkpt>
      <trkpt lat="53.175117" lon="-119.154708">
        <ele>2220.8</ele>
        <time>2025-07-27T19:20:58Z</time>
      </trkpt>
      <trkpt lat="53.175081" lon="-119.154617">
        <ele>2221.2</ele>
        <time>2025-07-27T19:21:04Z</time>
      </trkpt>
      <trkpt lat="53.174986" lon="-119.154504">
        <ele>2220.8</ele>
        <time>2025-07-27T19:21:14Z</time>
      </trkpt>
      <trkpt lat="53.174953" lon="-119.154358">
        <ele>2220.6</ele>
        <time>2025-07-27T19:21:25Z</time>
      </trkpt>
      <trkpt lat="53.174856" lon="-119.154199">
        <ele>2217.6</ele>
        <time>2025-07-27T19:21:39Z</time>
      </trkpt>
      <trkpt lat="53.174800" lon="-119.154063">
        <ele>2218.9</ele>
        <time>2025-07-27T19:21:49Z</time>
      </trkpt>
      <trkpt lat="53.174753" lon="-119.153756">
        <ele>2218.0</ele>
        <time>2025-07-27T19:22:06Z</time>
      </trkpt>
      <trkpt lat="53.174735" lon="-119.153692">
        <ele>2216.7</ele>
        <time>2025-07-27T19:22:10Z</time>
      </trkpt>
      <trkpt lat="53.174747" lon="-119.153652">
        <ele>2217.3</ele>
        <time>2025-07-27T19:22:12Z</time>
      </trkpt>
      <trkpt lat="53.174755" lon="-119.153518">
        <ele>2215.1</ele>
        <time>2025-07-27T19:22:20Z</time>
      </trkpt>
      <trkpt lat="53.174800" lon="-119.153458">
        <ele>2216.0</ele>
        <time>2025-07-27T19:22:24Z</time>
      </trkpt>
      <trkpt lat="53.174822" lon="-119.153402">
        <ele>2215.6</ele>
        <time>2025-07-27T19:22:29Z</time>
      </trkpt>
      <trkpt lat="53.174837" lon="-119.153247">
        <ele>2214.7</ele>
        <time>2025-07-27T19:24:08Z</time>
      </trkpt>
      <trkpt lat="53.174933" lon="-119.153116">
        <ele>2213.5</ele>
        <time>2025-07-27T19:24:19Z</time>
      </trkpt>
      <trkpt lat="53.174959" lon="-119.153054">
        <ele>2212.9</ele>
        <time>2025-07-27T19:25:21Z</time>
      </trkpt>
      <trkpt lat="53.174999" lon="-119.153012">
        <ele>2211.9</ele>
        <time>2025-07-27T19:25:25Z</time>
      </trkpt>
      <trkpt lat="53.175014" lon="-119.152946">
        <ele>2211.1</ele>
        <time>2025-07-27T19:25:29Z</time>
      </trkpt>
      <trkpt lat="53.175033" lon="-119.152910">
        <ele>2211.4</ele>
        <time>2025-07-27T19:25:31Z</time>
      </trkpt>
      <trkpt lat="53.175076" lon="-119.152869">
        <ele>2210.8</ele>
        <time>2025-07-27T19:25:35Z</time>
      </trkpt>
      <trkpt lat="53.175117" lon="-119.152800">
        <ele>2209.6</ele>
        <time>2025-07-27T19:25:39Z</time>
      </trkpt>
      <trkpt lat="53.175155" lon="-119.152760">
        <ele>2208.3</ele>
        <time>2025-07-27T19:25:43Z</time>
      </trkpt>
      <trkpt lat="53.175197" lon="-119.152747">
        <ele>2205.8</ele>
        <time>2025-07-27T19:25:47Z</time>
      </trkpt>
      <trkpt lat="53.175235" lon="-119.152719">
        <ele>2206.0</ele>
        <time>2025-07-27T19:25:52Z</time>
      </trkpt>
      <trkpt lat="53.175307" lon="-119.152618">
        <ele>2208.0</ele>
        <time>2025-07-27T19:26:01Z</time>
      </trkpt>
      <trkpt lat="53.175471" lon="-119.152494">
        <ele>2204.5</ele>
        <time>2025-07-27T19:26:31Z</time>
      </trkpt>
      <trkpt lat="53.175509" lon="-119.152492">
        <ele>2204.4</ele>
        <time>2025-07-27T19:26:39Z</time>
      </trkpt>
      <trkpt lat="53.175528" lon="-119.152475">
        <ele>2204.2</ele>
        <time>2025-07-27T19:26:42Z</time>
      </trkpt>
      <trkpt lat="53.175554" lon="-119.152473">
        <ele>2204.5</ele>
        <time>2025-07-27T19:26:45Z</time>
      </trkpt>
      <trkpt lat="53.175621" lon="-119.152440">
        <ele>2205.4</ele>
        <time>2025-07-27T19:26:53Z</time>
      </trkpt>
      <trkpt lat="53.175761" lon="-119.152186">
        <ele>2202.5</ele>
        <time>2025-07-27T19:27:13Z</time>
      </trkpt>
      <trkpt lat="53.175786" lon="-119.152167">
        <ele>2200.7</ele>
        <time>2025-07-27T19:27:15Z</time>
      </trkpt>
      <trkpt lat="53.175797" lon="-119.152136">
        <ele>2202.9</ele>
        <time>2025-07-27T19:27:19Z</time>
      </trkpt>
      <trkpt lat="53.175851" lon="-119.152060">
        <ele>2201.1</ele>
        <time>2025-07-27T19:27:37Z</time>
      </trkpt>
      <trkpt lat="53.175880" lon="-119.151995">
        <ele>2200.4</ele>
        <time>2025-07-27T19:27:42Z</time>
      </trkpt>
      <trkpt lat="53.176006" lon="-119.151924">
        <ele>2202.1</ele>
        <time>2025-07-27T19:27:56Z</time>
      </trkpt>
      <trkpt lat="53.176022" lon="-119.151908">
        <ele>2201.6</ele>
        <time>2025-07-27T19:27:59Z</time>
      </trkpt>
      <trkpt lat="53.176023" lon="-119.151877">
        <ele>2201.7</ele>
        <time>2025-07-27T19:28:16Z</time>
      </trkpt>
      <trkpt lat="53.176044" lon="-119.151869">
        <ele>2201.9</ele>
        <time>2025-07-27T19:28:21Z</time>
      </trkpt>
      <trkpt lat="53.176072" lon="-119.151874">
        <ele>2201.9</ele>
        <time>2025-07-27T19:28:23Z</time>
      </trkpt>
      <trkpt lat="53.176096" lon="-119.151801">
        <ele>2202.8</ele>
        <time>2025-07-27T19:28:27Z</time>
      </trkpt>
      <trkpt lat="53.176111" lon="-119.151782">
        <ele>2202.2</ele>
        <time>2025-07-27T19:28:29Z</time>
      </trkpt>
      <trkpt lat="53.176179" lon="-119.151788">
        <ele>2201.4</ele>
        <time>2025-07-27T19:28:36Z</time>
      </trkpt>
      <trkpt lat="53.176226" lon="-119.151806">
        <ele>2204.9</ele>
        <time>2025-07-27T19:28:41Z</time>
      </trkpt>
      <trkpt lat="53.176252" lon="-119.151800">
        <ele>2202.5</ele>
        <time>2025-07-27T19:28:43Z</time>
      </trkpt>
      <trkpt lat="53.176309" lon="-119.151739">
        <ele>2201.1</ele>
        <time>2025-07-27T19:28:49Z</time>
      </trkpt>
      <trkpt lat="53.176327" lon="-119.151698">
        <ele>2201.6</ele>
        <time>2025-07-27T19:28:51Z</time>
      </trkpt>
      <trkpt lat="53.176320" lon="-119.151586">
        <ele>2203.0</ele>
        <time>2025-07-27T19:28:56Z</time>
      </trkpt>
      <trkpt lat="53.176351" lon="-119.151485">
        <ele>2202.4</ele>
        <time>2025-07-27T19:29:03Z</time>
      </trkpt>
      <trkpt lat="53.176356" lon="-119.151437">
        <ele>2202.3</ele>
        <time>2025-07-27T19:29:06Z</time>
      </trkpt>
      <trkpt lat="53.176391" lon="-119.151384">
        <ele>2203.6</ele>
        <time>2025-07-27T19:29:12Z</time>
      </trkpt>
      <trkpt lat="53.176414" lon="-119.151380">
        <ele>2204.4</ele>
        <time>2025-07-27T19:29:14Z</time>
      </trkpt>
      <trkpt lat="53.176463" lon="-119.151270">
        <ele>2206.3</ele>
        <time>2025-07-27T19:29:25Z</time>
      </trkpt>
      <trkpt lat="53.176530" lon="-119.151186">
        <ele>2208.3</ele>
        <time>2025-07-27T19:29:41Z</time>
      </trkpt>
      <trkpt lat="53.176543" lon="-119.151121">
        <ele>2208.4</ele>
        <time>2025-07-27T19:29:48Z</time>
      </trkpt>
      <trkpt lat="53.176580" lon="-119.151023">
        <ele>2208.5</ele>
        <time>2025-07-27T19:30:44Z</time>
      </trkpt>
      <trkpt lat="53.176579" lon="-119.150914">
        <ele>2206.6</ele>
        <time>2025-07-27T19:30:50Z</time>
      </trkpt>
      <trkpt lat="53.176593" lon="-119.150858">
        <ele>2206.6</ele>
        <time>2025-07-27T19:30:53Z</time>
      </trkpt>
      <trkpt lat="53.176591" lon="-119.150705">
        <ele>2205.6</ele>
        <time>2025-07-27T19:31:01Z</time>
      </trkpt>
      <trkpt lat="53.176570" lon="-119.150505">
        <ele>2206.4</ele>
        <time>2025-07-27T19:31:11Z</time>
      </trkpt>
      <trkpt lat="53.176557" lon="-119.150480">
        <ele>2206.7</ele>
        <time>2025-07-27T19:31:13Z</time>
      </trkpt>
      <trkpt lat="53.176560" lon="-119.150336">
        <ele>2205.6</ele>
        <time>2025-07-27T19:31:23Z</time>
      </trkpt>
      <trkpt lat="53.176588" lon="-119.150285">
        <ele>2204.6</ele>
        <time>2025-07-27T19:31:28Z</time>
      </trkpt>
      <trkpt lat="53.176626" lon="-119.150256">
        <ele>2207.2</ele>
        <time>2025-07-27T19:31:32Z</time>
      </trkpt>
      <trkpt lat="53.176641" lon="-119.150227">
        <ele>2208.0</ele>
        <time>2025-07-27T19:31:35Z</time>
      </trkpt>
      <trkpt lat="53.176626" lon="-119.150163">
        <ele>2208.4</ele>
        <time>2025-07-27T19:31:47Z</time>
      </trkpt>
      <trkpt lat="53.176669" lon="-119.150125">
        <ele>2208.2</ele>
        <time>2025-07-27T19:31:55Z</time>
      </trkpt>
      <trkpt lat="53.176717" lon="-119.150108">
        <ele>2210.2</ele>
        <time>2025-07-27T19:32:00Z</time>
      </trkpt>
      <trkpt lat="53.176747" lon="-119.150050">
        <ele>2210.8</ele>
        <time>2025-07-27T19:32:06Z</time>
      </trkpt>
      <trkpt lat="53.176766" lon="-119.149891">
        <ele>2213.7</ele>
        <time>2025-07-27T19:32:22Z</time>
      </trkpt>
      <trkpt lat="53.176754" lon="-119.149815">
        <ele>2214.5</ele>
        <time>2025-07-27T19:32:30Z</time>
      </trkpt>
      <trkpt lat="53.176738" lon="-119.149788">
        <ele>2214.5</ele>
        <time>2025-07-27T19:32:34Z</time>
      </trkpt>
      <trkpt lat="53.176696" lon="-119.149767">
        <ele>2214.6</ele>
        <time>2025-07-27T19:32:38Z</time>
      </trkpt>
      <trkpt lat="53.176666" lon="-119.149705">
        <ele>2215.6</ele>
        <time>2025-07-27T19:32:43Z</time>
      </trkpt>
      <trkpt lat="53.176652" lon="-119.149669">
        <ele>2216.3</ele>
        <time>2025-07-27T19:32:46Z</time>
      </trkpt>
      <trkpt lat="53.176640" lon="-119.149575">
        <ele>2216.1</ele>
        <time>2025-07-27T19:32:52Z</time>
      </trkpt>
      <trkpt lat="53.176625" lon="-119.149544">
        <ele>2215.4</ele>
        <time>2025-07-27T19:32:54Z</time>
      </trkpt>
      <trkpt lat="53.176644" lon="-119.149391">
        <ele>2215.8</ele>
        <time>2025-07-27T19:33:03Z</time>
      </trkpt>
      <trkpt lat="53.176657" lon="-119.149365">
        <ele>2216.5</ele>
        <time>2025-07-27T19:33:05Z</time>
      </trkpt>
      <trkpt lat="53.176650" lon="-119.149332">
        <ele>2215.8</ele>
        <time>2025-07-27T19:33:08Z</time>
      </trkpt>
      <trkpt lat="53.176682" lon="-119.149177">
        <ele>2215.3</ele>
        <time>2025-07-27T19:33:18Z</time>
      </trkpt>
      <trkpt lat="53.176701" lon="-119.148949">
        <ele>2214.6</ele>
        <time>2025-07-27T19:33:32Z</time>
      </trkpt>
      <trkpt lat="53.176737" lon="-119.148818">
        <ele>2215.5</ele>
        <time>2025-07-27T19:33:42Z</time>
      </trkpt>
      <trkpt lat="53.176725" lon="-119.148783">
        <ele>2215.0</ele>
        <time>2025-07-27T19:33:45Z</time>
      </trkpt>
      <trkpt lat="53.176729" lon="-119.148734">
        <ele>2214.4</ele>
        <time>2025-07-27T19:33:47Z</time>
      </trkpt>
      <trkpt lat="53.176758" lon="-119.148692">
        <ele>2216.3</ele>
        <time>2025-07-27T19:34:16Z</time>
      </trkpt>
      <trkpt lat="53.176837" lon="-119.148453">
        <ele>2214.0</ele>
        <time>2025-07-27T19:34:54Z</time>
      </trkpt>
      <trkpt lat="53.176862" lon="-119.148429">
        <ele>2214.0</ele>
        <time>2025-07-27T19:34:56Z</time>
      </trkpt>
      <trkpt lat="53.176891" lon="-119.148372">
        <ele>2212.5</ele>
        <time>2025-07-27T19:35:01Z</time>
      </trkpt>
      <trkpt lat="53.176930" lon="-119.148236">
        <ele>2214.6</ele>
        <time>2025-07-27T19:35:21Z</time>
      </trkpt>
      <trkpt lat="53.176918" lon="-119.148171">
        <ele>2213.9</ele>
        <time>2025-07-27T19:35:25Z</time>
      </trkpt>
      <trkpt lat="53.176965" lon="-119.147973">
        <ele>2215.3</ele>
        <time>2025-07-27T19:35:38Z</time>
      </trkpt>
      <trkpt lat="53.176977" lon="-119.147859">
        <ele>2214.2</ele>
        <time>2025-07-27T19:35:45Z</time>
      </trkpt>
      <trkpt lat="53.177039" lon="-119.147550">
        <ele>2213.8</ele>
        <time>2025-07-27T19:36:04Z</time>
      </trkpt>
      <trkpt lat="53.177067" lon="-119.147463">
        <ele>2213.4</ele>
        <time>2025-07-27T19:36:10Z</time>
      </trkpt>
      <trkpt lat="53.177093" lon="-119.147407">
        <ele>2212.4</ele>
        <time>2025-07-27T19:36:14Z</time>
      </trkpt>
      <trkpt lat="53.177149" lon="-119.147336">
        <ele>2216.9</ele>
        <time>2025-07-27T19:36:22Z</time>
      </trkpt>
      <trkpt lat="53.177170" lon="-119.147322">
        <ele>2215.6</ele>
        <time>2025-07-27T19:36:25Z</time>
      </trkpt>
      <trkpt lat="53.177226" lon="-119.147211">
        <ele>2214.0</ele>
        <time>2025-07-27T19:36:36Z</time>
      </trkpt>
      <trkpt lat="53.177235" lon="-119.147184">
        <ele>2213.9</ele>
        <time>2025-07-27T19:36:38Z</time>
      </trkpt>
      <trkpt lat="53.177217" lon="-119.147106">
        <ele>2214.0</ele>
        <time>2025-07-27T19:36:43Z</time>
      </trkpt>
      <trkpt lat="53.177286" lon="-119.146982">
        <ele>2213.8</ele>
        <time>2025-07-27T19:37:02Z</time>
      </trkpt>
      <trkpt lat="53.177305" lon="-119.146966">
        <ele>2213.1</ele>
        <time>2025-07-27T19:37:04Z</time>
      </trkpt>
      <trkpt lat="53.177346" lon="-119.146955">
        <ele>2213.5</ele>
        <time>2025-07-27T19:37:09Z</time>
      </trkpt>
      <trkpt lat="53.177379" lon="-119.146889">
        <ele>2214.1</ele>
        <time>2025-07-27T19:37:15Z</time>
      </trkpt>
      <trkpt lat="53.177366" lon="-119.146811">
        <ele>2211.9</ele>
        <time>2025-07-27T19:37:23Z</time>
      </trkpt>
      <trkpt lat="53.177382" lon="-119.146641">
        <ele>2212.1</ele>
        <time>2025-07-27T19:37:38Z</time>
      </trkpt>
      <trkpt lat="53.177400" lon="-119.146574">
        <ele>2214.4</ele>
        <time>2025-07-27T19:37:46Z</time>
      </trkpt>
      <trkpt lat="53.177438" lon="-119.146501">
        <ele>2212.8</ele>
        <time>2025-07-27T19:37:55Z</time>
      </trkpt>
      <trkpt lat="53.177458" lon="-119.146435">
        <ele>2213.8</ele>
        <time>2025-07-27T19:37:58Z</time>
      </trkpt>
      <trkpt lat="53.177461" lon="-119.146373">
        <ele>2214.3</ele>
        <time>2025-07-27T19:38:02Z</time>
      </trkpt>
      <trkpt lat="53.177477" lon="-119.146346">
        <ele>2214.9</ele>
        <time>2025-07-27T19:38:06Z</time>
      </trkpt>
      <trkpt lat="53.177496" lon="-119.146245">
        <ele>2216.0</ele>
        <time>2025-07-27T19:38:13Z</time>
      </trkpt>
      <trkpt lat="53.177520" lon="-119.146181">
        <ele>2217.8</ele>
        <time>2025-07-27T19:38:18Z</time>
      </trkpt>
      <trkpt lat="53.177517" lon="-119.146081">
        <ele>2215.1</ele>
        <time>2025-07-27T19:38:33Z</time>
      </trkpt>
      <trkpt lat="53.177546" lon="-119.146024">
        <ele>2215.0</ele>
        <time>2025-07-27T19:38:41Z</time>
      </trkpt>
      <trkpt lat="53.177580" lon="-119.145841">
        <ele>2215.3</ele>
        <time>2025-07-27T19:38:53Z</time>
      </trkpt>
      <trkpt lat="53.177583" lon="-119.145773">
        <ele>2214.8</ele>
        <time>2025-07-27T19:38:59Z</time>
      </trkpt>
      <trkpt lat="53.177639" lon="-119.145678">
        <ele>2217.8</ele>
        <time>2025-07-27T19:39:23Z</time>
      </trkpt>
      <trkpt lat="53.177644" lon="-119.145520">
        <ele>2215.8</ele>
        <time>2025-07-27T19:39:32Z</time>
      </trkpt>
      <trkpt lat="53.177658" lon="-119.145452">
        <ele>2215.0</ele>
        <time>2025-07-27T19:39:38Z</time>
      </trkpt>
      <trkpt lat="53.177726" lon="-119.145333">
        <ele>2215.7</ele>
        <time>2025-07-27T19:39:49Z</time>
      </trkpt>
      <trkpt lat="53.177735" lon="-119.145294">
        <ele>2215.7</ele>
        <time>2025-07-27T19:39:51Z</time>
      </trkpt>
      <trkpt lat="53.177759" lon="-119.145281">
        <ele>2216.1</ele>
        <time>2025-07-27T19:39:55Z</time>
      </trkpt>
      <trkpt lat="53.177781" lon="-119.145282">
        <ele>2217.3</ele>
        <time>2025-07-27T19:40:02Z</time>
      </trkpt>
      <trkpt lat="53.177813" lon="-119.145234">
        <ele>2216.4</ele>
        <time>2025-07-27T19:40:06Z</time>
      </trkpt>
      <trkpt lat="53.177851" lon="-119.145200">
        <ele>2215.7</ele>
        <time>2025-07-27T19:40:11Z</time>
      </trkpt>
      <trkpt lat="53.177877" lon="-119.145149">
        <ele>2216.0</ele>
        <time>2025-07-27T19:40:18Z</time>
      </trkpt>
      <trkpt lat="53.177889" lon="-119.145086">
        <ele>2217.4</ele>
        <time>2025-07-27T19:40:27Z</time>
      </trkpt>
      <trkpt lat="53.177942" lon="-119.145027">
        <ele>2220.7</ele>
        <time>2025-07-27T19:40:37Z</time>
      </trkpt>
      <trkpt lat="53.178010" lon="-119.144887">
        <ele>2222.9</ele>
        <time>2025-07-27T19:40:56Z</time>
      </trkpt>
      <trkpt lat="53.178050" lon="-119.144856">
        <ele>2221.6</ele>
        <time>2025-07-27T19:41:02Z</time>
      </trkpt>
      <trkpt lat="53.178086" lon="-119.144755">
        <ele>2224.4</ele>
        <time>2025-07-27T19:41:12Z</time>
      </trkpt>
      <trkpt lat="53.178092" lon="-119.144647">
        <ele>2225.7</ele>
        <time>2025-07-27T19:41:23Z</time>
      </trkpt>
      <trkpt lat="53.178072" lon="-119.144621">
        <ele>2224.4</ele>
        <time>2025-07-27T19:41:27Z</time>
      </trkpt>
      <trkpt lat="53.178100" lon="-119.144566">
        <ele>2227.3</ele>
        <time>2025-07-27T19:41:39Z</time>
      </trkpt>
      <trkpt lat="53.178101" lon="-119.144530">
        <ele>2228.4</ele>
        <time>2025-07-27T19:41:42Z</time>
      </trkpt>
      <trkpt lat="53.178114" lon="-119.144499">
        <ele>2228.9</ele>
        <time>2025-07-27T19:41:53Z</time>
      </trkpt>
      <trkpt lat="53.178123" lon="-119.144327">
        <ele>2233.1</ele>
        <time>2025-07-27T19:42:18Z</time>
      </trkpt>
      <trkpt lat="53.178109" lon="-119.144215">
        <ele>2233.4</ele>
        <time>2025-07-27T19:42:32Z</time>
      </trkpt>
      <trkpt lat="53.178130" lon="-119.144119">
        <ele>2236.0</ele>
        <time>2025-07-27T19:42:48Z</time>
      </trkpt>
      <trkpt lat="53.178117" lon="-119.144091">
        <ele>2234.6</ele>
        <time>2025-07-27T19:42:52Z</time>
      </trkpt>
      <trkpt lat="53.178133" lon="-119.144075">
        <ele>2237.6</ele>
        <time>2025-07-27T19:42:55Z</time>
      </trkpt>
      <trkpt lat="53.178148" lon="-119.144010">
        <ele>2238.3</ele>
        <time>2025-07-27T19:43:03Z</time>
      </trkpt>
      <trkpt lat="53.178154" lon="-119.143852">
        <ele>2240.0</ele>
        <time>2025-07-27T19:43:17Z</time>
      </trkpt>
      <trkpt lat="53.178134" lon="-119.143784">
        <ele>2239.0</ele>
        <time>2025-07-27T19:43:23Z</time>
      </trkpt>
      <trkpt lat="53.178161" lon="-119.143693">
        <ele>2242.0</ele>
        <time>2025-07-27T19:43:39Z</time>
      </trkpt>
      <trkpt lat="53.178149" lon="-119.143624">
        <ele>2244.5</ele>
        <time>2025-07-27T19:43:48Z</time>
      </trkpt>
      <trkpt lat="53.178162" lon="-119.143513">
        <ele>2244.4</ele>
        <time>2025-07-27T19:44:00Z</time>
      </trkpt>
      <trkpt lat="53.178136" lon="-119.143447">
        <ele>2242.0</ele>
        <time>2025-07-27T19:44:06Z</time>
      </trkpt>
      <trkpt lat="53.178142" lon="-119.143381">
        <ele>2242.5</ele>
        <time>2025-07-27T19:44:14Z</time>
      </trkpt>
      <trkpt lat="53.178125" lon="-119.143393">
        <ele>2244.3</ele>
        <time>2025-07-27T19:44:52Z</time>
      </trkpt>
      <trkpt lat="53.178165" lon="-119.143393">
        <ele>2243.5</ele>
        <time>2025-07-27T19:46:50Z</time>
      </trkpt>
      <trkpt lat="53.178163" lon="-119.143355">
        <ele>2244.3</ele>
        <time>2025-07-27T19:46:58Z</time>
      </trkpt>
      <trkpt lat="53.178179" lon="-119.143332">
        <ele>2245.6</ele>
        <time>2025-07-27T19:47:00Z</time>
      </trkpt>
      <trkpt lat="53.178173" lon="-119.143230">
        <ele>2242.7</ele>
        <time>2025-07-27T19:47:10Z</time>
      </trkpt>
      <trkpt lat="53.178192" lon="-119.143133">
        <ele>2244.2</ele>
        <time>2025-07-27T19:47:22Z</time>
      </trkpt>
      <trkpt lat="53.178217" lon="-119.143078">
        <ele>2244.2</ele>
        <time>2025-07-27T19:47:28Z</time>
      </trkpt>
      <trkpt lat="53.178230" lon="-119.143013">
        <ele>2245.0</ele>
        <time>2025-07-27T19:47:32Z</time>
      </trkpt>
      <trkpt lat="53.178227" lon="-119.142900">
        <ele>2245.3</ele>
        <time>2025-07-27T19:47:41Z</time>
      </trkpt>
      <trkpt lat="53.178213" lon="-119.142867">
        <ele>2247.2</ele>
        <time>2025-07-27T19:47:43Z</time>
      </trkpt>
      <trkpt lat="53.178211" lon="-119.142801">
        <ele>2247.5</ele>
        <time>2025-07-27T19:47:52Z</time>
      </trkpt>
      <trkpt lat="53.178221" lon="-119.142771">
        <ele>2245.9</ele>
        <time>2025-07-27T19:47:54Z</time>
      </trkpt>
      <trkpt lat="53.178201" lon="-119.142763">
        <ele>2247.5</ele>
        <time>2025-07-27T19:47:57Z</time>
      </trkpt>
      <trkpt lat="53.178181" lon="-119.142710">
        <ele>2248.5</ele>
        <time>2025-07-27T19:48:02Z</time>
      </trkpt>
      <trkpt lat="53.178219" lon="-119.142593">
        <ele>2249.7</ele>
        <time>2025-07-27T19:48:36Z</time>
      </trkpt>
      <trkpt lat="53.178211" lon="-119.142526">
        <ele>2250.9</ele>
        <time>2025-07-27T19:48:49Z</time>
      </trkpt>
      <trkpt lat="53.178228" lon="-119.142505">
        <ele>2253.8</ele>
        <time>2025-07-27T19:48:55Z</time>
      </trkpt>
      <trkpt lat="53.178249" lon="-119.142435">
        <ele>2256.5</ele>
        <time>2025-07-27T19:49:08Z</time>
      </trkpt>
      <trkpt lat="53.178278" lon="-119.142381">
        <ele>2258.6</ele>
        <time>2025-07-27T19:49:24Z</time>
      </trkpt>
      <trkpt lat="53.178292" lon="-119.142314">
        <ele>2260.0</ele>
        <time>2025-07-27T19:49:38Z</time>
      </trkpt>
      <trkpt lat="53.178326" lon="-119.142345">
        <ele>2263.5</ele>
        <time>2025-07-27T19:49:57Z</time>
      </trkpt>
      <trkpt lat="53.178365" lon="-119.142320">
        <ele>2265.8</ele>
        <time>2025-07-27T19:50:08Z</time>
      </trkpt>
      <trkpt lat="53.178381" lon="-119.142337">
        <ele>2267.2</ele>
        <time>2025-07-27T19:50:15Z</time>
      </trkpt>
      <trkpt lat="53.178432" lon="-119.142225">
        <ele>2267.4</ele>
        <time>2025-07-27T19:50:35Z</time>
      </trkpt>
      <trkpt lat="53.178449" lon="-119.142165">
        <ele>2269.3</ele>
        <time>2025-07-27T19:50:43Z</time>
      </trkpt>
      <trkpt lat="53.178467" lon="-119.142166">
        <ele>2269.5</ele>
        <time>2025-07-27T19:50:48Z</time>
      </trkpt>
      <trkpt lat="53.178514" lon="-119.142058">
        <ele>2272.8</ele>
        <time>2025-07-27T19:51:04Z</time>
      </trkpt>
      <trkpt lat="53.178544" lon="-119.142022">
        <ele>2274.3</ele>
        <time>2025-07-27T19:51:16Z</time>
      </trkpt>
      <trkpt lat="53.178580" lon="-119.141941">
        <ele>2275.5</ele>
        <time>2025-07-27T19:51:31Z</time>
      </trkpt>
      <trkpt lat="53.178598" lon="-119.141921">
        <ele>2277.1</ele>
        <time>2025-07-27T19:51:35Z</time>
      </trkpt>
      <trkpt lat="53.178621" lon="-119.141921">
        <ele>2278.0</ele>
        <time>2025-07-27T19:51:44Z</time>
      </trkpt>
      <trkpt lat="53.178638" lon="-119.141938">
        <ele>2279.3</ele>
        <time>2025-07-27T19:51:49Z</time>
      </trkpt>
      <trkpt lat="53.178671" lon="-119.141888">
        <ele>2280.4</ele>
        <time>2025-07-27T19:51:58Z</time>
      </trkpt>
      <trkpt lat="53.178689" lon="-119.141886">
        <ele>2281.5</ele>
        <time>2025-07-27T19:52:02Z</time>
      </trkpt>
      <trkpt lat="53.178701" lon="-119.141918">
        <ele>2282.7</ele>
        <time>2025-07-27T19:52:07Z</time>
      </trkpt>
      <trkpt lat="53.178722" lon="-119.141926">
        <ele>2281.6</ele>
        <time>2025-07-27T19:52:13Z</time>
      </trkpt>
      <trkpt lat="53.178739" lon="-119.141912">
        <ele>2282.9</ele>
        <time>2025-07-27T19:52:17Z</time>
      </trkpt>
      <trkpt lat="53.178757" lon="-119.141933">
        <ele>2285.2</ele>
        <time>2025-07-27T19:52:22Z</time>
      </trkpt>
      <trkpt lat="53.178779" lon="-119.141918">
        <ele>2285.7</ele>
        <time>2025-07-27T19:52:26Z</time>
      </trkpt>
      <trkpt lat="53.178805" lon="-119.141917">
        <ele>2286.9</ele>
        <time>2025-07-27T19:52:34Z</time>
      </trkpt>
      <trkpt lat="53.178817" lon="-119.141941">
        <ele>2287.5</ele>
        <time>2025-07-27T19:52:39Z</time>
      </trkpt>
      <trkpt lat="53.178877" lon="-119.141939">
        <ele>2291.2</ele>
        <time>2025-07-27T19:52:57Z</time>
      </trkpt>
      <trkpt lat="53.178886" lon="-119.141966">
        <ele>2291.6</ele>
        <time>2025-07-27T19:53:02Z</time>
      </trkpt>
      <trkpt lat="53.178920" lon="-119.142000">
        <ele>2294.4</ele>
        <time>2025-07-27T19:54:07Z</time>
      </trkpt>
      <trkpt lat="53.178943" lon="-119.141988">
        <ele>2295.2</ele>
        <time>2025-07-27T19:54:10Z</time>
      </trkpt>
      <trkpt lat="53.178989" lon="-119.141987">
        <ele>2297.2</ele>
        <time>2025-07-27T19:54:19Z</time>
      </trkpt>
      <trkpt lat="53.179028" lon="-119.141958">
        <ele>2295.4</ele>
        <time>2025-07-27T19:54:27Z</time>
      </trkpt>
      <trkpt lat="53.179050" lon="-119.141961">
        <ele>2296.4</ele>
        <time>2025-07-27T19:54:31Z</time>
      </trkpt>
      <trkpt lat="53.179088" lon="-119.142000">
        <ele>2298.8</ele>
        <time>2025-07-27T19:54:40Z</time>
      </trkpt>
      <trkpt lat="53.179125" lon="-119.141972">
        <ele>2299.7</ele>
        <time>2025-07-27T19:54:49Z</time>
      </trkpt>
      <trkpt lat="53.179147" lon="-119.141972">
        <ele>2300.9</ele>
        <time>2025-07-27T19:54:53Z</time>
      </trkpt>
      <trkpt lat="53.179164" lon="-119.141958">
        <ele>2300.8</ele>
        <time>2025-07-27T19:54:58Z</time>
      </trkpt>
      <trkpt lat="53.179204" lon="-119.141997">
        <ele>2303.4</ele>
        <time>2025-07-27T19:55:10Z</time>
      </trkpt>
      <trkpt lat="53.179224" lon="-119.141991">
        <ele>2304.7</ele>
        <time>2025-07-27T19:55:14Z</time>
      </trkpt>
      <trkpt lat="53.179260" lon="-119.141944">
        <ele>2304.0</ele>
        <time>2025-07-27T19:55:21Z</time>
      </trkpt>
      <trkpt lat="53.179305" lon="-119.141923">
        <ele>2306.4</ele>
        <time>2025-07-27T19:55:32Z</time>
      </trkpt>
      <trkpt lat="53.179318" lon="-119.141954">
        <ele>2306.9</ele>
        <time>2025-07-27T19:55:36Z</time>
      </trkpt>
      <trkpt lat="53.179360" lon="-119.141957">
        <ele>2309.1</ele>
        <time>2025-07-27T19:55:46Z</time>
      </trkpt>
      <trkpt lat="53.179428" lon="-119.142045">
        <ele>2313.5</ele>
        <time>2025-07-27T19:56:10Z</time>
      </trkpt>
      <trkpt lat="53.179435" lon="-119.142077">
        <ele>2314.7</ele>
        <time>2025-07-27T19:56:13Z</time>
      </trkpt>
      <trkpt lat="53.179451" lon="-119.142062">
        <ele>2314.1</ele>
        <time>2025-07-27T19:56:17Z</time>
      </trkpt>
      <trkpt lat="53.179466" lon="-119.142082">
        <ele>2316.2</ele>
        <time>2025-07-27T19:56:22Z</time>
      </trkpt>
      <trkpt lat="53.179486" lon="-119.142068">
        <ele>2316.4</ele>
        <time>2025-07-27T19:56:25Z</time>
      </trkpt>
      <trkpt lat="53.179542" lon="-119.142096">
        <ele>2317.8</ele>
        <time>2025-07-27T19:56:43Z</time>
      </trkpt>
      <trkpt lat="53.179546" lon="-119.142158">
        <ele>2320.3</ele>
        <time>2025-07-27T19:56:54Z</time>
      </trkpt>
      <trkpt lat="53.179559" lon="-119.142184">
        <ele>2320.3</ele>
        <time>2025-07-27T19:56:58Z</time>
      </trkpt>
      <trkpt lat="53.179577" lon="-119.142195">
        <ele>2321.2</ele>
        <time>2025-07-27T19:57:04Z</time>
      </trkpt>
      <trkpt lat="53.179599" lon="-119.142260">
        <ele>2323.5</ele>
        <time>2025-07-27T19:57:15Z</time>
      </trkpt>
      <trkpt lat="53.179667" lon="-119.142265">
        <ele>2326.6</ele>
        <time>2025-07-27T19:57:33Z</time>
      </trkpt>
      <trkpt lat="53.179685" lon="-119.142275">
        <ele>2326.6</ele>
        <time>2025-07-27T19:57:39Z</time>
      </trkpt>
      <trkpt lat="53.179723" lon="-119.142255">
        <ele>2327.8</ele>
        <time>2025-07-27T19:57:49Z</time>
      </trkpt>
      <trkpt lat="53.179828" lon="-119.142339">
        <ele>2333.5</ele>
        <time>2025-07-27T19:58:26Z</time>
      </trkpt>
      <trkpt lat="53.179849" lon="-119.142342">
        <ele>2333.7</ele>
        <time>2025-07-27T19:58:31Z</time>
      </trkpt>
      <trkpt lat="53.179862" lon="-119.142400">
        <ele>2336.9</ele>
        <time>2025-07-27T19:58:45Z</time>
      </trkpt>
      <trkpt lat="53.179882" lon="-119.142407">
        <ele>2338.7</ele>
        <time>2025-07-27T19:58:51Z</time>
      </trkpt>
      <trkpt lat="53.179898" lon="-119.142431">
        <ele>2340.0</ele>
        <time>2025-07-27T19:58:58Z</time>
      </trkpt>
      <trkpt lat="53.179917" lon="-119.142426">
        <ele>2339.0</ele>
        <time>2025-07-27T19:59:03Z</time>
      </trkpt>
      <trkpt lat="53.179935" lon="-119.142439">
        <ele>2341.0</ele>
        <time>2025-07-27T19:59:10Z</time>
      </trkpt>
      <trkpt lat="53.179989" lon="-119.142539">
        <ele>2344.8</ele>
        <time>2025-07-27T19:59:33Z</time>
      </trkpt>
      <trkpt lat="53.180007" lon="-119.142545">
        <ele>2345.7</ele>
        <time>2025-07-27T19:59:40Z</time>
      </trkpt>
      <trkpt lat="53.180033" lon="-119.142603">
        <ele>2350.4</ele>
        <time>2025-07-27T19:59:56Z</time>
      </trkpt>
      <trkpt lat="53.180069" lon="-119.142618">
        <ele>2350.8</ele>
        <time>2025-07-27T20:00:08Z</time>
      </trkpt>
      <trkpt lat="53.180089" lon="-119.142615">
        <ele>2351.1</ele>
        <time>2025-07-27T20:00:13Z</time>
      </trkpt>
      <trkpt lat="53.180104" lon="-119.142634">
        <ele>2353.5</ele>
        <time>2025-07-27T20:00:20Z</time>
      </trkpt>
      <trkpt lat="53.180121" lon="-119.142621">
        <ele>2353.1</ele>
        <time>2025-07-27T20:00:24Z</time>
      </trkpt>
      <trkpt lat="53.180138" lon="-119.142634">
        <ele>2353.5</ele>
        <time>2025-07-27T20:03:27Z</time>
      </trkpt>
      <trkpt lat="53.180159" lon="-119.142611">
        <ele>2353.2</ele>
        <time>2025-07-27T20:03:41Z</time>
      </trkpt>
      <trkpt lat="53.180196" lon="-119.142608">
        <ele>2355.3</ele>
        <time>2025-07-27T20:03:52Z</time>
      </trkpt>
      <trkpt lat="53.180292" lon="-119.142734">
        <ele>2365.4</ele>
        <time>2025-07-27T20:04:36Z</time>
      </trkpt>
      <trkpt lat="53.180303" lon="-119.142769">
        <ele>2366.7</ele>
        <time>2025-07-27T20:04:43Z</time>
      </trkpt>
      <trkpt lat="53.180320" lon="-119.142782">
        <ele>2366.6</ele>
        <time>2025-07-27T20:04:48Z</time>
      </trkpt>
      <trkpt lat="53.180338" lon="-119.142791">
        <ele>2367.8</ele>
        <time>2025-07-27T20:04:55Z</time>
      </trkpt>
      <trkpt lat="53.180377" lon="-119.142769">
        <ele>2368.9</ele>
        <time>2025-07-27T20:05:02Z</time>
      </trkpt>
      <trkpt lat="53.180396" lon="-119.142778">
        <ele>2369.1</ele>
        <time>2025-07-27T20:05:09Z</time>
      </trkpt>
      <trkpt lat="53.180416" lon="-119.142767">
        <ele>2369.6</ele>
        <time>2025-07-27T20:05:14Z</time>
      </trkpt>
      <trkpt lat="53.180452" lon="-119.142854">
        <ele>2374.6</ele>
        <time>2025-07-27T20:05:37Z</time>
      </trkpt>
      <trkpt lat="53.180475" lon="-119.142862">
        <ele>2377.0</ele>
        <time>2025-07-27T20:05:47Z</time>
      </trkpt>
      <trkpt lat="53.180532" lon="-119.142819">
        <ele>2376.8</ele>
        <time>2025-07-27T20:06:01Z</time>
      </trkpt>
      <trkpt lat="53.180561" lon="-119.142861">
        <ele>2379.0</ele>
        <time>2025-07-27T20:06:12Z</time>
      </trkpt>
      <trkpt lat="53.180576" lon="-119.142845">
        <ele>2379.6</ele>
        <time>2025-07-27T20:06:17Z</time>
      </trkpt>
      <trkpt lat="53.180598" lon="-119.142861">
        <ele>2381.0</ele>
        <time>2025-07-27T20:06:24Z</time>
      </trkpt>
      <trkpt lat="53.180620" lon="-119.142917">
        <ele>2383.9</ele>
        <time>2025-07-27T20:06:36Z</time>
      </trkpt>
      <trkpt lat="53.180636" lon="-119.142933">
        <ele>2384.4</ele>
        <time>2025-07-27T20:06:45Z</time>
      </trkpt>
      <trkpt lat="53.180676" lon="-119.143053">
        <ele>2390.6</ele>
        <time>2025-07-27T20:07:12Z</time>
      </trkpt>
      <trkpt lat="53.180708" lon="-119.143089">
        <ele>2393.0</ele>
        <time>2025-07-27T20:07:27Z</time>
      </trkpt>
      <trkpt lat="53.180735" lon="-119.143142">
        <ele>2394.8</ele>
        <time>2025-07-27T20:07:41Z</time>
      </trkpt>
      <trkpt lat="53.180756" lon="-119.143138">
        <ele>2395.3</ele>
        <time>2025-07-27T20:07:51Z</time>
      </trkpt>
      <trkpt lat="53.180810" lon="-119.143170">
        <ele>2399.6</ele>
        <time>2025-07-27T20:08:11Z</time>
      </trkpt>
      <trkpt lat="53.180823" lon="-119.143148">
        <ele>2398.9</ele>
        <time>2025-07-27T20:08:15Z</time>
      </trkpt>
      <trkpt lat="53.180885" lon="-119.143238">
        <ele>2402.6</ele>
        <time>2025-07-27T20:08:35Z</time>
      </trkpt>
      <trkpt lat="53.180905" lon="-119.143250">
        <ele>2402.8</ele>
        <time>2025-07-27T20:08:39Z</time>
      </trkpt>
      <trkpt lat="53.180912" lon="-119.143278">
        <ele>2403.6</ele>
        <time>2025-07-27T20:08:43Z</time>
      </trkpt>
      <trkpt lat="53.180947" lon="-119.143323">
        <ele>2405.3</ele>
        <time>2025-07-27T20:08:52Z</time>
      </trkpt>
      <trkpt lat="53.180965" lon="-119.143297">
        <ele>2405.0</ele>
        <time>2025-07-27T20:08:58Z</time>
      </trkpt>
      <trkpt lat="53.181033" lon="-119.143295">
        <ele>2407.7</ele>
        <time>2025-07-27T20:09:15Z</time>
      </trkpt>
      <trkpt lat="53.181066" lon="-119.143326">
        <ele>2410.0</ele>
        <time>2025-07-27T20:09:26Z</time>
      </trkpt>
      <trkpt lat="53.181116" lon="-119.143434">
        <ele>2414.8</ele>
        <time>2025-07-27T20:09:57Z</time>
      </trkpt>
      <trkpt lat="53.181128" lon="-119.143491">
        <ele>2415.7</ele>
        <time>2025-07-27T20:10:06Z</time>
      </trkpt>
      <trkpt lat="53.181170" lon="-119.143525">
        <ele>2417.7</ele>
        <time>2025-07-27T20:10:21Z</time>
      </trkpt>
      <trkpt lat="53.181196" lon="-119.143579">
        <ele>2421.5</ele>
        <time>2025-07-27T20:10:36Z</time>
      </trkpt>
      <trkpt lat="53.181216" lon="-119.143575">
        <ele>2422.0</ele>
        <time>2025-07-27T20:10:42Z</time>
      </trkpt>
      <trkpt lat="53.181247" lon="-119.143616">
        <ele>2424.0</ele>
        <time>2025-07-27T20:10:55Z</time>
      </trkpt>
      <trkpt lat="53.181338" lon="-119.143625">
        <ele>2425.1</ele>
        <time>2025-07-27T20:11:27Z</time>
      </trkpt>
      <trkpt lat="53.181375" lon="-119.143639">
        <ele>2427.0</ele>
        <time>2025-07-27T20:11:39Z</time>
      </trkpt>
      <trkpt lat="53.181381" lon="-119.143669">
        <ele>2428.7</ele>
        <time>2025-07-27T20:11:47Z</time>
      </trkpt>
      <trkpt lat="53.181400" lon="-119.143665">
        <ele>2429.5</ele>
        <time>2025-07-27T20:11:53Z</time>
      </trkpt>
      <trkpt lat="53.181416" lon="-119.143684">
        <ele>2430.2</ele>
        <time>2025-07-27T20:12:02Z</time>
      </trkpt>
      <trkpt lat="53.181440" lon="-119.143680">
        <ele>2433.5</ele>
        <time>2025-07-27T20:12:14Z</time>
      </trkpt>
      <trkpt lat="53.181478" lon="-119.143648">
        <ele>2434.9</ele>
        <time>2025-07-27T20:12:25Z</time>
      </trkpt>
      <trkpt lat="53.181497" lon="-119.143652">
        <ele>2436.6</ele>
        <time>2025-07-27T20:12:32Z</time>
      </trkpt>
      <trkpt lat="53.181513" lon="-119.143673">
        <ele>2436.8</ele>
        <time>2025-07-27T20:12:41Z</time>
      </trkpt>
      <trkpt lat="53.181523" lon="-119.143736">
        <ele>2438.6</ele>
        <time>2025-07-27T20:12:56Z</time>
      </trkpt>
      <trkpt lat="53.181517" lon="-119.143834">
        <ele>2441.4</ele>
        <time>2025-07-27T20:13:16Z</time>
      </trkpt>
      <trkpt lat="53.181548" lon="-119.143920">
        <ele>2447.0</ele>
        <time>2025-07-27T20:13:49Z</time>
      </trkpt>
      <trkpt lat="53.181550" lon="-119.144061">
        <ele>2452.6</ele>
        <time>2025-07-27T20:14:25Z</time>
      </trkpt>
      <trkpt lat="53.181618" lon="-119.144005">
        <ele>2452.3</ele>
        <time>2025-07-27T20:15:08Z</time>
      </trkpt>
      <trkpt lat="53.181676" lon="-119.144034">
        <ele>2457.9</ele>
        <time>2025-07-27T20:15:33Z</time>
      </trkpt>
      <trkpt lat="53.181697" lon="-119.144104">
        <ele>2464.3</ele>
        <time>2025-07-27T20:16:05Z</time>
      </trkpt>
      <trkpt lat="53.181713" lon="-119.144082">
        <ele>2464.1</ele>
        <time>2025-07-27T20:16:08Z</time>
      </trkpt>
      <trkpt lat="53.181752" lon="-119.144097">
        <ele>2465.3</ele>
        <time>2025-07-27T20:16:31Z</time>
      </trkpt>
      <trkpt lat="53.181749" lon="-119.144161">
        <ele>2467.7</ele>
        <time>2025-07-27T20:16:50Z</time>
      </trkpt>
      <trkpt lat="53.181758" lon="-119.144190">
        <ele>2468.1</ele>
        <time>2025-07-27T20:17:06Z</time>
      </trkpt>
      <trkpt lat="53.181750" lon="-119.144221">
        <ele>2468.4</ele>
        <time>2025-07-27T20:17:16Z</time>
      </trkpt>
      <trkpt lat="53.181798" lon="-119.144270">
        <ele>2473.8</ele>
        <time>2025-07-27T20:17:47Z</time>
      </trkpt>
      <trkpt lat="53.181810" lon="-119.144297">
        <ele>2473.7</ele>
        <time>2025-07-27T20:18:01Z</time>
      </trkpt>
      <trkpt lat="53.181842" lon="-119.144380">
        <ele>2481.2</ele>
        <time>2025-07-27T20:18:45Z</time>
      </trkpt>
      <trkpt lat="53.181845" lon="-119.144446">
        <ele>2483.8</ele>
        <time>2025-07-27T20:19:00Z</time>
      </trkpt>
      <trkpt lat="53.181882" lon="-119.144457">
        <ele>2486.6</ele>
        <time>2025-07-27T20:19:29Z</time>
      </trkpt>
      <trkpt lat="53.181901" lon="-119.144494">
        <ele>2489.4</ele>
        <time>2025-07-27T20:20:14Z</time>
      </trkpt>
      <trkpt lat="53.181904" lon="-119.144524">
        <ele>2489.7</ele>
        <time>2025-07-27T20:20:22Z</time>
      </trkpt>
      <trkpt lat="53.181922" lon="-119.144530">
        <ele>2489.1</ele>
        <time>2025-07-27T20:20:27Z</time>
      </trkpt>
      <trkpt lat="53.181954" lon="-119.144572">
        <ele>2491.2</ele>
        <time>2025-07-27T20:20:43Z</time>
      </trkpt>
      <trkpt lat="53.181992" lon="-119.144589">
        <ele>2493.2</ele>
        <time>2025-07-27T20:21:01Z</time>
      </trkpt>
      <trkpt lat="53.181998" lon="-119.144619">
        <ele>2496.3</ele>
        <time>2025-07-27T20:21:08Z</time>
      </trkpt>
      <trkpt lat="53.182033" lon="-119.144649">
        <ele>2497.8</ele>
        <time>2025-07-27T20:21:23Z</time>
      </trkpt>
      <trkpt lat="53.182044" lon="-119.144676">
        <ele>2499.6</ele>
        <time>2025-07-27T20:21:35Z</time>
      </trkpt>
      <trkpt lat="53.182043" lon="-119.144745">
        <ele>2503.0</ele>
        <time>2025-07-27T20:22:17Z</time>
      </trkpt>
      <trkpt lat="53.182058" lon="-119.144832">
        <ele>2506.7</ele>
        <time>2025-07-27T20:22:37Z</time>
      </trkpt>
      <trkpt lat="53.182135" lon="-119.144939">
        <ele>2514.7</ele>
        <time>2025-07-27T20:23:24Z</time>
      </trkpt>
      <trkpt lat="53.182176" lon="-119.144957">
        <ele>2516.5</ele>
        <time>2025-07-27T20:23:56Z</time>
      </trkpt>
      <trkpt lat="53.182194" lon="-119.144952">
        <ele>2519.4</ele>
        <time>2025-07-27T20:24:11Z</time>
      </trkpt>
      <trkpt lat="53.182211" lon="-119.144972">
        <ele>2521.9</ele>
        <time>2025-07-27T20:24:39Z</time>
      </trkpt>
      <trkpt lat="53.182230" lon="-119.144972">
        <ele>2520.0</ele>
        <time>2025-07-27T20:24:52Z</time>
      </trkpt>
      <trkpt lat="53.182287" lon="-119.145002">
        <ele>2521.2</ele>
        <time>2025-07-27T20:25:37Z</time>
      </trkpt>
      <trkpt lat="53.182301" lon="-119.145021">
        <ele>2521.5</ele>
        <time>2025-07-27T20:25:43Z</time>
      </trkpt>
      <trkpt lat="53.182276" lon="-119.145074">
        <ele>2524.4</ele>
        <time>2025-07-27T20:25:59Z</time>
      </trkpt>
      <trkpt lat="53.182272" lon="-119.145107">
        <ele>2526.8</ele>
        <time>2025-07-27T20:26:11Z</time>
      </trkpt>
      <trkpt lat="53.182287" lon="-119.145133">
        <ele>2528.5</ele>
        <time>2025-07-27T20:26:17Z</time>
      </trkpt>
      <trkpt lat="53.182291" lon="-119.145167">
        <ele>2529.8</ele>
        <time>2025-07-27T20:26:25Z</time>
      </trkpt>
      <trkpt lat="53.182321" lon="-119.145214">
        <ele>2531.8</ele>
        <time>2025-07-27T20:26:42Z</time>
      </trkpt>
      <trkpt lat="53.182343" lon="-119.145209">
        <ele>2531.3</ele>
        <time>2025-07-27T20:26:46Z</time>
      </trkpt>
      <trkpt lat="53.182375" lon="-119.145267">
        <ele>2535.0</ele>
        <time>2025-07-27T20:29:28Z</time>
      </trkpt>
      <trkpt lat="53.182398" lon="-119.145266">
        <ele>2534.2</ele>
        <time>2025-07-27T20:29:32Z</time>
      </trkpt>
      <trkpt lat="53.182418" lon="-119.145287">
        <ele>2535.2</ele>
        <time>2025-07-27T20:29:37Z</time>
      </trkpt>
      <trkpt lat="53.182438" lon="-119.145275">
        <ele>2535.3</ele>
        <time>2025-07-27T20:29:42Z</time>
      </trkpt>
      <trkpt lat="53.182456" lon="-119.145281">
        <ele>2536.4</ele>
        <time>2025-07-27T20:30:00Z</time>
      </trkpt>
      <trkpt lat="53.182470" lon="-119.145301">
        <ele>2537.3</ele>
        <time>2025-07-27T20:30:05Z</time>
      </trkpt>
      <trkpt lat="53.182505" lon="-119.145305">
        <ele>2537.4</ele>
        <time>2025-07-27T20:30:38Z</time>
      </trkpt>
      <trkpt lat="53.182537" lon="-119.145332">
        <ele>2538.8</ele>
        <time>2025-07-27T20:30:45Z</time>
      </trkpt>
      <trkpt lat="53.182574" lon="-119.145336">
        <ele>2539.6</ele>
        <time>2025-07-27T20:30:51Z</time>
      </trkpt>
      <trkpt lat="53.182590" lon="-119.145356">
        <ele>2540.8</ele>
        <time>2025-07-27T20:30:56Z</time>
      </trkpt>
      <trkpt lat="53.182613" lon="-119.145351">
        <ele>2540.7</ele>
        <time>2025-07-27T20:31:00Z</time>
      </trkpt>
      <trkpt lat="53.182654" lon="-119.145374">
        <ele>2542.1</ele>
        <time>2025-07-27T20:31:08Z</time>
      </trkpt>
      <trkpt lat="53.182695" lon="-119.145380">
        <ele>2543.9</ele>
        <time>2025-07-27T20:31:17Z</time>
      </trkpt>
      <trkpt lat="53.182760" lon="-119.145355">
        <ele>2545.4</ele>
        <time>2025-07-27T20:31:35Z</time>
      </trkpt>
      <trkpt lat="53.182803" lon="-119.145367">
        <ele>2546.8</ele>
        <time>2025-07-27T20:31:45Z</time>
      </trkpt>
      <trkpt lat="53.182854" lon="-119.145413">
        <ele>2550.9</ele>
        <time>2025-07-27T20:32:14Z</time>
      </trkpt>
      <trkpt lat="53.182885" lon="-119.145459">
        <ele>2552.1</ele>
        <time>2025-07-27T20:32:30Z</time>
      </trkpt>
      <trkpt lat="53.182905" lon="-119.145463">
        <ele>2552.1</ele>
        <time>2025-07-27T20:32:35Z</time>
      </trkpt>
      <trkpt lat="53.182909" lon="-119.145493">
        <ele>2553.0</ele>
        <time>2025-07-27T20:32:44Z</time>
      </trkpt>
      <trkpt lat="53.182969" lon="-119.145491">
        <ele>2553.9</ele>
        <time>2025-07-27T20:32:58Z</time>
      </trkpt>
      <trkpt lat="53.183019" lon="-119.145527">
        <ele>2561.0</ele>
        <time>2025-07-27T20:33:24Z</time>
      </trkpt>
      <trkpt lat="53.183039" lon="-119.145527">
        <ele>2560.1</ele>
        <time>2025-07-27T20:33:29Z</time>
      </trkpt>
      <trkpt lat="53.183041" lon="-119.145561">
        <ele>2564.3</ele>
        <time>2025-07-27T20:33:38Z</time>
      </trkpt>
      <trkpt lat="53.183078" lon="-119.145569">
        <ele>2567.3</ele>
        <time>2025-07-27T20:33:50Z</time>
      </trkpt>
      <trkpt lat="53.183099" lon="-119.145564">
        <ele>2567.4</ele>
        <time>2025-07-27T20:33:54Z</time>
      </trkpt>
      <trkpt lat="53.183132" lon="-119.145608">
        <ele>2568.9</ele>
        <time>2025-07-27T20:34:06Z</time>
      </trkpt>
      <trkpt lat="53.183188" lon="-119.145650">
        <ele>2573.0</ele>
        <time>2025-07-27T20:34:27Z</time>
      </trkpt>
      <trkpt lat="53.183198" lon="-119.145679">
        <ele>2573.9</ele>
        <time>2025-07-27T20:34:33Z</time>
      </trkpt>
      <trkpt lat="53.183217" lon="-119.145683">
        <ele>2575.8</ele>
        <time>2025-07-27T20:34:41Z</time>
      </trkpt>
      <trkpt lat="53.183237" lon="-119.145705">
        <ele>2575.6</ele>
        <time>2025-07-27T20:34:48Z</time>
      </trkpt>
      <trkpt lat="53.183256" lon="-119.145698">
        <ele>2575.3</ele>
        <time>2025-07-27T20:34:52Z</time>
      </trkpt>
      <trkpt lat="53.183335" lon="-119.145734">
        <ele>2576.5</ele>
        <time>2025-07-27T20:35:18Z</time>
      </trkpt>
      <trkpt lat="53.183355" lon="-119.145734">
        <ele>2577.8</ele>
        <time>2025-07-27T20:35:25Z</time>
      </trkpt>
      <trkpt lat="53.183362" lon="-119.145768">
        <ele>2578.4</ele>
        <time>2025-07-27T20:35:30Z</time>
      </trkpt>
      <trkpt lat="53.183419" lon="-119.145818">
        <ele>2583.0</ele>
        <time>2025-07-27T20:36:04Z</time>
      </trkpt>
      <trkpt lat="53.183424" lon="-119.145848">
        <ele>2585.4</ele>
        <time>2025-07-27T20:36:21Z</time>
      </trkpt>
      <trkpt lat="53.183470" lon="-119.145844">
        <ele>2584.9</ele>
        <time>2025-07-27T20:36:37Z</time>
      </trkpt>
      <trkpt lat="53.183488" lon="-119.145853">
        <ele>2586.1</ele>
        <time>2025-07-27T20:36:49Z</time>
      </trkpt>
      <trkpt lat="53.183500" lon="-119.145877">
        <ele>2588.0</ele>
        <time>2025-07-27T20:37:17Z</time>
      </trkpt>
      <trkpt lat="53.183582" lon="-119.145850">
        <ele>2588.1</ele>
        <time>2025-07-27T20:37:55Z</time>
      </trkpt>
      <trkpt lat="53.183652" lon="-119.145857">
        <ele>2588.0</ele>
        <time>2025-07-27T20:38:06Z</time>
      </trkpt>
      <trkpt lat="53.183671" lon="-119.145837">
        <ele>2588.3</ele>
        <time>2025-07-27T20:38:09Z</time>
      </trkpt>
      <trkpt lat="53.183692" lon="-119.145844">
        <ele>2589.9</ele>
        <time>2025-07-27T20:38:13Z</time>
      </trkpt>
      <trkpt lat="53.183715" lon="-119.145833">
        <ele>2590.4</ele>
        <time>2025-07-27T20:38:16Z</time>
      </trkpt>
      <trkpt lat="53.183735" lon="-119.145837">
        <ele>2591.6</ele>
        <time>2025-07-27T20:38:20Z</time>
      </trkpt>
      <trkpt lat="53.183775" lon="-119.145871">
        <ele>2592.4</ele>
        <time>2025-07-27T20:38:31Z</time>
      </trkpt>
      <trkpt lat="53.183788" lon="-119.145903">
        <ele>2595.0</ele>
        <time>2025-07-27T20:38:37Z</time>
      </trkpt>
      <trkpt lat="53.183810" lon="-119.145898">
        <ele>2595.1</ele>
        <time>2025-07-27T20:38:41Z</time>
      </trkpt>
      <trkpt lat="53.183828" lon="-119.145909">
        <ele>2594.7</ele>
        <time>2025-07-27T20:38:46Z</time>
      </trkpt>
      <trkpt lat="53.183828" lon="-119.145973">
        <ele>2597.7</ele>
        <time>2025-07-27T20:38:56Z</time>
      </trkpt>
      <trkpt lat="53.183871" lon="-119.146060">
        <ele>2598.2</ele>
        <time>2025-07-27T20:39:13Z</time>
      </trkpt>
      <trkpt lat="53.183928" lon="-119.146044">
        <ele>2600.6</ele>
        <time>2025-07-27T20:39:34Z</time>
      </trkpt>
      <trkpt lat="53.183933" lon="-119.146014">
        <ele>2601.4</ele>
        <time>2025-07-27T20:39:39Z</time>
      </trkpt>
      <trkpt lat="53.184038" lon="-119.145942">
        <ele>2606.3</ele>
        <time>2025-07-27T20:40:10Z</time>
      </trkpt>
      <trkpt lat="53.184038" lon="-119.145973">
        <ele>2608.5</ele>
        <time>2025-07-27T20:40:18Z</time>
      </trkpt>
      <trkpt lat="53.184063" lon="-119.146062">
        <ele>2612.1</ele>
        <time>2025-07-27T20:40:39Z</time>
      </trkpt>
      <trkpt lat="53.184084" lon="-119.146056">
        <ele>2611.1</ele>
        <time>2025-07-27T20:40:45Z</time>
      </trkpt>
      <trkpt lat="53.184098" lon="-119.146122">
        <ele>2613.1</ele>
        <time>2025-07-27T20:41:07Z</time>
      </trkpt>
      <trkpt lat="53.184155" lon="-119.146136">
        <ele>2614.5</ele>
        <time>2025-07-27T20:41:24Z</time>
      </trkpt>
      <trkpt lat="53.184174" lon="-119.146165">
        <ele>2618.0</ele>
        <time>2025-07-27T20:41:52Z</time>
      </trkpt>
      <trkpt lat="53.184175" lon="-119.146196">
        <ele>2621.5</ele>
        <time>2025-07-27T20:42:27Z</time>
      </trkpt>
      <trkpt lat="53.184232" lon="-119.146204">
        <ele>2623.8</ele>
        <time>2025-07-27T20:42:38Z</time>
      </trkpt>
      <trkpt lat="53.184250" lon="-119.146179">
        <ele>2624.6</ele>
        <time>2025-07-27T20:42:42Z</time>
      </trkpt>
      <trkpt lat="53.184282" lon="-119.146209">
        <ele>2629.4</ele>
        <time>2025-07-27T20:42:58Z</time>
      </trkpt>
      <trkpt lat="53.184341" lon="-119.146200">
        <ele>2632.6</ele>
        <time>2025-07-27T20:43:16Z</time>
      </trkpt>
      <trkpt lat="53.184356" lon="-119.146229">
        <ele>2634.0</ele>
        <time>2025-07-27T20:43:25Z</time>
      </trkpt>
      <trkpt lat="53.184375" lon="-119.146239">
        <ele>2633.1</ele>
        <time>2025-07-27T20:43:30Z</time>
      </trkpt>
      <trkpt lat="53.184400" lon="-119.146300">
        <ele>2633.9</ele>
        <time>2025-07-27T20:43:40Z</time>
      </trkpt>
      <trkpt lat="53.184453" lon="-119.146358">
        <ele>2635.9</ele>
        <time>2025-07-27T20:43:54Z</time>
      </trkpt>
      <trkpt lat="53.184495" lon="-119.146331">
        <ele>2633.0</ele>
        <time>2025-07-27T20:44:14Z</time>
      </trkpt>
      <trkpt lat="53.184523" lon="-119.146327">
        <ele>2632.3</ele>
        <time>2025-07-27T20:44:18Z</time>
      </trkpt>
      <trkpt lat="53.184462" lon="-119.146323">
        <ele>2634.2</ele>
        <time>2025-07-27T20:44:35Z</time>
      </trkpt>
      <trkpt lat="53.184461" lon="-119.146312">
        <ele>2632.0</ele>
        <time>2025-07-27T21:06:10Z</time>
      </trkpt>
      <trkpt lat="53.184547" lon="-119.146307">
        <ele>2633.6</ele>
        <time>2025-07-27T21:06:24Z</time>
      </trkpt>
      <trkpt lat="53.184607" lon="-119.146347">
        <ele>2636.1</ele>
        <time>2025-07-27T21:06:32Z</time>
      </trkpt>
      <trkpt lat="53.184672" lon="-119.146357">
        <ele>2637.6</ele>
        <time>2025-07-27T21:06:39Z</time>
      </trkpt>
      <trkpt lat="53.184708" lon="-119.146382">
        <ele>2636.2</ele>
        <time>2025-07-27T21:06:44Z</time>
      </trkpt>
      <trkpt lat="53.184740" lon="-119.146424">
        <ele>2639.0</ele>
        <time>2025-07-27T21:06:50Z</time>
      </trkpt>
      <trkpt lat="53.184748" lon="-119.146455">
        <ele>2639.4</ele>
        <time>2025-07-27T21:06:52Z</time>
      </trkpt>
      <trkpt lat="53.184767" lon="-119.146470">
        <ele>2642.2</ele>
        <time>2025-07-27T21:06:55Z</time>
      </trkpt>
      <trkpt lat="53.184810" lon="-119.146431">
        <ele>2642.4</ele>
        <time>2025-07-27T21:07:01Z</time>
      </trkpt>
      <trkpt lat="53.184834" lon="-119.146445">
        <ele>2642.4</ele>
        <time>2025-07-27T21:07:06Z</time>
      </trkpt>
      <trkpt lat="53.184868" lon="-119.146486">
        <ele>2642.0</ele>
        <time>2025-07-27T21:07:11Z</time>
      </trkpt>
      <trkpt lat="53.184909" lon="-119.146511">
        <ele>2641.3</ele>
        <time>2025-07-27T21:07:18Z</time>
      </trkpt>
      <trkpt lat="53.184931" lon="-119.146509">
        <ele>2641.4</ele>
        <time>2025-07-27T21:07:21Z</time>
      </trkpt>
      <trkpt lat="53.184970" lon="-119.146560">
        <ele>2643.2</ele>
        <time>2025-07-27T21:07:27Z</time>
      </trkpt>
      <trkpt lat="53.184992" lon="-119.146560">
        <ele>2641.4</ele>
        <time>2025-07-27T21:07:31Z</time>
      </trkpt>
      <trkpt lat="53.185017" lon="-119.146607">
        <ele>2644.6</ele>
        <time>2025-07-27T21:07:38Z</time>
      </trkpt>
      <trkpt lat="53.185038" lon="-119.146700">
        <ele>2646.4</ele>
        <time>2025-07-27T21:07:50Z</time>
      </trkpt>
      <trkpt lat="53.185060" lon="-119.146750">
        <ele>2647.9</ele>
        <time>2025-07-27T21:08:00Z</time>
      </trkpt>
      <trkpt lat="53.185119" lon="-119.146836">
        <ele>2650.9</ele>
        <time>2025-07-27T21:08:20Z</time>
      </trkpt>
      <trkpt lat="53.185160" lon="-119.146855">
        <ele>2652.9</ele>
        <time>2025-07-27T21:08:28Z</time>
      </trkpt>
      <trkpt lat="53.185179" lon="-119.146829">
        <ele>2653.7</ele>
        <time>2025-07-27T21:08:32Z</time>
      </trkpt>
      <trkpt lat="53.185198" lon="-119.146821">
        <ele>2654.9</ele>
        <time>2025-07-27T21:08:37Z</time>
      </trkpt>
      <trkpt lat="53.185284" lon="-119.146796">
        <ele>2657.8</ele>
        <time>2025-07-27T21:08:57Z</time>
      </trkpt>
      <trkpt lat="53.185309" lon="-119.146799">
        <ele>2659.0</ele>
        <time>2025-07-27T21:09:02Z</time>
      </trkpt>
      <trkpt lat="53.185328" lon="-119.146787">
        <ele>2660.4</ele>
        <time>2025-07-27T21:09:06Z</time>
      </trkpt>
      <trkpt lat="53.185371" lon="-119.146806">
        <ele>2659.9</ele>
        <time>2025-07-27T21:09:16Z</time>
      </trkpt>
      <trkpt lat="53.185411" lon="-119.146790">
        <ele>2661.7</ele>
        <time>2025-07-27T21:09:25Z</time>
      </trkpt>
      <trkpt lat="53.185427" lon="-119.146769">
        <ele>2663.1</ele>
        <time>2025-07-27T21:09:30Z</time>
      </trkpt>
      <trkpt lat="53.185464" lon="-119.146775">
        <ele>2664.1</ele>
        <time>2025-07-27T21:09:40Z</time>
      </trkpt>
      <trkpt lat="53.185574" lon="-119.146854">
        <ele>2670.8</ele>
        <time>2025-07-27T21:10:10Z</time>
      </trkpt>
      <trkpt lat="53.185593" lon="-119.146848">
        <ele>2671.9</ele>
        <time>2025-07-27T21:10:14Z</time>
      </trkpt>
      <trkpt lat="53.185612" lon="-119.146858">
        <ele>2673.7</ele>
        <time>2025-07-27T21:10:17Z</time>
      </trkpt>
      <trkpt lat="53.185673" lon="-119.146835">
        <ele>2675.3</ele>
        <time>2025-07-27T21:10:29Z</time>
      </trkpt>
      <trkpt lat="53.185694" lon="-119.146836">
        <ele>2674.8</ele>
        <time>2025-07-27T21:10:33Z</time>
      </trkpt>
      <trkpt lat="53.185708" lon="-119.146860">
        <ele>2677.6</ele>
        <time>2025-07-27T21:10:38Z</time>
      </trkpt>
      <trkpt lat="53.185733" lon="-119.146847">
        <ele>2678.7</ele>
        <time>2025-07-27T21:10:42Z</time>
      </trkpt>
      <trkpt lat="53.185751" lon="-119.146872">
        <ele>2677.9</ele>
        <time>2025-07-27T21:10:45Z</time>
      </trkpt>
      <trkpt lat="53.185798" lon="-119.146865">
        <ele>2681.5</ele>
        <time>2025-07-27T21:10:55Z</time>
      </trkpt>
      <trkpt lat="53.185837" lon="-119.146895">
        <ele>2682.1</ele>
        <time>2025-07-27T21:11:04Z</time>
      </trkpt>
      <trkpt lat="53.185855" lon="-119.146895">
        <ele>2680.8</ele>
        <time>2025-07-27T21:11:07Z</time>
      </trkpt>
      <trkpt lat="53.185885" lon="-119.146933">
        <ele>2681.5</ele>
        <time>2025-07-27T21:11:16Z</time>
      </trkpt>
      <trkpt lat="53.185954" lon="-119.146932">
        <ele>2678.6</ele>
        <time>2025-07-27T21:11:30Z</time>
      </trkpt>
      <trkpt lat="53.185988" lon="-119.146969">
        <ele>2681.7</ele>
        <time>2025-07-27T21:11:39Z</time>
      </trkpt>
      <trkpt lat="53.186012" lon="-119.146960">
        <ele>2681.0</ele>
        <time>2025-07-27T21:11:44Z</time>
      </trkpt>
      <trkpt lat="53.186068" lon="-119.147005">
        <ele>2684.8</ele>
        <time>2025-07-27T21:11:58Z</time>
      </trkpt>
      <trkpt lat="53.186088" lon="-119.147006">
        <ele>2686.1</ele>
        <time>2025-07-27T21:12:04Z</time>
      </trkpt>
      <trkpt lat="53.186105" lon="-119.146990">
        <ele>2684.5</ele>
        <time>2025-07-27T21:12:07Z</time>
      </trkpt>
      <trkpt lat="53.186149" lon="-119.147007">
        <ele>2684.4</ele>
        <time>2025-07-27T21:12:19Z</time>
      </trkpt>
      <trkpt lat="53.186171" lon="-119.146993">
        <ele>2683.0</ele>
        <time>2025-07-27T21:12:25Z</time>
      </trkpt>
      <trkpt lat="53.186188" lon="-119.147009">
        <ele>2685.6</ele>
        <time>2025-07-27T21:12:32Z</time>
      </trkpt>
      <trkpt lat="53.186206" lon="-119.147009">
        <ele>2686.1</ele>
        <time>2025-07-27T21:12:38Z</time>
      </trkpt>
      <trkpt lat="53.186244" lon="-119.146971">
        <ele>2688.6</ele>
        <time>2025-07-27T21:12:46Z</time>
      </trkpt>
      <trkpt lat="53.186265" lon="-119.146913">
        <ele>2689.8</ele>
        <time>2025-07-27T21:13:05Z</time>
      </trkpt>
      <trkpt lat="53.186312" lon="-119.146860">
        <ele>2693.6</ele>
        <time>2025-07-27T21:13:31Z</time>
      </trkpt>
      <trkpt lat="53.186332" lon="-119.146853">
        <ele>2694.9</ele>
        <time>2025-07-27T21:13:41Z</time>
      </trkpt>
      <trkpt lat="53.186363" lon="-119.146822">
        <ele>2698.1</ele>
        <time>2025-07-27T21:14:03Z</time>
      </trkpt>
      <trkpt lat="53.186380" lon="-119.146834">
        <ele>2700.4</ele>
        <time>2025-07-27T21:14:20Z</time>
      </trkpt>
      <trkpt lat="53.186402" lon="-119.146919">
        <ele>2703.0</ele>
        <time>2025-07-27T21:14:41Z</time>
      </trkpt>
      <trkpt lat="53.186438" lon="-119.146906">
        <ele>2704.4</ele>
        <time>2025-07-27T21:15:07Z</time>
      </trkpt>
      <trkpt lat="53.186447" lon="-119.146878">
        <ele>2704.1</ele>
        <time>2025-07-27T21:15:11Z</time>
      </trkpt>
      <trkpt lat="53.186489" lon="-119.146843">
        <ele>2705.9</ele>
        <time>2025-07-27T21:15:33Z</time>
      </trkpt>
      <trkpt lat="53.186509" lon="-119.146845">
        <ele>2707.0</ele>
        <time>2025-07-27T21:15:38Z</time>
      </trkpt>
      <trkpt lat="53.186569" lon="-119.146804">
        <ele>2709.4</ele>
        <time>2025-07-27T21:15:54Z</time>
      </trkpt>
      <trkpt lat="53.186589" lon="-119.146816">
        <ele>2710.9</ele>
        <time>2025-07-27T21:15:58Z</time>
      </trkpt>
      <trkpt lat="53.186602" lon="-119.146793">
        <ele>2710.3</ele>
        <time>2025-07-27T21:16:09Z</time>
      </trkpt>
      <trkpt lat="53.186602" lon="-119.146805">
        <ele>2711.0</ele>
        <time>2025-07-27T21:16:12Z</time>
      </trkpt>
      <trkpt lat="53.186624" lon="-119.146810">
        <ele>2711.5</ele>
        <time>2025-07-27T21:16:15Z</time>
      </trkpt>
      <trkpt lat="53.186681" lon="-119.146792">
        <ele>2712.8</ele>
        <time>2025-07-27T21:16:27Z</time>
      </trkpt>
      <trkpt lat="53.186698" lon="-119.146773">
        <ele>2712.0</ele>
        <time>2025-07-27T21:16:38Z</time>
      </trkpt>
      <trkpt lat="53.186728" lon="-119.146898">
        <ele>2717.8</ele>
        <time>2025-07-27T21:17:03Z</time>
      </trkpt>
      <trkpt lat="53.186766" lon="-119.146902">
        <ele>2715.5</ele>
        <time>2025-07-27T21:17:10Z</time>
      </trkpt>
      <trkpt lat="53.186770" lon="-119.146932">
        <ele>2719.5</ele>
        <time>2025-07-27T21:17:14Z</time>
      </trkpt>
      <trkpt lat="53.186784" lon="-119.146915">
        <ele>2718.2</ele>
        <time>2025-07-27T21:17:17Z</time>
      </trkpt>
      <trkpt lat="53.186808" lon="-119.147006">
        <ele>2720.5</ele>
        <time>2025-07-27T21:17:42Z</time>
      </trkpt>
      <trkpt lat="53.186828" lon="-119.147013">
        <ele>2720.0</ele>
        <time>2025-07-27T21:18:24Z</time>
      </trkpt>
      <trkpt lat="53.186861" lon="-119.147133">
        <ele>2723.8</ele>
        <time>2025-07-27T21:19:27Z</time>
      </trkpt>
      <trkpt lat="53.186861" lon="-119.147200">
        <ele>2726.9</ele>
        <time>2025-07-27T21:19:37Z</time>
      </trkpt>
      <trkpt lat="53.186888" lon="-119.147241">
        <ele>2727.6</ele>
        <time>2025-07-27T21:19:47Z</time>
      </trkpt>
      <trkpt lat="53.186891" lon="-119.147274">
        <ele>2728.1</ele>
        <time>2025-07-27T21:19:52Z</time>
      </trkpt>
      <trkpt lat="53.186906" lon="-119.147305">
        <ele>2728.5</ele>
        <time>2025-07-27T21:19:56Z</time>
      </trkpt>
      <trkpt lat="53.186923" lon="-119.147323">
        <ele>2728.4</ele>
        <time>2025-07-27T21:20:00Z</time>
      </trkpt>
      <trkpt lat="53.186915" lon="-119.147351">
        <ele>2729.1</ele>
        <time>2025-07-27T21:20:07Z</time>
      </trkpt>
      <trkpt lat="53.186932" lon="-119.147413">
        <ele>2732.8</ele>
        <time>2025-07-27T21:20:19Z</time>
      </trkpt>
      <trkpt lat="53.186995" lon="-119.147434">
        <ele>2731.7</ele>
        <time>2025-07-27T21:20:59Z</time>
      </trkpt>
      <trkpt lat="53.187012" lon="-119.147415">
        <ele>2731.3</ele>
        <time>2025-07-27T21:21:03Z</time>
      </trkpt>
      <trkpt lat="53.187124" lon="-119.147373">
        <ele>2728.7</ele>
        <time>2025-07-27T21:21:21Z</time>
      </trkpt>
      <trkpt lat="53.187146" lon="-119.147384">
        <ele>2732.5</ele>
        <time>2025-07-27T21:21:26Z</time>
      </trkpt>
      <trkpt lat="53.187171" lon="-119.147364">
        <ele>2731.4</ele>
        <time>2025-07-27T21:21:30Z</time>
      </trkpt>
      <trkpt lat="53.187193" lon="-119.147363">
        <ele>2733.0</ele>
        <time>2025-07-27T21:21:35Z</time>
      </trkpt>
      <trkpt lat="53.187232" lon="-119.147331">
        <ele>2733.2</ele>
        <time>2025-07-27T21:21:42Z</time>
      </trkpt>
      <trkpt lat="53.187251" lon="-119.147326">
        <ele>2732.9</ele>
        <time>2025-07-27T21:21:44Z</time>
      </trkpt>
      <trkpt lat="53.187295" lon="-119.147341">
        <ele>2735.5</ele>
        <time>2025-07-27T21:22:07Z</time>
      </trkpt>
      <trkpt lat="53.187362" lon="-119.147290">
        <ele>2732.6</ele>
        <time>2025-07-27T21:22:19Z</time>
      </trkpt>
      <trkpt lat="53.187454" lon="-119.147286">
        <ele>2736.0</ele>
        <time>2025-07-27T21:22:35Z</time>
      </trkpt>
      <trkpt lat="53.187515" lon="-119.147262">
        <ele>2736.1</ele>
        <time>2025-07-27T21:22:43Z</time>
      </trkpt>
      <trkpt lat="53.187533" lon="-119.147274">
        <ele>2739.7</ele>
        <time>2025-07-27T21:22:47Z</time>
      </trkpt>
      <trkpt lat="53.187637" lon="-119.147208">
        <ele>2738.5</ele>
        <time>2025-07-27T21:23:02Z</time>
      </trkpt>
      <trkpt lat="53.187671" lon="-119.147162">
        <ele>2736.6</ele>
        <time>2025-07-27T21:23:07Z</time>
      </trkpt>
      <trkpt lat="53.187687" lon="-119.147180">
        <ele>2737.5</ele>
        <time>2025-07-27T21:23:10Z</time>
      </trkpt>
      <trkpt lat="53.187714" lon="-119.147162">
        <ele>2736.5</ele>
        <time>2025-07-27T21:23:14Z</time>
      </trkpt>
      <trkpt lat="53.187777" lon="-119.147147">
        <ele>2739.0</ele>
        <time>2025-07-27T21:23:25Z</time>
      </trkpt>
      <trkpt lat="53.187800" lon="-119.147121">
        <ele>2737.0</ele>
        <time>2025-07-27T21:23:29Z</time>
      </trkpt>
      <trkpt lat="53.187898" lon="-119.147093">
        <ele>2741.7</ele>
        <time>2025-07-27T21:23:47Z</time>
      </trkpt>
      <trkpt lat="53.187936" lon="-119.147053">
        <ele>2740.8</ele>
        <time>2025-07-27T21:23:54Z</time>
      </trkpt>
      <trkpt lat="53.187978" lon="-119.147058">
        <ele>2743.8</ele>
        <time>2025-07-27T21:24:03Z</time>
      </trkpt>
      <trkpt lat="53.188080" lon="-119.147015">
        <ele>2746.1</ele>
        <time>2025-07-27T21:24:26Z</time>
      </trkpt>
      <trkpt lat="53.188100" lon="-119.147021">
        <ele>2747.4</ele>
        <time>2025-07-27T21:24:33Z</time>
      </trkpt>
      <trkpt lat="53.188171" lon="-119.146991">
        <ele>2748.6</ele>
        <time>2025-07-27T21:24:51Z</time>
      </trkpt>
      <trkpt lat="53.188218" lon="-119.146991">
        <ele>2752.0</ele>
        <time>2025-07-27T21:25:02Z</time>
      </trkpt>
      <trkpt lat="53.188238" lon="-119.146972">
        <ele>2753.2</ele>
        <time>2025-07-27T21:25:07Z</time>
      </trkpt>
      <trkpt lat="53.188256" lon="-119.146977">
        <ele>2753.1</ele>
        <time>2025-07-27T21:25:12Z</time>
      </trkpt>
      <trkpt lat="53.188360" lon="-119.146939">
        <ele>2757.3</ele>
        <time>2025-07-27T21:25:37Z</time>
      </trkpt>
      <trkpt lat="53.188376" lon="-119.146955">
        <ele>2758.0</ele>
        <time>2025-07-27T21:25:47Z</time>
      </trkpt>
      <trkpt lat="53.188434" lon="-119.146902">
        <ele>2758.4</ele>
        <time>2025-07-27T21:26:00Z</time>
      </trkpt>
      <trkpt lat="53.188540" lon="-119.146862">
        <ele>2764.3</ele>
        <time>2025-07-27T21:26:31Z</time>
      </trkpt>
      <trkpt lat="53.188556" lon="-119.146844">
        <ele>2763.3</ele>
        <time>2025-07-27T21:26:34Z</time>
      </trkpt>
      <trkpt lat="53.188614" lon="-119.146823">
        <ele>2765.5</ele>
        <time>2025-07-27T21:26:49Z</time>
      </trkpt>
      <trkpt lat="53.188632" lon="-119.146839">
        <ele>2768.7</ele>
        <time>2025-07-27T21:28:57Z</time>
      </trkpt>
      <trkpt lat="53.188682" lon="-119.146779">
        <ele>2768.4</ele>
        <time>2025-07-27T21:29:10Z</time>
      </trkpt>
      <trkpt lat="53.188744" lon="-119.146773">
        <ele>2770.2</ele>
        <time>2025-07-27T21:29:25Z</time>
      </trkpt>
      <trkpt lat="53.188821" lon="-119.146667">
        <ele>2769.9</ele>
        <time>2025-07-27T21:29:56Z</time>
      </trkpt>
      <trkpt lat="53.188845" lon="-119.146663">
        <ele>2770.8</ele>
        <time>2025-07-27T21:30:01Z</time>
      </trkpt>
      <trkpt lat="53.188862" lon="-119.146681">
        <ele>2774.4</ele>
        <time>2025-07-27T21:30:09Z</time>
      </trkpt>
      <trkpt lat="53.188884" lon="-119.146677">
        <ele>2773.1</ele>
        <time>2025-07-27T21:30:16Z</time>
      </trkpt>
      <trkpt lat="53.188976" lon="-119.146585">
        <ele>2775.7</ele>
        <time>2025-07-27T21:30:40Z</time>
      </trkpt>
      <trkpt lat="53.189032" lon="-119.146561">
        <ele>2778.6</ele>
        <time>2025-07-27T21:30:56Z</time>
      </trkpt>
      <trkpt lat="53.189090" lon="-119.146423">
        <ele>2778.0</ele>
        <time>2025-07-27T21:31:20Z</time>
      </trkpt>
      <trkpt lat="53.189111" lon="-119.146419">
        <ele>2778.6</ele>
        <time>2025-07-27T21:31:26Z</time>
      </trkpt>
      <trkpt lat="53.189179" lon="-119.146299">
        <ele>2779.3</ele>
        <time>2025-07-27T21:31:54Z</time>
      </trkpt>
      <trkpt lat="53.189208" lon="-119.146218">
        <ele>2780.8</ele>
        <time>2025-07-27T21:32:09Z</time>
      </trkpt>
      <trkpt lat="53.189213" lon="-119.146152">
        <ele>2781.0</ele>
        <time>2025-07-27T21:32:31Z</time>
      </trkpt>
      <trkpt lat="53.189224" lon="-119.146129">
        <ele>2782.0</ele>
        <time>2025-07-27T21:32:48Z</time>
      </trkpt>
      <trkpt lat="53.189239" lon="-119.146106">
        <ele>2783.1</ele>
        <time>2025-07-27T21:32:53Z</time>
      </trkpt>
      <trkpt lat="53.189278" lon="-119.146081">
        <ele>2784.3</ele>
        <time>2025-07-27T21:33:03Z</time>
      </trkpt>
      <trkpt lat="53.189297" lon="-119.146080">
        <ele>2785.0</ele>
        <time>2025-07-27T21:33:06Z</time>
      </trkpt>
      <trkpt lat="53.189358" lon="-119.145986">
        <ele>2788.2</ele>
        <time>2025-07-27T21:33:28Z</time>
      </trkpt>
      <trkpt lat="53.189399" lon="-119.145964">
        <ele>2788.4</ele>
        <time>2025-07-27T21:33:41Z</time>
      </trkpt>
      <trkpt lat="53.189466" lon="-119.145982">
        <ele>2793.0</ele>
        <time>2025-07-27T21:34:00Z</time>
      </trkpt>
      <trkpt lat="53.189485" lon="-119.145963">
        <ele>2793.1</ele>
        <time>2025-07-27T21:34:05Z</time>
      </trkpt>
      <trkpt lat="53.189501" lon="-119.145977">
        <ele>2796.1</ele>
        <time>2025-07-27T21:34:17Z</time>
      </trkpt>
      <trkpt lat="53.189534" lon="-119.145938">
        <ele>2794.7</ele>
        <time>2025-07-27T21:34:23Z</time>
      </trkpt>
      <trkpt lat="53.189556" lon="-119.145930">
        <ele>2794.3</ele>
        <time>2025-07-27T21:34:26Z</time>
      </trkpt>
      <trkpt lat="53.189575" lon="-119.145936">
        <ele>2795.7</ele>
        <time>2025-07-27T21:34:32Z</time>
      </trkpt>
      <trkpt lat="53.189609" lon="-119.145894">
        <ele>2794.3</ele>
        <time>2025-07-27T21:34:41Z</time>
      </trkpt>
      <trkpt lat="53.189670" lon="-119.145880">
        <ele>2798.1</ele>
        <time>2025-07-27T21:34:58Z</time>
      </trkpt>
      <trkpt lat="53.189708" lon="-119.145852">
        <ele>2802.5</ele>
        <time>2025-07-27T21:35:15Z</time>
      </trkpt>
      <trkpt lat="53.189723" lon="-119.145820">
        <ele>2800.4</ele>
        <time>2025-07-27T21:35:27Z</time>
      </trkpt>
      <trkpt lat="53.189727" lon="-119.145780">
        <ele>2799.2</ele>
        <time>2025-07-27T21:35:32Z</time>
      </trkpt>
      <trkpt lat="53.189744" lon="-119.145794">
        <ele>2803.5</ele>
        <time>2025-07-27T21:36:12Z</time>
      </trkpt>
      <trkpt lat="53.189779" lon="-119.145758">
        <ele>2804.1</ele>
        <time>2025-07-27T21:36:25Z</time>
      </trkpt>
      <trkpt lat="53.189820" lon="-119.145736">
        <ele>2806.0</ele>
        <time>2025-07-27T21:36:47Z</time>
      </trkpt>
      <trkpt lat="53.189846" lon="-119.145689">
        <ele>2804.0</ele>
        <time>2025-07-27T21:37:05Z</time>
      </trkpt>
      <trkpt lat="53.189890" lon="-119.145685">
        <ele>2810.0</ele>
        <time>2025-07-27T21:37:29Z</time>
      </trkpt>
      <trkpt lat="53.189922" lon="-119.145716">
        <ele>2811.9</ele>
        <time>2025-07-27T21:37:51Z</time>
      </trkpt>
      <trkpt lat="53.189921" lon="-119.145750">
        <ele>2814.1</ele>
        <time>2025-07-27T21:37:57Z</time>
      </trkpt>
      <trkpt lat="53.189970" lon="-119.145686">
        <ele>2816.7</ele>
        <time>2025-07-27T21:38:55Z</time>
      </trkpt>
      <trkpt lat="53.190006" lon="-119.145665">
        <ele>2818.6</ele>
        <time>2025-07-27T21:39:09Z</time>
      </trkpt>
      <trkpt lat="53.190023" lon="-119.145692">
        <ele>2822.3</ele>
        <time>2025-07-27T21:39:24Z</time>
      </trkpt>
      <trkpt lat="53.190059" lon="-119.145648">
        <ele>2823.9</ele>
        <time>2025-07-27T21:39:47Z</time>
      </trkpt>
      <trkpt lat="53.190093" lon="-119.145687">
        <ele>2826.7</ele>
        <time>2025-07-27T21:40:07Z</time>
      </trkpt>
      <trkpt lat="53.190112" lon="-119.145687">
        <ele>2829.9</ele>
        <time>2025-07-27T21:40:22Z</time>
      </trkpt>
      <trkpt lat="53.190127" lon="-119.145705">
        <ele>2831.6</ele>
        <time>2025-07-27T21:40:35Z</time>
      </trkpt>
      <trkpt lat="53.190163" lon="-119.145675">
        <ele>2829.2</ele>
        <time>2025-07-27T21:40:51Z</time>
      </trkpt>
      <trkpt lat="53.190170" lon="-119.145642">
        <ele>2829.3</ele>
        <time>2025-07-27T21:41:59Z</time>
      </trkpt>
      <trkpt lat="53.190191" lon="-119.145631">
        <ele>2828.7</ele>
        <time>2025-07-27T21:42:20Z</time>
      </trkpt>
      <trkpt lat="53.190242" lon="-119.145446">
        <ele>2833.3</ele>
        <time>2025-07-27T21:43:20Z</time>
      </trkpt>
      <trkpt lat="53.190231" lon="-119.145422">
        <ele>2833.0</ele>
        <time>2025-07-27T21:43:27Z</time>
      </trkpt>
      <trkpt lat="53.190207" lon="-119.145429">
        <ele>2831.7</ele>
        <time>2025-07-27T21:43:32Z</time>
      </trkpt>
      <trkpt lat="53.190220" lon="-119.145318">
        <ele>2830.3</ele>
        <time>2025-07-27T21:43:45Z</time>
      </trkpt>
      <trkpt lat="53.190245" lon="-119.145266">
        <ele>2831.2</ele>
        <time>2025-07-27T21:43:52Z</time>
      </trkpt>
      <trkpt lat="53.190221" lon="-119.145131">
        <ele>2829.9</ele>
        <time>2025-07-27T21:44:07Z</time>
      </trkpt>
      <trkpt lat="53.190227" lon="-119.145098">
        <ele>2830.1</ele>
        <time>2025-07-27T21:44:09Z</time>
      </trkpt>
      <trkpt lat="53.190242" lon="-119.145079">
        <ele>2831.4</ele>
        <time>2025-07-27T21:44:13Z</time>
      </trkpt>
      <trkpt lat="53.190235" lon="-119.145047">
        <ele>2831.6</ele>
        <time>2025-07-27T21:44:18Z</time>
      </trkpt>
      <trkpt lat="53.190259" lon="-119.144992">
        <ele>2832.4</ele>
        <time>2025-07-27T21:44:36Z</time>
      </trkpt>
      <trkpt lat="53.190302" lon="-119.144944">
        <ele>2839.0</ele>
        <time>2025-07-27T21:45:00Z</time>
      </trkpt>
      <trkpt lat="53.190293" lon="-119.144881">
        <ele>2840.0</ele>
        <time>2025-07-27T21:45:18Z</time>
      </trkpt>
      <trkpt lat="53.190338" lon="-119.144858">
        <ele>2845.1</ele>
        <time>2025-07-27T21:46:20Z</time>
      </trkpt>
      <trkpt lat="53.190352" lon="-119.144834">
        <ele>2845.3</ele>
        <time>2025-07-27T21:46:25Z</time>
      </trkpt>
      <trkpt lat="53.190345" lon="-119.144814">
        <ele>2845.8</ele>
        <time>2025-07-27T21:46:41Z</time>
      </trkpt>
      <trkpt lat="53.190362" lon="-119.144800">
        <ele>2844.7</ele>
        <time>2025-07-27T21:46:49Z</time>
      </trkpt>
      <trkpt lat="53.190389" lon="-119.144739">
        <ele>2848.7</ele>
        <time>2025-07-27T21:47:15Z</time>
      </trkpt>
      <trkpt lat="53.190410" lon="-119.144724">
        <ele>2848.8</ele>
        <time>2025-07-27T21:47:35Z</time>
      </trkpt>
      <trkpt lat="53.190422" lon="-119.144755">
        <ele>2853.4</ele>
        <time>2025-07-27T21:47:58Z</time>
      </trkpt>
      <trkpt lat="53.190441" lon="-119.144759">
        <ele>2855.2</ele>
        <time>2025-07-27T21:48:12Z</time>
      </trkpt>
      <trkpt lat="53.190448" lon="-119.144717">
        <ele>2855.6</ele>
        <time>2025-07-27T21:48:21Z</time>
      </trkpt>
      <trkpt lat="53.190452" lon="-119.144737">
        <ele>2851.5</ele>
        <time>2025-07-27T21:48:37Z</time>
      </trkpt>
      <trkpt lat="53.190485" lon="-119.144735">
        <ele>2852.8</ele>
        <time>2025-07-27T21:48:54Z</time>
      </trkpt>
      <trkpt lat="53.190532" lon="-119.144630">
        <ele>2853.6</ele>
        <time>2025-07-27T21:49:22Z</time>
      </trkpt>
      <trkpt lat="53.190519" lon="-119.144615">
        <ele>2854.9</ele>
        <time>2025-07-27T21:49:50Z</time>
      </trkpt>
      <trkpt lat="53.190531" lon="-119.144590">
        <ele>2856.4</ele>
        <time>2025-07-27T21:51:05Z</time>
      </trkpt>
      <trkpt lat="53.190547" lon="-119.144608">
        <ele>2855.9</ele>
        <time>2025-07-27T21:51:17Z</time>
      </trkpt>
      <trkpt lat="53.190563" lon="-119.144593">
        <ele>2857.7</ele>
        <time>2025-07-27T21:51:24Z</time>
      </trkpt>
      <trkpt lat="53.190580" lon="-119.144609">
        <ele>2853.1</ele>
        <time>2025-07-27T21:51:41Z</time>
      </trkpt>
      <trkpt lat="53.190659" lon="-119.144474">
        <ele>2855.1</ele>
        <time>2025-07-27T21:52:52Z</time>
      </trkpt>
      <trkpt lat="53.190661" lon="-119.144435">
        <ele>2858.2</ele>
        <time>2025-07-27T21:53:03Z</time>
      </trkpt>
      <trkpt lat="53.190621" lon="-119.144386">
        <ele>2874.6</ele>
        <time>2025-07-27T21:53:29Z</time>
      </trkpt>
      <trkpt lat="53.190594" lon="-119.144368">
        <ele>2874.0</ele>
        <time>2025-07-27T21:53:48Z</time>
      </trkpt>
      <trkpt lat="53.190608" lon="-119.144401">
        <ele>2873.7</ele>
        <time>2025-07-27T21:54:19Z</time>
      </trkpt>
      <trkpt lat="53.190630" lon="-119.144405">
        <ele>2874.6</ele>
        <time>2025-07-27T21:54:21Z</time>
      </trkpt>
      <trkpt lat="53.190648" lon="-119.144388">
        <ele>2875.4</ele>
        <time>2025-07-27T21:54:26Z</time>
      </trkpt>
      <trkpt lat="53.190609" lon="-119.144363">
        <ele>2879.0</ele>
        <time>2025-07-27T21:54:39Z</time>
      </trkpt>
      <trkpt lat="53.190618" lon="-119.144364">
        <ele>2879.1</ele>
        <time>2025-07-27T21:55:00Z</time>
      </trkpt>
      <trkpt lat="53.190605" lon="-119.144366">
        <ele>2879.8</ele>
        <time>2025-07-27T21:55:03Z</time>
      </trkpt>
      <trkpt lat="53.190580" lon="-119.144323">
        <ele>2881.8</ele>
        <time>2025-07-27T21:55:58Z</time>
      </trkpt>
      <trkpt lat="53.190596" lon="-119.144338">
        <ele>2880.0</ele>
        <time>2025-07-27T21:56:21Z</time>
      </trkpt>
      <trkpt lat="53.190577" lon="-119.144356">
        <ele>2882.4</ele>
        <time>2025-07-27T21:56:47Z</time>
      </trkpt>
      <trkpt lat="53.190597" lon="-119.144354">
        <ele>2885.5</ele>
        <time>2025-07-27T21:57:05Z</time>
      </trkpt>
      <trkpt lat="53.190576" lon="-119.144349">
        <ele>2885.8</ele>
        <time>2025-07-27T21:57:09Z</time>
      </trkpt>
      <trkpt lat="53.190615" lon="-119.144317">
        <ele>2879.0</ele>
        <time>2025-07-27T21:57:13Z</time>
      </trkpt>
      <trkpt lat="53.190599" lon="-119.144295">
        <ele>2882.0</ele>
        <time>2025-07-27T21:57:16Z</time>
      </trkpt>
      <trkpt lat="53.190615" lon="-119.144324">
        <ele>2886.3</ele>
        <time>2025-07-27T21:57:28Z</time>
      </trkpt>
      <trkpt lat="53.190617" lon="-119.144358">
        <ele>2882.8</ele>
        <time>2025-07-27T21:57:37Z</time>
      </trkpt>
      <trkpt lat="53.190689" lon="-119.144367">
        <ele>2873.4</ele>
        <time>2025-07-27T21:57:47Z</time>
      </trkpt>
      <trkpt lat="53.190753" lon="-119.144339">
        <ele>2868.4</ele>
        <time>2025-07-27T21:58:57Z</time>
      </trkpt>
      <trkpt lat="53.190731" lon="-119.144349">
        <ele>2871.9</ele>
        <time>2025-07-27T21:59:01Z</time>
      </trkpt>
      <trkpt lat="53.190723" lon="-119.144373">
        <ele>2874.0</ele>
        <time>2025-07-27T21:59:36Z</time>
      </trkpt>
      <trkpt lat="53.190741" lon="-119.144400">
        <ele>2877.1</ele>
        <time>2025-07-27T22:00:19Z</time>
      </trkpt>
      <trkpt lat="53.190745" lon="-119.144370">
        <ele>2877.8</ele>
        <time>2025-07-27T22:00:23Z</time>
      </trkpt>
      <trkpt lat="53.190760" lon="-119.144399">
        <ele>2878.0</ele>
        <time>2025-07-27T22:00:31Z</time>
      </trkpt>
      <trkpt lat="53.190787" lon="-119.144411">
        <ele>2878.9</ele>
        <time>2025-07-27T22:00:46Z</time>
      </trkpt>
      <trkpt lat="53.190785" lon="-119.144384">
        <ele>2880.7</ele>
        <time>2025-07-27T22:01:03Z</time>
      </trkpt>
      <trkpt lat="53.190804" lon="-119.144383">
        <ele>2881.8</ele>
        <time>2025-07-27T22:01:29Z</time>
      </trkpt>
      <trkpt lat="53.190825" lon="-119.144366">
        <ele>2881.7</ele>
        <time>2025-07-27T22:01:38Z</time>
      </trkpt>
      <trkpt lat="53.190854" lon="-119.144317">
        <ele>2886.6</ele>
        <time>2025-07-27T22:02:19Z</time>
      </trkpt>
      <trkpt lat="53.190868" lon="-119.144364">
        <ele>2888.5</ele>
        <time>2025-07-27T22:02:24Z</time>
      </trkpt>
      <trkpt lat="53.190906" lon="-119.144323">
        <ele>2884.8</ele>
        <time>2025-07-27T22:02:45Z</time>
      </trkpt>
      <trkpt lat="53.190912" lon="-119.144303">
        <ele>2891.4</ele>
        <time>2025-07-27T22:03:08Z</time>
      </trkpt>
      <trkpt lat="53.190932" lon="-119.144313">
        <ele>2887.6</ele>
        <time>2025-07-27T22:03:13Z</time>
      </trkpt>
      <trkpt lat="53.190943" lon="-119.144223">
        <ele>2885.3</ele>
        <time>2025-07-27T22:03:25Z</time>
      </trkpt>
      <trkpt lat="53.190923" lon="-119.144212">
        <ele>2885.1</ele>
        <time>2025-07-27T22:03:30Z</time>
      </trkpt>
      <trkpt lat="53.190933" lon="-119.144184">
        <ele>2885.0</ele>
        <time>2025-07-27T22:03:38Z</time>
      </trkpt>
      <trkpt lat="53.190930" lon="-119.144154">
        <ele>2885.5</ele>
        <time>2025-07-27T22:03:42Z</time>
      </trkpt>
      <trkpt lat="53.190923" lon="-119.144187">
        <ele>2888.2</ele>
        <time>2025-07-27T22:03:53Z</time>
      </trkpt>
      <trkpt lat="53.190932" lon="-119.144156">
        <ele>2889.1</ele>
        <time>2025-07-27T22:03:58Z</time>
      </trkpt>
      <trkpt lat="53.190919" lon="-119.144097">
        <ele>2890.6</ele>
        <time>2025-07-27T22:04:08Z</time>
      </trkpt>
      <trkpt lat="53.190961" lon="-119.144086">
        <ele>2889.9</ele>
        <time>2025-07-27T22:04:29Z</time>
      </trkpt>
      <trkpt lat="53.190944" lon="-119.144098">
        <ele>2894.0</ele>
        <time>2025-07-27T22:04:54Z</time>
      </trkpt>
      <trkpt lat="53.190991" lon="-119.144107">
        <ele>2893.8</ele>
        <time>2025-07-27T22:05:39Z</time>
      </trkpt>
      <trkpt lat="53.190976" lon="-119.144080">
        <ele>2900.8</ele>
        <time>2025-07-27T22:05:55Z</time>
      </trkpt>
      <trkpt lat="53.191010" lon="-119.144094">
        <ele>2902.1</ele>
        <time>2025-07-27T22:06:08Z</time>
      </trkpt>
      <trkpt lat="53.191084" lon="-119.144077">
        <ele>2900.3</ele>
        <time>2025-07-27T22:06:36Z</time>
      </trkpt>
      <trkpt lat="53.191122" lon="-119.144081">
        <ele>2907.3</ele>
        <time>2025-07-27T22:06:59Z</time>
      </trkpt>
      <trkpt lat="53.191148" lon="-119.144133">
        <ele>2909.9</ele>
        <time>2025-07-27T22:07:19Z</time>
      </trkpt>
      <trkpt lat="53.191165" lon="-119.144145">
        <ele>2907.2</ele>
        <time>2025-07-27T22:07:26Z</time>
      </trkpt>
      <trkpt lat="53.191178" lon="-119.144137">
        <ele>2910.0</ele>
        <time>2025-07-27T22:07:51Z</time>
      </trkpt>
      <trkpt lat="53.191209" lon="-119.144173">
        <ele>2910.0</ele>
        <time>2025-07-27T22:08:16Z</time>
      </trkpt>
      <trkpt lat="53.191230" lon="-119.144174">
        <ele>2910.7</ele>
        <time>2025-07-27T22:08:26Z</time>
      </trkpt>
      <trkpt lat="53.191268" lon="-119.144205">
        <ele>2916.2</ele>
        <time>2025-07-27T22:08:43Z</time>
      </trkpt>
      <trkpt lat="53.191306" lon="-119.144219">
        <ele>2913.8</ele>
        <time>2025-07-27T22:08:52Z</time>
      </trkpt>
      <trkpt lat="53.191421" lon="-119.144391">
        <ele>2917.1</ele>
        <time>2025-07-27T22:09:48Z</time>
      </trkpt>
      <trkpt lat="53.191443" lon="-119.144406">
        <ele>2917.7</ele>
        <time>2025-07-27T22:09:54Z</time>
      </trkpt>
      <trkpt lat="53.191448" lon="-119.144478">
        <ele>2921.7</ele>
        <time>2025-07-27T22:10:09Z</time>
      </trkpt>
      <trkpt lat="53.191480" lon="-119.144519">
        <ele>2922.4</ele>
        <time>2025-07-27T22:10:24Z</time>
      </trkpt>
      <trkpt lat="53.191485" lon="-119.144549">
        <ele>2923.6</ele>
        <time>2025-07-27T22:10:31Z</time>
      </trkpt>
      <trkpt lat="53.191474" lon="-119.144573">
        <ele>2927.2</ele>
        <time>2025-07-27T22:10:36Z</time>
      </trkpt>
      <trkpt lat="53.191456" lon="-119.144573">
        <ele>2933.3</ele>
        <time>2025-07-27T22:10:51Z</time>
      </trkpt>
      <trkpt lat="53.191474" lon="-119.144587">
        <ele>2931.6</ele>
        <time>2025-07-27T22:11:00Z</time>
      </trkpt>
      <trkpt lat="53.191467" lon="-119.144651">
        <ele>2932.1</ele>
        <time>2025-07-27T22:11:19Z</time>
      </trkpt>
      <trkpt lat="53.191473" lon="-119.144714">
        <ele>2931.8</ele>
        <time>2025-07-27T22:11:31Z</time>
      </trkpt>
      <trkpt lat="53.191448" lon="-119.144874">
        <ele>2932.9</ele>
        <time>2025-07-27T22:13:24Z</time>
      </trkpt>
      <trkpt lat="53.191430" lon="-119.144873">
        <ele>2936.6</ele>
        <time>2025-07-27T22:13:32Z</time>
      </trkpt>
      <trkpt lat="53.191418" lon="-119.145011">
        <ele>2935.7</ele>
        <time>2025-07-27T22:13:57Z</time>
      </trkpt>
      <trkpt lat="53.191405" lon="-119.145039">
        <ele>2937.0</ele>
        <time>2025-07-27T22:13:59Z</time>
      </trkpt>
      <trkpt lat="53.191394" lon="-119.145130">
        <ele>2936.6</ele>
        <time>2025-07-27T22:14:17Z</time>
      </trkpt>
      <trkpt lat="53.191398" lon="-119.145225">
        <ele>2936.8</ele>
        <time>2025-07-27T22:14:28Z</time>
      </trkpt>
      <trkpt lat="53.191413" lon="-119.145248">
        <ele>2936.4</ele>
        <time>2025-07-27T22:14:35Z</time>
      </trkpt>
      <trkpt lat="53.191442" lon="-119.145240">
        <ele>2938.8</ele>
        <time>2025-07-27T22:14:42Z</time>
      </trkpt>
      <trkpt lat="53.191462" lon="-119.145249">
        <ele>2941.5</ele>
        <time>2025-07-27T22:14:45Z</time>
      </trkpt>
      <trkpt lat="53.191475" lon="-119.145225">
        <ele>2942.7</ele>
        <time>2025-07-27T22:14:49Z</time>
      </trkpt>
      <trkpt lat="53.191472" lon="-119.145195">
        <ele>2942.8</ele>
        <time>2025-07-27T22:15:59Z</time>
      </trkpt>
      <trkpt lat="53.191500" lon="-119.145152">
        <ele>2942.0</ele>
        <time>2025-07-27T22:17:33Z</time>
      </trkpt>
      <trkpt lat="53.191482" lon="-119.145142">
        <ele>2942.2</ele>
        <time>2025-07-27T22:17:48Z</time>
      </trkpt>
      <trkpt lat="53.191469" lon="-119.145163">
        <ele>2940.9</ele>
        <time>2025-07-27T22:18:03Z</time>
      </trkpt>
      <trkpt lat="53.191470" lon="-119.145196">
        <ele>2941.8</ele>
        <time>2025-07-27T22:18:13Z</time>
      </trkpt>
      <trkpt lat="53.191475" lon="-119.145169">
        <ele>2942.4</ele>
        <time>2025-07-27T22:18:49Z</time>
      </trkpt>
      <trkpt lat="53.191457" lon="-119.145157">
        <ele>2937.8</ele>
        <time>2025-07-27T22:19:03Z</time>
      </trkpt>
      <trkpt lat="53.191475" lon="-119.145145">
        <ele>2940.2</ele>
        <time>2025-07-27T22:19:26Z</time>
      </trkpt>
      <trkpt lat="53.191497" lon="-119.145181">
        <ele>2943.6</ele>
        <time>2025-07-27T22:19:50Z</time>
      </trkpt>
      <trkpt lat="53.191480" lon="-119.145155">
        <ele>2941.3</ele>
        <time>2025-07-27T22:20:45Z</time>
      </trkpt>
      <trkpt lat="53.191458" lon="-119.145146">
        <ele>2942.1</ele>
        <time>2025-07-27T22:20:48Z</time>
      </trkpt>
      <trkpt lat="53.191448" lon="-119.145180">
        <ele>2942.1</ele>
        <time>2025-07-27T22:20:51Z</time>
      </trkpt>
      <trkpt lat="53.191472" lon="-119.145184">
        <ele>2938.1</ele>
        <time>2025-07-27T22:20:55Z</time>
      </trkpt>
      <trkpt lat="53.191448" lon="-119.145190">
        <ele>2936.7</ele>
        <time>2025-07-27T22:20:59Z</time>
      </trkpt>
      <trkpt lat="53.191392" lon="-119.145228">
        <ele>2936.0</ele>
        <time>2025-07-27T22:21:07Z</time>
      </trkpt>
      <trkpt lat="53.191318" lon="-119.145353">
        <ele>2933.5</ele>
        <time>2025-07-27T22:21:23Z</time>
      </trkpt>
      <trkpt lat="53.191252" lon="-119.145425">
        <ele>2929.2</ele>
        <time>2025-07-27T22:21:44Z</time>
      </trkpt>
      <trkpt lat="53.191249" lon="-119.145499">
        <ele>2928.3</ele>
        <time>2025-07-27T22:21:52Z</time>
      </trkpt>
      <trkpt lat="53.191173" lon="-119.145612">
        <ele>2925.7</ele>
        <time>2025-07-27T22:22:10Z</time>
      </trkpt>
      <trkpt lat="53.191152" lon="-119.145677">
        <ele>2924.5</ele>
        <time>2025-07-27T22:22:19Z</time>
      </trkpt>
      <trkpt lat="53.191128" lon="-119.145675">
        <ele>2924.2</ele>
        <time>2025-07-27T22:22:22Z</time>
      </trkpt>
      <trkpt lat="53.191108" lon="-119.145698">
        <ele>2923.9</ele>
        <time>2025-07-27T22:22:34Z</time>
      </trkpt>
      <trkpt lat="53.191108" lon="-119.145763">
        <ele>2921.9</ele>
        <time>2025-07-27T22:22:41Z</time>
      </trkpt>
      <trkpt lat="53.191120" lon="-119.145819">
        <ele>2925.1</ele>
        <time>2025-07-27T22:22:49Z</time>
      </trkpt>
      <trkpt lat="53.191113" lon="-119.146041">
        <ele>2932.6</ele>
        <time>2025-07-27T22:23:16Z</time>
      </trkpt>
      <trkpt lat="53.191093" lon="-119.146093">
        <ele>2927.8</ele>
        <time>2025-07-27T22:23:21Z</time>
      </trkpt>
      <trkpt lat="53.191058" lon="-119.146074">
        <ele>2928.8</ele>
        <time>2025-07-27T22:23:25Z</time>
      </trkpt>
      <trkpt lat="53.191073" lon="-119.146147">
        <ele>2928.7</ele>
        <time>2025-07-27T22:23:34Z</time>
      </trkpt>
      <trkpt lat="53.191062" lon="-119.146275">
        <ele>2928.6</ele>
        <time>2025-07-27T22:23:50Z</time>
      </trkpt>
      <trkpt lat="53.191048" lon="-119.146311">
        <ele>2928.6</ele>
        <time>2025-07-27T22:23:59Z</time>
      </trkpt>
      <trkpt lat="53.191030" lon="-119.146327">
        <ele>2930.5</ele>
        <time>2025-07-27T22:24:06Z</time>
      </trkpt>
      <trkpt lat="53.191035" lon="-119.146432">
        <ele>2930.3</ele>
        <time>2025-07-27T22:24:23Z</time>
      </trkpt>
      <trkpt lat="53.191061" lon="-119.146434">
        <ele>2931.2</ele>
        <time>2025-07-27T22:24:37Z</time>
      </trkpt>
      <trkpt lat="53.191046" lon="-119.146452">
        <ele>2931.8</ele>
        <time>2025-07-27T22:24:41Z</time>
      </trkpt>
      <trkpt lat="53.191017" lon="-119.146448">
        <ele>2932.0</ele>
        <time>2025-07-27T22:24:49Z</time>
      </trkpt>
      <trkpt lat="53.190996" lon="-119.146433">
        <ele>2933.5</ele>
        <time>2025-07-27T22:25:30Z</time>
      </trkpt>
      <trkpt lat="53.191007" lon="-119.146463">
        <ele>2934.3</ele>
        <time>2025-07-27T22:25:42Z</time>
      </trkpt>
      <trkpt lat="53.191004" lon="-119.146539">
        <ele>2930.8</ele>
        <time>2025-07-27T22:25:54Z</time>
      </trkpt>
      <trkpt lat="53.191056" lon="-119.146585">
        <ele>2931.1</ele>
        <time>2025-07-27T22:26:31Z</time>
      </trkpt>
      <trkpt lat="53.191037" lon="-119.146601">
        <ele>2933.1</ele>
        <time>2025-07-27T22:26:46Z</time>
      </trkpt>
      <trkpt lat="53.191046" lon="-119.146626">
        <ele>2933.1</ele>
        <time>2025-07-27T22:27:09Z</time>
      </trkpt>
      <trkpt lat="53.191071" lon="-119.146625">
        <ele>2932.1</ele>
        <time>2025-07-27T22:27:23Z</time>
      </trkpt>
      <trkpt lat="53.191073" lon="-119.146594">
        <ele>2931.9</ele>
        <time>2025-07-27T22:27:30Z</time>
      </trkpt>
      <trkpt lat="53.191094" lon="-119.146648">
        <ele>2937.9</ele>
        <time>2025-07-27T22:27:56Z</time>
      </trkpt>
      <trkpt lat="53.191102" lon="-119.146707">
        <ele>2943.2</ele>
        <time>2025-07-27T22:28:08Z</time>
      </trkpt>
      <trkpt lat="53.191083" lon="-119.146716">
        <ele>2945.3</ele>
        <time>2025-07-27T22:28:11Z</time>
      </trkpt>
      <trkpt lat="53.191088" lon="-119.146749">
        <ele>2946.1</ele>
        <time>2025-07-27T22:28:15Z</time>
      </trkpt>
      <trkpt lat="53.191117" lon="-119.146837">
        <ele>2947.6</ele>
        <time>2025-07-27T22:29:08Z</time>
      </trkpt>
      <trkpt lat="53.191146" lon="-119.146880">
        <ele>2948.5</ele>
        <time>2025-07-27T22:29:31Z</time>
      </trkpt>
      <trkpt lat="53.191191" lon="-119.146995">
        <ele>2944.7</ele>
        <time>2025-07-27T22:29:46Z</time>
      </trkpt>
      <trkpt lat="53.191186" lon="-119.147039">
        <ele>2943.7</ele>
        <time>2025-07-27T22:29:50Z</time>
      </trkpt>
      <trkpt lat="53.191146" lon="-119.147086">
        <ele>2944.2</ele>
        <time>2025-07-27T22:29:59Z</time>
      </trkpt>
      <trkpt lat="53.191148" lon="-119.147125">
        <ele>2943.6</ele>
        <time>2025-07-27T22:30:02Z</time>
      </trkpt>
      <trkpt lat="53.191163" lon="-119.147146">
        <ele>2943.4</ele>
        <time>2025-07-27T22:30:05Z</time>
      </trkpt>
      <trkpt lat="53.191190" lon="-119.147145">
        <ele>2941.0</ele>
        <time>2025-07-27T22:30:08Z</time>
      </trkpt>
      <trkpt lat="53.191190" lon="-119.147184">
        <ele>2942.0</ele>
        <time>2025-07-27T22:30:11Z</time>
      </trkpt>
      <trkpt lat="53.191226" lon="-119.147208">
        <ele>2940.4</ele>
        <time>2025-07-27T22:30:17Z</time>
      </trkpt>
      <trkpt lat="53.191233" lon="-119.147235">
        <ele>2939.8</ele>
        <time>2025-07-27T22:30:20Z</time>
      </trkpt>
      <trkpt lat="53.191228" lon="-119.147269">
        <ele>2941.3</ele>
        <time>2025-07-27T22:30:25Z</time>
      </trkpt>
      <trkpt lat="53.191208" lon="-119.147297">
        <ele>2942.6</ele>
        <time>2025-07-27T22:30:30Z</time>
      </trkpt>
      <trkpt lat="53.191222" lon="-119.147401">
        <ele>2943.5</ele>
        <time>2025-07-27T22:30:45Z</time>
      </trkpt>
      <trkpt lat="53.191188" lon="-119.147473">
        <ele>2943.3</ele>
        <time>2025-07-27T22:31:12Z</time>
      </trkpt>
      <trkpt lat="53.191183" lon="-119.147532">
        <ele>2943.8</ele>
        <time>2025-07-27T22:31:27Z</time>
      </trkpt>
      <trkpt lat="53.191208" lon="-119.147629">
        <ele>2940.2</ele>
        <time>2025-07-27T22:31:54Z</time>
      </trkpt>
      <trkpt lat="53.191198" lon="-119.147718">
        <ele>2941.1</ele>
        <time>2025-07-27T22:32:28Z</time>
      </trkpt>
      <trkpt lat="53.191220" lon="-119.147690">
        <ele>2939.0</ele>
        <time>2025-07-27T22:32:32Z</time>
      </trkpt>
      <trkpt lat="53.191205" lon="-119.147732">
        <ele>2939.6</ele>
        <time>2025-07-27T22:32:39Z</time>
      </trkpt>
      <trkpt lat="53.191188" lon="-119.147747">
        <ele>2942.5</ele>
        <time>2025-07-27T22:32:44Z</time>
      </trkpt>
      <trkpt lat="53.191193" lon="-119.147779">
        <ele>2940.8</ele>
        <time>2025-07-27T22:32:49Z</time>
      </trkpt>
      <trkpt lat="53.191178" lon="-119.147801">
        <ele>2940.9</ele>
        <time>2025-07-27T22:33:00Z</time>
      </trkpt>
      <trkpt lat="53.191287" lon="-119.147987">
        <ele>2933.6</ele>
        <time>2025-07-27T22:33:17Z</time>
      </trkpt>
      <trkpt lat="53.191319" lon="-119.148016">
        <ele>2931.6</ele>
        <time>2025-07-27T22:33:20Z</time>
      </trkpt>
      <trkpt lat="53.191334" lon="-119.148046">
        <ele>2930.1</ele>
        <time>2025-07-27T22:33:21Z</time>
      </trkpt>
      <trkpt lat="53.191354" lon="-119.148053">
        <ele>2928.5</ele>
        <time>2025-07-27T22:33:22Z</time>
      </trkpt>
      <trkpt lat="53.191334" lon="-119.148096">
        <ele>2928.1</ele>
        <time>2025-07-27T22:33:25Z</time>
      </trkpt>
      <trkpt lat="53.191340" lon="-119.147933">
        <ele>2903.5</ele>
        <time>2025-07-27T22:33:56Z</time>
      </trkpt>
      <trkpt lat="53.191326" lon="-119.147877">
        <ele>2902.0</ele>
        <time>2025-07-27T22:33:58Z</time>
      </trkpt>
      <trkpt lat="53.191108" lon="-119.147723">
        <ele>2917.4</ele>
        <time>2025-07-27T22:34:14Z</time>
      </trkpt>
      <trkpt lat="53.191025" lon="-119.147936">
        <ele>2944.9</ele>
        <time>2025-07-27T22:34:52Z</time>
      </trkpt>
      <trkpt lat="53.191045" lon="-119.147931">
        <ele>2945.3</ele>
        <time>2025-07-27T22:34:53Z</time>
      </trkpt>
      <trkpt lat="53.191025" lon="-119.147962">
        <ele>2942.6</ele>
        <time>2025-07-27T22:35:15Z</time>
      </trkpt>
      <trkpt lat="53.190977" lon="-119.147988">
        <ele>2940.5</ele>
        <time>2025-07-27T22:35:21Z</time>
      </trkpt>
      <trkpt lat="53.190860" lon="-119.148002">
        <ele>2935.4</ele>
        <time>2025-07-27T22:35:24Z</time>
      </trkpt>
      <trkpt lat="53.190975" lon="-119.147950">
        <ele>2946.9</ele>
        <time>2025-07-27T22:36:12Z</time>
      </trkpt>
      <trkpt lat="53.190995" lon="-119.147958">
        <ele>2947.4</ele>
        <time>2025-07-27T22:36:25Z</time>
      </trkpt>
      <trkpt lat="53.191111" lon="-119.147892">
        <ele>2962.0</ele>
        <time>2025-07-27T22:36:54Z</time>
      </trkpt>
      <trkpt lat="53.191134" lon="-119.147950">
        <ele>2961.8</ele>
        <time>2025-07-27T22:37:04Z</time>
      </trkpt>
      <trkpt lat="53.191082" lon="-119.147925">
        <ele>2962.0</ele>
        <time>2025-07-27T22:37:37Z</time>
      </trkpt>
      <trkpt lat="53.191069" lon="-119.147900">
        <ele>2963.0</ele>
        <time>2025-07-27T22:38:01Z</time>
      </trkpt>
      <trkpt lat="53.191111" lon="-119.147905">
        <ele>2964.4</ele>
        <time>2025-07-27T22:38:21Z</time>
      </trkpt>
      <trkpt lat="53.191094" lon="-119.147922">
        <ele>2964.8</ele>
        <time>2025-07-27T22:38:57Z</time>
      </trkpt>
      <trkpt lat="53.191085" lon="-119.147895">
        <ele>2962.1</ele>
        <time>2025-07-27T22:39:33Z</time>
      </trkpt>
      <trkpt lat="53.191098" lon="-119.147970">
        <ele>2960.4</ele>
        <time>2025-07-27T22:39:39Z</time>
      </trkpt>
      <trkpt lat="53.191114" lon="-119.147999">
        <ele>2960.1</ele>
        <time>2025-07-27T22:39:45Z</time>
      </trkpt>
      <trkpt lat="53.191096" lon="-119.147987">
        <ele>2960.8</ele>
        <time>2025-07-27T22:39:51Z</time>
      </trkpt>
      <trkpt lat="53.191072" lon="-119.147897">
        <ele>2960.7</ele>
        <time>2025-07-27T22:40:07Z</time>
      </trkpt>
      <trkpt lat="53.191108" lon="-119.147906">
        <ele>2963.3</ele>
        <time>2025-07-27T22:40:29Z</time>
      </trkpt>
      <trkpt lat="53.191089" lon="-119.147907">
        <ele>2959.9</ele>
        <time>2025-07-27T22:40:48Z</time>
      </trkpt>
      <trkpt lat="53.191109" lon="-119.147913">
        <ele>2958.5</ele>
        <time>2025-07-27T22:40:55Z</time>
      </trkpt>
      <trkpt lat="53.191117" lon="-119.147947">
        <ele>2958.5</ele>
        <time>2025-07-27T22:40:58Z</time>
      </trkpt>
      <trkpt lat="53.191090" lon="-119.147937">
        <ele>2960.8</ele>
        <time>2025-07-27T22:41:02Z</time>
      </trkpt>
      <trkpt lat="53.191058" lon="-119.147941">
        <ele>2960.0</ele>
        <time>2025-07-27T22:41:29Z</time>
      </trkpt>
      <trkpt lat="53.191078" lon="-119.148033">
        <ele>2955.6</ele>
        <time>2025-07-27T22:44:37Z</time>
      </trkpt>
      <trkpt lat="53.191060" lon="-119.148026">
        <ele>2953.7</ele>
        <time>2025-07-27T22:45:20Z</time>
      </trkpt>
      <trkpt lat="53.191076" lon="-119.147989">
        <ele>2959.2</ele>
        <time>2025-07-27T22:45:56Z</time>
      </trkpt>
      <trkpt lat="53.191059" lon="-119.147974">
        <ele>2958.8</ele>
        <time>2025-07-27T22:45:58Z</time>
      </trkpt>
      <trkpt lat="53.191057" lon="-119.147944">
        <ele>2960.0</ele>
        <time>2025-07-27T22:46:01Z</time>
      </trkpt>
      <trkpt lat="53.191079" lon="-119.147946">
        <ele>2960.2</ele>
        <time>2025-07-27T22:46:06Z</time>
      </trkpt>
      <trkpt lat="53.191114" lon="-119.147988">
        <ele>2958.6</ele>
        <time>2025-07-27T22:46:11Z</time>
      </trkpt>
      <trkpt lat="53.191114" lon="-119.148000">
        <ele>2959.4</ele>
        <time>2025-07-27T22:46:41Z</time>
      </trkpt>
      <trkpt lat="53.191057" lon="-119.148001">
        <ele>2960.6</ele>
        <time>2025-07-27T22:48:03Z</time>
      </trkpt>
      <trkpt lat="53.191063" lon="-119.147969">
        <ele>2961.3</ele>
        <time>2025-07-27T22:48:13Z</time>
      </trkpt>
      <trkpt lat="53.191047" lon="-119.147946">
        <ele>2960.9</ele>
        <time>2025-07-27T22:48:17Z</time>
      </trkpt>
      <trkpt lat="53.191062" lon="-119.147917">
        <ele>2961.8</ele>
        <time>2025-07-27T22:48:22Z</time>
      </trkpt>
      <trkpt lat="53.191099" lon="-119.147916">
        <ele>2961.4</ele>
        <time>2025-07-27T22:48:29Z</time>
      </trkpt>
      <trkpt lat="53.191111" lon="-119.147939">
        <ele>2960.3</ele>
        <time>2025-07-27T22:48:53Z</time>
      </trkpt>
      <trkpt lat="53.191065" lon="-119.147923">
        <ele>2962.6</ele>
        <time>2025-07-27T22:49:02Z</time>
      </trkpt>
      <trkpt lat="53.191053" lon="-119.147947">
        <ele>2962.6</ele>
        <time>2025-07-27T22:49:18Z</time>
      </trkpt>
      <trkpt lat="53.191064" lon="-119.147922">
        <ele>2964.3</ele>
        <time>2025-07-27T22:49:45Z</time>
      </trkpt>
      <trkpt lat="53.191086" lon="-119.147948">
        <ele>2963.8</ele>
        <time>2025-07-27T22:50:02Z</time>
      </trkpt>
      <trkpt lat="53.191085" lon="-119.147983">
        <ele>2964.7</ele>
        <time>2025-07-27T22:50:05Z</time>
      </trkpt>
      <trkpt lat="53.191101" lon="-119.147965">
        <ele>2961.2</ele>
        <time>2025-07-27T22:50:24Z</time>
      </trkpt>
      <trkpt lat="53.191112" lon="-119.147976">
        <ele>2959.6</ele>
        <time>2025-07-27T22:50:35Z</time>
      </trkpt>
      <trkpt lat="53.191059" lon="-119.147923">
        <ele>2963.6</ele>
        <time>2025-07-27T22:51:23Z</time>
      </trkpt>
      <trkpt lat="53.191077" lon="-119.147915">
        <ele>2960.8</ele>
        <time>2025-07-27T22:58:26Z</time>
      </trkpt>
      <trkpt lat="53.191105" lon="-119.147971">
        <ele>2959.7</ele>
        <time>2025-07-27T22:59:02Z</time>
      </trkpt>
      <trkpt lat="53.191082" lon="-119.147979">
        <ele>2952.2</ele>
        <time>2025-07-27T22:59:19Z</time>
      </trkpt>
      <trkpt lat="53.190999" lon="-119.147969">
        <ele>2943.6</ele>
        <time>2025-07-27T22:59:31Z</time>
      </trkpt>
      <trkpt lat="53.191002" lon="-119.147952">
        <ele>2945.5</ele>
        <time>2025-07-27T23:00:08Z</time>
      </trkpt>
      <trkpt lat="53.190979" lon="-119.147932">
        <ele>2947.1</ele>
        <time>2025-07-27T23:00:17Z</time>
      </trkpt>
      <trkpt lat="53.191016" lon="-119.147951">
        <ele>2946.1</ele>
        <time>2025-07-27T23:00:23Z</time>
      </trkpt>
      <trkpt lat="53.191035" lon="-119.147939">
        <ele>2945.3</ele>
        <time>2025-07-27T23:00:43Z</time>
      </trkpt>
      <trkpt lat="53.191048" lon="-119.147914">
        <ele>2947.0</ele>
        <time>2025-07-27T23:01:03Z</time>
      </trkpt>
      <trkpt lat="53.191096" lon="-119.147890">
        <ele>2950.6</ele>
        <time>2025-07-27T23:01:12Z</time>
      </trkpt>
      <trkpt lat="53.191085" lon="-119.147865">
        <ele>2950.0</ele>
        <time>2025-07-27T23:01:20Z</time>
      </trkpt>
      <trkpt lat="53.191147" lon="-119.147877">
        <ele>2953.3</ele>
        <time>2025-07-27T23:01:54Z</time>
      </trkpt>
      <trkpt lat="53.191115" lon="-119.147873">
        <ele>2953.2</ele>
        <time>2025-07-27T23:02:07Z</time>
      </trkpt>
      <trkpt lat="53.191096" lon="-119.147848">
        <ele>2949.9</ele>
        <time>2025-07-27T23:02:23Z</time>
      </trkpt>
      <trkpt lat="53.191115" lon="-119.147829">
        <ele>2950.3</ele>
        <time>2025-07-27T23:02:32Z</time>
      </trkpt>
      <trkpt lat="53.191126" lon="-119.147794">
        <ele>2949.4</ele>
        <time>2025-07-27T23:02:40Z</time>
      </trkpt>
      <trkpt lat="53.191147" lon="-119.147808">
        <ele>2946.8</ele>
        <time>2025-07-27T23:02:53Z</time>
      </trkpt>
      <trkpt lat="53.191183" lon="-119.147857">
        <ele>2943.9</ele>
        <time>2025-07-27T23:03:00Z</time>
      </trkpt>
      <trkpt lat="53.191229" lon="-119.147937">
        <ele>2938.3</ele>
        <time>2025-07-27T23:03:08Z</time>
      </trkpt>
      <trkpt lat="53.191230" lon="-119.147868">
        <ele>2934.9</ele>
        <time>2025-07-27T23:03:17Z</time>
      </trkpt>
      <trkpt lat="53.191252" lon="-119.147828">
        <ele>2931.2</ele>
        <time>2025-07-27T23:03:20Z</time>
      </trkpt>
      <trkpt lat="53.191362" lon="-119.147989">
        <ele>2917.6</ele>
        <time>2025-07-27T23:03:29Z</time>
      </trkpt>
      <trkpt lat="53.191374" lon="-119.148036">
        <ele>2916.3</ele>
        <time>2025-07-27T23:03:30Z</time>
      </trkpt>
      <trkpt lat="53.191325" lon="-119.148142">
        <ele>2927.7</ele>
        <time>2025-07-27T23:04:19Z</time>
      </trkpt>
      <trkpt lat="53.191300" lon="-119.148161">
        <ele>2927.2</ele>
        <time>2025-07-27T23:04:21Z</time>
      </trkpt>
      <trkpt lat="53.191276" lon="-119.147901">
        <ele>2926.0</ele>
        <time>2025-07-27T23:04:44Z</time>
      </trkpt>
      <trkpt lat="53.191295" lon="-119.147886">
        <ele>2925.4</ele>
        <time>2025-07-27T23:05:06Z</time>
      </trkpt>
      <trkpt lat="53.191249" lon="-119.147820">
        <ele>2931.8</ele>
        <time>2025-07-27T23:05:24Z</time>
      </trkpt>
      <trkpt lat="53.191197" lon="-119.147803">
        <ele>2936.5</ele>
        <time>2025-07-27T23:05:41Z</time>
      </trkpt>
      <trkpt lat="53.191215" lon="-119.147743">
        <ele>2933.7</ele>
        <time>2025-07-27T23:05:52Z</time>
      </trkpt>
      <trkpt lat="53.191223" lon="-119.147776">
        <ele>2931.9</ele>
        <time>2025-07-27T23:05:57Z</time>
      </trkpt>
      <trkpt lat="53.191254" lon="-119.147775">
        <ele>2928.7</ele>
        <time>2025-07-27T23:06:00Z</time>
      </trkpt>
      <trkpt lat="53.191244" lon="-119.147739">
        <ele>2933.6</ele>
        <time>2025-07-27T23:06:15Z</time>
      </trkpt>
      <trkpt lat="53.191204" lon="-119.147756">
        <ele>2937.2</ele>
        <time>2025-07-27T23:06:37Z</time>
      </trkpt>
      <trkpt lat="53.191237" lon="-119.147708">
        <ele>2937.3</ele>
        <time>2025-07-27T23:07:11Z</time>
      </trkpt>
      <trkpt lat="53.191260" lon="-119.147701">
        <ele>2936.6</ele>
        <time>2025-07-27T23:07:16Z</time>
      </trkpt>
      <trkpt lat="53.191269" lon="-119.147667">
        <ele>2934.9</ele>
        <time>2025-07-27T23:07:22Z</time>
      </trkpt>
      <trkpt lat="53.191254" lon="-119.147609">
        <ele>2934.4</ele>
        <time>2025-07-27T23:07:27Z</time>
      </trkpt>
      <trkpt lat="53.191192" lon="-119.147505">
        <ele>2939.4</ele>
        <time>2025-07-27T23:08:07Z</time>
      </trkpt>
      <trkpt lat="53.191164" lon="-119.147499">
        <ele>2939.5</ele>
        <time>2025-07-27T23:08:12Z</time>
      </trkpt>
      <trkpt lat="53.191230" lon="-119.147375">
        <ele>2941.7</ele>
        <time>2025-07-27T23:08:34Z</time>
      </trkpt>
      <trkpt lat="53.191233" lon="-119.147341">
        <ele>2943.0</ele>
        <time>2025-07-27T23:08:40Z</time>
      </trkpt>
      <trkpt lat="53.191221" lon="-119.147311">
        <ele>2943.1</ele>
        <time>2025-07-27T23:08:43Z</time>
      </trkpt>
      <trkpt lat="53.191205" lon="-119.147290">
        <ele>2943.1</ele>
        <time>2025-07-27T23:08:47Z</time>
      </trkpt>
      <trkpt lat="53.191183" lon="-119.147288">
        <ele>2942.8</ele>
        <time>2025-07-27T23:08:51Z</time>
      </trkpt>
      <trkpt lat="53.191201" lon="-119.147275">
        <ele>2942.6</ele>
        <time>2025-07-27T23:09:18Z</time>
      </trkpt>
      <trkpt lat="53.191219" lon="-119.147283">
        <ele>2942.3</ele>
        <time>2025-07-27T23:09:36Z</time>
      </trkpt>
      <trkpt lat="53.191199" lon="-119.147278">
        <ele>2940.9</ele>
        <time>2025-07-27T23:09:47Z</time>
      </trkpt>
      <trkpt lat="53.191242" lon="-119.147208">
        <ele>2940.1</ele>
        <time>2025-07-27T23:10:03Z</time>
      </trkpt>
      <trkpt lat="53.191235" lon="-119.147173">
        <ele>2940.2</ele>
        <time>2025-07-27T23:10:07Z</time>
      </trkpt>
      <trkpt lat="53.191208" lon="-119.147174">
        <ele>2941.2</ele>
        <time>2025-07-27T23:10:10Z</time>
      </trkpt>
      <trkpt lat="53.191177" lon="-119.147158">
        <ele>2941.0</ele>
        <time>2025-07-27T23:10:18Z</time>
      </trkpt>
      <trkpt lat="53.191171" lon="-119.147191">
        <ele>2939.0</ele>
        <time>2025-07-27T23:10:58Z</time>
      </trkpt>
      <trkpt lat="53.191184" lon="-119.147160">
        <ele>2939.7</ele>
        <time>2025-07-27T23:11:07Z</time>
      </trkpt>
      <trkpt lat="53.191205" lon="-119.147150">
        <ele>2940.1</ele>
        <time>2025-07-27T23:11:10Z</time>
      </trkpt>
      <trkpt lat="53.191182" lon="-119.147063">
        <ele>2939.6</ele>
        <time>2025-07-27T23:11:17Z</time>
      </trkpt>
      <trkpt lat="53.191188" lon="-119.146960">
        <ele>2942.7</ele>
        <time>2025-07-27T23:11:25Z</time>
      </trkpt>
      <trkpt lat="53.191143" lon="-119.146907">
        <ele>2946.2</ele>
        <time>2025-07-27T23:12:29Z</time>
      </trkpt>
      <trkpt lat="53.191131" lon="-119.146875">
        <ele>2946.1</ele>
        <time>2025-07-27T23:12:32Z</time>
      </trkpt>
      <trkpt lat="53.191096" lon="-119.146849">
        <ele>2943.6</ele>
        <time>2025-07-27T23:12:38Z</time>
      </trkpt>
      <trkpt lat="53.191070" lon="-119.146744">
        <ele>2940.9</ele>
        <time>2025-07-27T23:12:53Z</time>
      </trkpt>
      <trkpt lat="53.191088" lon="-119.146685">
        <ele>2939.1</ele>
        <time>2025-07-27T23:13:00Z</time>
      </trkpt>
      <trkpt lat="53.191067" lon="-119.146677">
        <ele>2938.2</ele>
        <time>2025-07-27T23:13:03Z</time>
      </trkpt>
      <trkpt lat="53.191052" lon="-119.146620">
        <ele>2937.4</ele>
        <time>2025-07-27T23:13:13Z</time>
      </trkpt>
      <trkpt lat="53.191032" lon="-119.146620">
        <ele>2937.4</ele>
        <time>2025-07-27T23:13:21Z</time>
      </trkpt>
      <trkpt lat="53.191025" lon="-119.146651">
        <ele>2936.4</ele>
        <time>2025-07-27T23:13:29Z</time>
      </trkpt>
      <trkpt lat="53.191035" lon="-119.146616">
        <ele>2932.6</ele>
        <time>2025-07-27T23:13:55Z</time>
      </trkpt>
      <trkpt lat="53.191019" lon="-119.146635">
        <ele>2930.6</ele>
        <time>2025-07-27T23:14:05Z</time>
      </trkpt>
      <trkpt lat="53.191031" lon="-119.146611">
        <ele>2929.9</ele>
        <time>2025-07-27T23:14:21Z</time>
      </trkpt>
      <trkpt lat="53.191056" lon="-119.146615">
        <ele>2923.0</ele>
        <time>2025-07-27T23:14:46Z</time>
      </trkpt>
      <trkpt lat="53.191046" lon="-119.146642">
        <ele>2920.7</ele>
        <time>2025-07-27T23:15:01Z</time>
      </trkpt>
      <trkpt lat="53.191026" lon="-119.146646">
        <ele>2924.3</ele>
        <time>2025-07-27T23:15:20Z</time>
      </trkpt>
      <trkpt lat="53.191015" lon="-119.146533">
        <ele>2924.0</ele>
        <time>2025-07-27T23:16:01Z</time>
      </trkpt>
      <trkpt lat="53.191021" lon="-119.146361">
        <ele>2930.0</ele>
        <time>2025-07-27T23:16:37Z</time>
      </trkpt>
      <trkpt lat="53.191049" lon="-119.146256">
        <ele>2927.2</ele>
        <time>2025-07-27T23:16:58Z</time>
      </trkpt>
      <trkpt lat="53.191065" lon="-119.146241">
        <ele>2926.9</ele>
        <time>2025-07-27T23:17:02Z</time>
      </trkpt>
      <trkpt lat="53.191063" lon="-119.146179">
        <ele>2926.4</ele>
        <time>2025-07-27T23:17:12Z</time>
      </trkpt>
      <trkpt lat="53.191049" lon="-119.146156">
        <ele>2925.8</ele>
        <time>2025-07-27T23:17:22Z</time>
      </trkpt>
      <trkpt lat="53.191067" lon="-119.146088">
        <ele>2925.6</ele>
        <time>2025-07-27T23:17:35Z</time>
      </trkpt>
      <trkpt lat="53.191061" lon="-119.146018">
        <ele>2923.1</ele>
        <time>2025-07-27T23:17:49Z</time>
      </trkpt>
      <trkpt lat="53.191095" lon="-119.145972">
        <ele>2923.9</ele>
        <time>2025-07-27T23:17:54Z</time>
      </trkpt>
      <trkpt lat="53.191060" lon="-119.145832">
        <ele>2921.9</ele>
        <time>2025-07-27T23:19:27Z</time>
      </trkpt>
      <trkpt lat="53.191077" lon="-119.145797">
        <ele>2920.3</ele>
        <time>2025-07-27T23:19:31Z</time>
      </trkpt>
      <trkpt lat="53.191083" lon="-119.145714">
        <ele>2920.3</ele>
        <time>2025-07-27T23:19:36Z</time>
      </trkpt>
      <trkpt lat="53.191117" lon="-119.145679">
        <ele>2919.7</ele>
        <time>2025-07-27T23:19:41Z</time>
      </trkpt>
      <trkpt lat="53.191135" lon="-119.145677">
        <ele>2920.6</ele>
        <time>2025-07-27T23:19:44Z</time>
      </trkpt>
      <trkpt lat="53.191164" lon="-119.145583">
        <ele>2922.3</ele>
        <time>2025-07-27T23:19:59Z</time>
      </trkpt>
      <trkpt lat="53.191204" lon="-119.145510">
        <ele>2922.9</ele>
        <time>2025-07-27T23:20:13Z</time>
      </trkpt>
      <trkpt lat="53.191256" lon="-119.145470">
        <ele>2925.5</ele>
        <time>2025-07-27T23:20:24Z</time>
      </trkpt>
      <trkpt lat="53.191264" lon="-119.145443">
        <ele>2926.8</ele>
        <time>2025-07-27T23:20:33Z</time>
      </trkpt>
      <trkpt lat="53.191284" lon="-119.145433">
        <ele>2928.6</ele>
        <time>2025-07-27T23:20:39Z</time>
      </trkpt>
      <trkpt lat="53.191315" lon="-119.145351">
        <ele>2932.7</ele>
        <time>2025-07-27T23:20:51Z</time>
      </trkpt>
      <trkpt lat="53.191313" lon="-119.145321">
        <ele>2928.0</ele>
        <time>2025-07-27T23:21:25Z</time>
      </trkpt>
      <trkpt lat="53.191333" lon="-119.145328">
        <ele>2929.8</ele>
        <time>2025-07-27T23:21:48Z</time>
      </trkpt>
      <trkpt lat="53.191363" lon="-119.145278">
        <ele>2933.3</ele>
        <time>2025-07-27T23:21:55Z</time>
      </trkpt>
      <trkpt lat="53.191365" lon="-119.145263">
        <ele>2935.0</ele>
        <time>2025-07-27T23:22:05Z</time>
      </trkpt>
      <trkpt lat="53.191352" lon="-119.145254">
        <ele>2934.7</ele>
        <time>2025-07-27T23:22:44Z</time>
      </trkpt>
      <trkpt lat="53.191392" lon="-119.145243">
        <ele>2934.1</ele>
        <time>2025-07-27T23:22:54Z</time>
      </trkpt>
      <trkpt lat="53.191409" lon="-119.145223">
        <ele>2934.2</ele>
        <time>2025-07-27T23:22:57Z</time>
      </trkpt>
      <trkpt lat="53.191420" lon="-119.145187">
        <ele>2935.3</ele>
        <time>2025-07-27T23:22:59Z</time>
      </trkpt>
      <trkpt lat="53.191410" lon="-119.145157">
        <ele>2936.2</ele>
        <time>2025-07-27T23:23:01Z</time>
      </trkpt>
      <trkpt lat="53.191414" lon="-119.144904">
        <ele>2930.0</ele>
        <time>2025-07-27T23:23:30Z</time>
      </trkpt>
      <trkpt lat="53.191432" lon="-119.144897">
        <ele>2929.7</ele>
        <time>2025-07-27T23:23:33Z</time>
      </trkpt>
      <trkpt lat="53.191424" lon="-119.144826">
        <ele>2931.7</ele>
        <time>2025-07-27T23:23:57Z</time>
      </trkpt>
      <trkpt lat="53.191454" lon="-119.144763">
        <ele>2926.8</ele>
        <time>2025-07-27T23:24:21Z</time>
      </trkpt>
      <trkpt lat="53.191462" lon="-119.144723">
        <ele>2928.5</ele>
        <time>2025-07-27T23:24:24Z</time>
      </trkpt>
      <trkpt lat="53.191442" lon="-119.144743">
        <ele>2931.9</ele>
        <time>2025-07-27T23:24:48Z</time>
      </trkpt>
      <trkpt lat="53.191456" lon="-119.144765">
        <ele>2932.6</ele>
        <time>2025-07-27T23:24:55Z</time>
      </trkpt>
      <trkpt lat="53.191457" lon="-119.144753">
        <ele>2933.1</ele>
        <time>2025-07-27T23:25:05Z</time>
      </trkpt>
      <trkpt lat="53.191472" lon="-119.144785">
        <ele>2934.6</ele>
        <time>2025-07-27T23:25:16Z</time>
      </trkpt>
      <trkpt lat="53.191460" lon="-119.144760">
        <ele>2934.5</ele>
        <time>2025-07-27T23:25:26Z</time>
      </trkpt>
      <trkpt lat="53.191438" lon="-119.144754">
        <ele>2933.9</ele>
        <time>2025-07-27T23:25:36Z</time>
      </trkpt>
      <trkpt lat="53.191450" lon="-119.144726">
        <ele>2932.5</ele>
        <time>2025-07-27T23:25:42Z</time>
      </trkpt>
      <trkpt lat="53.191443" lon="-119.144693">
        <ele>2931.7</ele>
        <time>2025-07-27T23:25:47Z</time>
      </trkpt>
      <trkpt lat="53.191457" lon="-119.144622">
        <ele>2932.0</ele>
        <time>2025-07-27T23:25:55Z</time>
      </trkpt>
      <trkpt lat="53.191442" lon="-119.144585">
        <ele>2931.0</ele>
        <time>2025-07-27T23:26:00Z</time>
      </trkpt>
      <trkpt lat="53.191403" lon="-119.144564">
        <ele>2927.8</ele>
        <time>2025-07-27T23:26:08Z</time>
      </trkpt>
      <trkpt lat="53.191376" lon="-119.144509">
        <ele>2927.5</ele>
        <time>2025-07-27T23:26:21Z</time>
      </trkpt>
      <trkpt lat="53.191337" lon="-119.144493">
        <ele>2923.2</ele>
        <time>2025-07-27T23:26:44Z</time>
      </trkpt>
      <trkpt lat="53.191329" lon="-119.144466">
        <ele>2921.7</ele>
        <time>2025-07-27T23:26:55Z</time>
      </trkpt>
      <trkpt lat="53.191337" lon="-119.144437">
        <ele>2921.7</ele>
        <time>2025-07-27T23:26:59Z</time>
      </trkpt>
      <trkpt lat="53.191305" lon="-119.144406">
        <ele>2923.8</ele>
        <time>2025-07-27T23:27:12Z</time>
      </trkpt>
      <trkpt lat="53.191286" lon="-119.144350">
        <ele>2917.7</ele>
        <time>2025-07-27T23:27:30Z</time>
      </trkpt>
      <trkpt lat="53.191267" lon="-119.144344">
        <ele>2916.2</ele>
        <time>2025-07-27T23:27:42Z</time>
      </trkpt>
      <trkpt lat="53.191278" lon="-119.144284">
        <ele>2917.7</ele>
        <time>2025-07-27T23:27:57Z</time>
      </trkpt>
      <trkpt lat="53.191229" lon="-119.144218">
        <ele>2916.4</ele>
        <time>2025-07-27T23:28:32Z</time>
      </trkpt>
      <trkpt lat="53.191219" lon="-119.144179">
        <ele>2915.7</ele>
        <time>2025-07-27T23:28:40Z</time>
      </trkpt>
      <trkpt lat="53.191164" lon="-119.144193">
        <ele>2909.3</ele>
        <time>2025-07-27T23:29:06Z</time>
      </trkpt>
      <trkpt lat="53.191146" lon="-119.144133">
        <ele>2907.1</ele>
        <time>2025-07-27T23:29:24Z</time>
      </trkpt>
      <trkpt lat="53.191111" lon="-119.144097">
        <ele>2908.3</ele>
        <time>2025-07-27T23:29:48Z</time>
      </trkpt>
      <trkpt lat="53.191084" lon="-119.144145">
        <ele>2907.1</ele>
        <time>2025-07-27T23:30:06Z</time>
      </trkpt>
      <trkpt lat="53.191080" lon="-119.144116">
        <ele>2905.3</ele>
        <time>2025-07-27T23:30:22Z</time>
      </trkpt>
      <trkpt lat="53.191060" lon="-119.144121">
        <ele>2904.9</ele>
        <time>2025-07-27T23:30:29Z</time>
      </trkpt>
      <trkpt lat="53.191044" lon="-119.144139">
        <ele>2904.9</ele>
        <time>2025-07-27T23:30:36Z</time>
      </trkpt>
      <trkpt lat="53.191027" lon="-119.144121">
        <ele>2902.9</ele>
        <time>2025-07-27T23:30:52Z</time>
      </trkpt>
      <trkpt lat="53.191024" lon="-119.144090">
        <ele>2900.2</ele>
        <time>2025-07-27T23:31:05Z</time>
      </trkpt>
      <trkpt lat="53.190988" lon="-119.144117">
        <ele>2899.3</ele>
        <time>2025-07-27T23:31:17Z</time>
      </trkpt>
      <trkpt lat="53.190955" lon="-119.144076">
        <ele>2897.4</ele>
        <time>2025-07-27T23:31:30Z</time>
      </trkpt>
      <trkpt lat="53.190941" lon="-119.144099">
        <ele>2896.1</ele>
        <time>2025-07-27T23:31:36Z</time>
      </trkpt>
      <trkpt lat="53.190922" lon="-119.144106">
        <ele>2895.6</ele>
        <time>2025-07-27T23:31:51Z</time>
      </trkpt>
      <trkpt lat="53.190916" lon="-119.144071">
        <ele>2895.3</ele>
        <time>2025-07-27T23:32:01Z</time>
      </trkpt>
      <trkpt lat="53.190931" lon="-119.144055">
        <ele>2893.0</ele>
        <time>2025-07-27T23:32:13Z</time>
      </trkpt>
      <trkpt lat="53.190918" lon="-119.144026">
        <ele>2890.9</ele>
        <time>2025-07-27T23:32:18Z</time>
      </trkpt>
      <trkpt lat="53.190879" lon="-119.144047">
        <ele>2887.7</ele>
        <time>2025-07-27T23:32:45Z</time>
      </trkpt>
      <trkpt lat="53.190874" lon="-119.144076">
        <ele>2885.0</ele>
        <time>2025-07-27T23:32:53Z</time>
      </trkpt>
      <trkpt lat="53.190844" lon="-119.144122">
        <ele>2882.7</ele>
        <time>2025-07-27T23:33:01Z</time>
      </trkpt>
      <trkpt lat="53.190843" lon="-119.144154">
        <ele>2881.6</ele>
        <time>2025-07-27T23:33:05Z</time>
      </trkpt>
      <trkpt lat="53.190881" lon="-119.144194">
        <ele>2882.4</ele>
        <time>2025-07-27T23:33:18Z</time>
      </trkpt>
      <trkpt lat="53.190900" lon="-119.144198">
        <ele>2882.7</ele>
        <time>2025-07-27T23:33:21Z</time>
      </trkpt>
      <trkpt lat="53.190921" lon="-119.144260">
        <ele>2878.9</ele>
        <time>2025-07-27T23:33:36Z</time>
      </trkpt>
      <trkpt lat="53.190906" lon="-119.144318">
        <ele>2877.7</ele>
        <time>2025-07-27T23:33:54Z</time>
      </trkpt>
      <trkpt lat="53.190845" lon="-119.144352">
        <ele>2874.0</ele>
        <time>2025-07-27T23:34:20Z</time>
      </trkpt>
      <trkpt lat="53.190744" lon="-119.144291">
        <ele>2881.4</ele>
        <time>2025-07-27T23:34:47Z</time>
      </trkpt>
      <trkpt lat="53.190726" lon="-119.144298">
        <ele>2884.2</ele>
        <time>2025-07-27T23:34:55Z</time>
      </trkpt>
      <trkpt lat="53.190712" lon="-119.144320">
        <ele>2881.9</ele>
        <time>2025-07-27T23:35:06Z</time>
      </trkpt>
      <trkpt lat="53.190690" lon="-119.144311">
        <ele>2882.7</ele>
        <time>2025-07-27T23:35:17Z</time>
      </trkpt>
      <trkpt lat="53.190676" lon="-119.144340">
        <ele>2882.0</ele>
        <time>2025-07-27T23:35:28Z</time>
      </trkpt>
      <trkpt lat="53.190651" lon="-119.144274">
        <ele>2882.5</ele>
        <time>2025-07-27T23:35:32Z</time>
      </trkpt>
      <trkpt lat="53.190676" lon="-119.144380">
        <ele>2870.7</ele>
        <time>2025-07-27T23:35:48Z</time>
      </trkpt>
      <trkpt lat="53.190656" lon="-119.144360">
        <ele>2871.8</ele>
        <time>2025-07-27T23:35:52Z</time>
      </trkpt>
      <trkpt lat="53.190658" lon="-119.144374">
        <ele>2868.6</ele>
        <time>2025-07-27T23:36:20Z</time>
      </trkpt>
      <trkpt lat="53.190621" lon="-119.144350">
        <ele>2867.5</ele>
        <time>2025-07-27T23:36:39Z</time>
      </trkpt>
      <trkpt lat="53.190624" lon="-119.144391">
        <ele>2861.8</ele>
        <time>2025-07-27T23:36:48Z</time>
      </trkpt>
      <trkpt lat="53.190568" lon="-119.144576">
        <ele>2851.8</ele>
        <time>2025-07-27T23:37:31Z</time>
      </trkpt>
      <trkpt lat="53.190552" lon="-119.144592">
        <ele>2852.0</ele>
        <time>2025-07-27T23:37:36Z</time>
      </trkpt>
      <trkpt lat="53.190530" lon="-119.144585">
        <ele>2851.7</ele>
        <time>2025-07-27T23:37:40Z</time>
      </trkpt>
      <trkpt lat="53.190498" lon="-119.144604">
        <ele>2849.6</ele>
        <time>2025-07-27T23:38:16Z</time>
      </trkpt>
      <trkpt lat="53.190492" lon="-119.144642">
        <ele>2849.0</ele>
        <time>2025-07-27T23:38:20Z</time>
      </trkpt>
      <trkpt lat="53.190453" lon="-119.144723">
        <ele>2847.1</ele>
        <time>2025-07-27T23:38:32Z</time>
      </trkpt>
      <trkpt lat="53.190400" lon="-119.144781">
        <ele>2846.6</ele>
        <time>2025-07-27T23:38:41Z</time>
      </trkpt>
      <trkpt lat="53.190357" lon="-119.144802">
        <ele>2846.9</ele>
        <time>2025-07-27T23:38:52Z</time>
      </trkpt>
      <trkpt lat="53.190293" lon="-119.144802">
        <ele>2844.0</ele>
        <time>2025-07-27T23:39:45Z</time>
      </trkpt>
      <trkpt lat="53.190264" lon="-119.144980">
        <ele>2830.3</ele>
        <time>2025-07-27T23:40:48Z</time>
      </trkpt>
      <trkpt lat="53.190246" lon="-119.144990">
        <ele>2829.3</ele>
        <time>2025-07-27T23:40:52Z</time>
      </trkpt>
      <trkpt lat="53.190232" lon="-119.145021">
        <ele>2830.0</ele>
        <time>2025-07-27T23:40:56Z</time>
      </trkpt>
      <trkpt lat="53.190234" lon="-119.145084">
        <ele>2829.5</ele>
        <time>2025-07-27T23:41:14Z</time>
      </trkpt>
      <trkpt lat="53.190215" lon="-119.145098">
        <ele>2829.8</ele>
        <time>2025-07-27T23:41:20Z</time>
      </trkpt>
      <trkpt lat="53.190179" lon="-119.145224">
        <ele>2828.1</ele>
        <time>2025-07-27T23:41:47Z</time>
      </trkpt>
      <trkpt lat="53.190203" lon="-119.145456">
        <ele>2826.9</ele>
        <time>2025-07-27T23:42:28Z</time>
      </trkpt>
      <trkpt lat="53.190216" lon="-119.145451">
        <ele>2829.0</ele>
        <time>2025-07-27T23:45:33Z</time>
      </trkpt>
      <trkpt lat="53.190157" lon="-119.145583">
        <ele>2833.7</ele>
        <time>2025-07-27T23:46:24Z</time>
      </trkpt>
      <trkpt lat="53.190162" lon="-119.145617">
        <ele>2831.9</ele>
        <time>2025-07-27T23:46:30Z</time>
      </trkpt>
      <trkpt lat="53.190113" lon="-119.145690">
        <ele>2829.9</ele>
        <time>2025-07-27T23:46:48Z</time>
      </trkpt>
      <trkpt lat="53.190094" lon="-119.145689">
        <ele>2826.2</ele>
        <time>2025-07-27T23:46:58Z</time>
      </trkpt>
      <trkpt lat="53.190082" lon="-119.145665">
        <ele>2827.9</ele>
        <time>2025-07-27T23:47:04Z</time>
      </trkpt>
      <trkpt lat="53.190078" lon="-119.145703">
        <ele>2825.7</ele>
        <time>2025-07-27T23:47:30Z</time>
      </trkpt>
      <trkpt lat="53.190036" lon="-119.145766">
        <ele>2825.8</ele>
        <time>2025-07-27T23:47:49Z</time>
      </trkpt>
      <trkpt lat="53.190031" lon="-119.145799">
        <ele>2824.9</ele>
        <time>2025-07-27T23:47:57Z</time>
      </trkpt>
      <trkpt lat="53.190000" lon="-119.145831">
        <ele>2823.9</ele>
        <time>2025-07-27T23:48:06Z</time>
      </trkpt>
      <trkpt lat="53.189978" lon="-119.145885">
        <ele>2820.8</ele>
        <time>2025-07-27T23:48:16Z</time>
      </trkpt>
      <trkpt lat="53.189886" lon="-119.145957">
        <ele>2815.5</ele>
        <time>2025-07-27T23:49:02Z</time>
      </trkpt>
      <trkpt lat="53.189824" lon="-119.145954">
        <ele>2813.8</ele>
        <time>2025-07-27T23:49:14Z</time>
      </trkpt>
      <trkpt lat="53.189785" lon="-119.145982">
        <ele>2812.0</ele>
        <time>2025-07-27T23:49:23Z</time>
      </trkpt>
      <trkpt lat="53.189765" lon="-119.145981">
        <ele>2811.9</ele>
        <time>2025-07-27T23:49:26Z</time>
      </trkpt>
      <trkpt lat="53.189729" lon="-119.146034">
        <ele>2809.4</ele>
        <time>2025-07-27T23:49:35Z</time>
      </trkpt>
      <trkpt lat="53.189666" lon="-119.146072">
        <ele>2808.8</ele>
        <time>2025-07-27T23:49:46Z</time>
      </trkpt>
      <trkpt lat="53.189605" lon="-119.146070">
        <ele>2806.9</ele>
        <time>2025-07-27T23:49:57Z</time>
      </trkpt>
      <trkpt lat="53.189572" lon="-119.146114">
        <ele>2804.3</ele>
        <time>2025-07-27T23:50:04Z</time>
      </trkpt>
      <trkpt lat="53.189547" lon="-119.146170">
        <ele>2802.0</ele>
        <time>2025-07-27T23:50:14Z</time>
      </trkpt>
      <trkpt lat="53.189495" lon="-119.146214">
        <ele>2798.9</ele>
        <time>2025-07-27T23:50:23Z</time>
      </trkpt>
      <trkpt lat="53.189475" lon="-119.146217">
        <ele>2798.7</ele>
        <time>2025-07-27T23:50:32Z</time>
      </trkpt>
      <trkpt lat="53.189424" lon="-119.146281">
        <ele>2794.0</ele>
        <time>2025-07-27T23:50:43Z</time>
      </trkpt>
      <trkpt lat="53.189362" lon="-119.146328">
        <ele>2791.0</ele>
        <time>2025-07-27T23:50:54Z</time>
      </trkpt>
      <trkpt lat="53.189342" lon="-119.146330">
        <ele>2790.2</ele>
        <time>2025-07-27T23:50:57Z</time>
      </trkpt>
      <trkpt lat="53.189233" lon="-119.146531">
        <ele>2788.4</ele>
        <time>2025-07-27T23:51:16Z</time>
      </trkpt>
      <trkpt lat="53.189215" lon="-119.146544">
        <ele>2789.2</ele>
        <time>2025-07-27T23:51:18Z</time>
      </trkpt>
      <trkpt lat="53.189202" lon="-119.146581">
        <ele>2788.1</ele>
        <time>2025-07-27T23:51:21Z</time>
      </trkpt>
      <trkpt lat="53.189183" lon="-119.146598">
        <ele>2787.7</ele>
        <time>2025-07-27T23:51:25Z</time>
      </trkpt>
      <trkpt lat="53.189198" lon="-119.146618">
        <ele>2785.3</ele>
        <time>2025-07-27T23:51:43Z</time>
      </trkpt>
      <trkpt lat="53.189178" lon="-119.146626">
        <ele>2786.2</ele>
        <time>2025-07-27T23:52:01Z</time>
      </trkpt>
      <trkpt lat="53.189143" lon="-119.146665">
        <ele>2785.5</ele>
        <time>2025-07-27T23:52:09Z</time>
      </trkpt>
      <trkpt lat="53.189102" lon="-119.146661">
        <ele>2785.1</ele>
        <time>2025-07-27T23:52:16Z</time>
      </trkpt>
      <trkpt lat="53.189057" lon="-119.146679">
        <ele>2783.4</ele>
        <time>2025-07-27T23:52:24Z</time>
      </trkpt>
      <trkpt lat="53.189023" lon="-119.146709">
        <ele>2782.1</ele>
        <time>2025-07-27T23:52:28Z</time>
      </trkpt>
      <trkpt lat="53.188998" lon="-119.146764">
        <ele>2782.0</ele>
        <time>2025-07-27T23:52:36Z</time>
      </trkpt>
      <trkpt lat="53.188936" lon="-119.146813">
        <ele>2782.2</ele>
        <time>2025-07-27T23:52:43Z</time>
      </trkpt>
      <trkpt lat="53.188895" lon="-119.146859">
        <ele>2781.8</ele>
        <time>2025-07-27T23:52:49Z</time>
      </trkpt>
      <trkpt lat="53.188888" lon="-119.146895">
        <ele>2777.8</ele>
        <time>2025-07-27T23:52:59Z</time>
      </trkpt>
      <trkpt lat="53.188819" lon="-119.146975">
        <ele>2775.1</ele>
        <time>2025-07-27T23:53:11Z</time>
      </trkpt>
      <trkpt lat="53.188773" lon="-119.146990">
        <ele>2774.6</ele>
        <time>2025-07-27T23:53:16Z</time>
      </trkpt>
      <trkpt lat="53.188746" lon="-119.146986">
        <ele>2775.4</ele>
        <time>2025-07-27T23:53:19Z</time>
      </trkpt>
      <trkpt lat="53.188707" lon="-119.147010">
        <ele>2774.8</ele>
        <time>2025-07-27T23:53:25Z</time>
      </trkpt>
      <trkpt lat="53.188626" lon="-119.147024">
        <ele>2773.5</ele>
        <time>2025-07-27T23:53:37Z</time>
      </trkpt>
      <trkpt lat="53.188587" lon="-119.147059">
        <ele>2770.1</ele>
        <time>2025-07-27T23:53:43Z</time>
      </trkpt>
      <trkpt lat="53.188585" lon="-119.147090">
        <ele>2768.0</ele>
        <time>2025-07-27T23:53:52Z</time>
      </trkpt>
      <trkpt lat="53.188478" lon="-119.147105">
        <ele>2763.7</ele>
        <time>2025-07-27T23:54:11Z</time>
      </trkpt>
      <trkpt lat="53.188461" lon="-119.147123">
        <ele>2763.2</ele>
        <time>2025-07-27T23:54:13Z</time>
      </trkpt>
      <trkpt lat="53.188413" lon="-119.147137">
        <ele>2762.0</ele>
        <time>2025-07-27T23:54:18Z</time>
      </trkpt>
      <trkpt lat="53.188363" lon="-119.147135">
        <ele>2762.4</ele>
        <time>2025-07-27T23:54:22Z</time>
      </trkpt>
      <trkpt lat="53.188343" lon="-119.147151">
        <ele>2761.3</ele>
        <time>2025-07-27T23:54:24Z</time>
      </trkpt>
      <trkpt lat="53.188294" lon="-119.147163">
        <ele>2757.3</ele>
        <time>2025-07-27T23:54:30Z</time>
      </trkpt>
      <trkpt lat="53.188280" lon="-119.147183">
        <ele>2756.0</ele>
        <time>2025-07-27T23:55:27Z</time>
      </trkpt>
      <trkpt lat="53.188187" lon="-119.147180">
        <ele>2753.5</ele>
        <time>2025-07-27T23:55:57Z</time>
      </trkpt>
      <trkpt lat="53.188145" lon="-119.147194">
        <ele>2751.9</ele>
        <time>2025-07-27T23:56:01Z</time>
      </trkpt>
      <trkpt lat="53.188093" lon="-119.147189">
        <ele>2749.0</ele>
        <time>2025-07-27T23:56:06Z</time>
      </trkpt>
      <trkpt lat="53.187966" lon="-119.147201">
        <ele>2746.1</ele>
        <time>2025-07-27T23:56:19Z</time>
      </trkpt>
      <trkpt lat="53.187921" lon="-119.147223">
        <ele>2744.1</ele>
        <time>2025-07-27T23:56:24Z</time>
      </trkpt>
      <trkpt lat="53.187896" lon="-119.147219">
        <ele>2742.1</ele>
        <time>2025-07-27T23:56:26Z</time>
      </trkpt>
      <trkpt lat="53.187838" lon="-119.147235">
        <ele>2741.5</ele>
        <time>2025-07-27T23:56:30Z</time>
      </trkpt>
      <trkpt lat="53.187820" lon="-119.147227">
        <ele>2742.1</ele>
        <time>2025-07-27T23:56:32Z</time>
      </trkpt>
      <trkpt lat="53.187753" lon="-119.147240">
        <ele>2739.9</ele>
        <time>2025-07-27T23:56:40Z</time>
      </trkpt>
      <trkpt lat="53.187688" lon="-119.147238">
        <ele>2738.4</ele>
        <time>2025-07-27T23:56:46Z</time>
      </trkpt>
      <trkpt lat="53.187670" lon="-119.147220">
        <ele>2737.7</ele>
        <time>2025-07-27T23:56:49Z</time>
      </trkpt>
      <trkpt lat="53.187602" lon="-119.147203">
        <ele>2736.9</ele>
        <time>2025-07-27T23:56:55Z</time>
      </trkpt>
      <trkpt lat="53.187560" lon="-119.147237">
        <ele>2736.9</ele>
        <time>2025-07-27T23:57:00Z</time>
      </trkpt>
      <trkpt lat="53.187514" lon="-119.147249">
        <ele>2736.1</ele>
        <time>2025-07-27T23:57:05Z</time>
      </trkpt>
      <trkpt lat="53.187481" lon="-119.147282">
        <ele>2736.3</ele>
        <time>2025-07-27T23:57:09Z</time>
      </trkpt>
      <trkpt lat="53.187224" lon="-119.147332">
        <ele>2735.6</ele>
        <time>2025-07-27T23:57:34Z</time>
      </trkpt>
      <trkpt lat="53.187191" lon="-119.147361">
        <ele>2734.3</ele>
        <time>2025-07-27T23:57:38Z</time>
      </trkpt>
      <trkpt lat="53.187110" lon="-119.147377">
        <ele>2732.7</ele>
        <time>2025-07-27T23:57:46Z</time>
      </trkpt>
      <trkpt lat="53.186985" lon="-119.147439">
        <ele>2731.2</ele>
        <time>2025-07-27T23:58:00Z</time>
      </trkpt>
      <trkpt lat="53.186879" lon="-119.147415">
        <ele>2728.3</ele>
        <time>2025-07-27T23:58:14Z</time>
      </trkpt>
      <trkpt lat="53.186856" lon="-119.147391">
        <ele>2727.1</ele>
        <time>2025-07-27T23:58:18Z</time>
      </trkpt>
      <trkpt lat="53.186840" lon="-119.147365">
        <ele>2725.5</ele>
        <time>2025-07-27T23:58:24Z</time>
      </trkpt>
      <trkpt lat="53.186839" lon="-119.147295">
        <ele>2726.5</ele>
        <time>2025-07-28T00:00:07Z</time>
      </trkpt>
      <trkpt lat="53.186825" lon="-119.147275">
        <ele>2725.4</ele>
        <time>2025-07-28T00:00:10Z</time>
      </trkpt>
      <trkpt lat="53.186814" lon="-119.147211">
        <ele>2723.1</ele>
        <time>2025-07-28T00:00:18Z</time>
      </trkpt>
      <trkpt lat="53.186772" lon="-119.147084">
        <ele>2721.0</ele>
        <time>2025-07-28T00:00:35Z</time>
      </trkpt>
      <trkpt lat="53.186752" lon="-119.147084">
        <ele>2720.5</ele>
        <time>2025-07-28T00:00:39Z</time>
      </trkpt>
      <trkpt lat="53.186737" lon="-119.147066">
        <ele>2720.1</ele>
        <time>2025-07-28T00:00:43Z</time>
      </trkpt>
      <trkpt lat="53.186717" lon="-119.147063">
        <ele>2719.5</ele>
        <time>2025-07-28T00:00:48Z</time>
      </trkpt>
      <trkpt lat="53.186702" lon="-119.147038">
        <ele>2719.1</ele>
        <time>2025-07-28T00:00:52Z</time>
      </trkpt>
      <trkpt lat="53.186701" lon="-119.147004">
        <ele>2719.4</ele>
        <time>2025-07-28T00:00:56Z</time>
      </trkpt>
      <trkpt lat="53.186682" lon="-119.146982">
        <ele>2718.8</ele>
        <time>2025-07-28T00:01:01Z</time>
      </trkpt>
      <trkpt lat="53.186639" lon="-119.146987">
        <ele>2716.6</ele>
        <time>2025-07-28T00:01:09Z</time>
      </trkpt>
      <trkpt lat="53.186625" lon="-119.146959">
        <ele>2715.4</ele>
        <time>2025-07-28T00:01:14Z</time>
      </trkpt>
      <trkpt lat="53.186603" lon="-119.146979">
        <ele>2714.9</ele>
        <time>2025-07-28T00:01:18Z</time>
      </trkpt>
      <trkpt lat="53.186559" lon="-119.146984">
        <ele>2714.6</ele>
        <time>2025-07-28T00:01:26Z</time>
      </trkpt>
      <trkpt lat="53.186541" lon="-119.146971">
        <ele>2713.6</ele>
        <time>2025-07-28T00:01:31Z</time>
      </trkpt>
      <trkpt lat="53.186501" lon="-119.146970">
        <ele>2711.1</ele>
        <time>2025-07-28T00:01:41Z</time>
      </trkpt>
      <trkpt lat="53.186477" lon="-119.147015">
        <ele>2710.2</ele>
        <time>2025-07-28T00:01:48Z</time>
      </trkpt>
      <trkpt lat="53.186464" lon="-119.146994">
        <ele>2708.4</ele>
        <time>2025-07-28T00:01:55Z</time>
      </trkpt>
      <trkpt lat="53.186449" lon="-119.147010">
        <ele>2707.1</ele>
        <time>2025-07-28T00:01:59Z</time>
      </trkpt>
      <trkpt lat="53.186409" lon="-119.147025">
        <ele>2703.9</ele>
        <time>2025-07-28T00:02:14Z</time>
      </trkpt>
      <trkpt lat="53.186360" lon="-119.147091">
        <ele>2701.3</ele>
        <time>2025-07-28T00:02:37Z</time>
      </trkpt>
      <trkpt lat="53.186342" lon="-119.147082">
        <ele>2700.1</ele>
        <time>2025-07-28T00:02:42Z</time>
      </trkpt>
      <trkpt lat="53.186331" lon="-119.147056">
        <ele>2700.0</ele>
        <time>2025-07-28T00:02:48Z</time>
      </trkpt>
      <trkpt lat="53.186313" lon="-119.147049">
        <ele>2698.8</ele>
        <time>2025-07-28T00:02:52Z</time>
      </trkpt>
      <trkpt lat="53.186297" lon="-119.147022">
        <ele>2698.5</ele>
        <time>2025-07-28T00:02:56Z</time>
      </trkpt>
      <trkpt lat="53.186280" lon="-119.147032">
        <ele>2695.9</ele>
        <time>2025-07-28T00:03:03Z</time>
      </trkpt>
      <trkpt lat="53.186238" lon="-119.147025">
        <ele>2692.4</ele>
        <time>2025-07-28T00:03:16Z</time>
      </trkpt>
      <trkpt lat="53.186177" lon="-119.147077">
        <ele>2689.4</ele>
        <time>2025-07-28T00:03:34Z</time>
      </trkpt>
      <trkpt lat="53.186165" lon="-119.147141">
        <ele>2687.4</ele>
        <time>2025-07-28T00:03:42Z</time>
      </trkpt>
      <trkpt lat="53.186147" lon="-119.147146">
        <ele>2687.5</ele>
        <time>2025-07-28T00:03:45Z</time>
      </trkpt>
      <trkpt lat="53.186105" lon="-119.147113">
        <ele>2686.8</ele>
        <time>2025-07-28T00:03:52Z</time>
      </trkpt>
      <trkpt lat="53.186090" lon="-119.147132">
        <ele>2686.3</ele>
        <time>2025-07-28T00:03:56Z</time>
      </trkpt>
      <trkpt lat="53.186072" lon="-119.147132">
        <ele>2685.1</ele>
        <time>2025-07-28T00:04:27Z</time>
      </trkpt>
      <trkpt lat="53.186049" lon="-119.147185">
        <ele>2685.7</ele>
        <time>2025-07-28T00:17:14Z</time>
      </trkpt>
      <trkpt lat="53.186064" lon="-119.147203">
        <ele>2683.2</ele>
        <time>2025-07-28T00:17:56Z</time>
      </trkpt>
      <trkpt lat="53.186038" lon="-119.147175">
        <ele>2684.6</ele>
        <time>2025-07-28T00:18:40Z</time>
      </trkpt>
      <trkpt lat="53.185975" lon="-119.147165">
        <ele>2684.0</ele>
        <time>2025-07-28T00:18:48Z</time>
      </trkpt>
      <trkpt lat="53.185936" lon="-119.147174">
        <ele>2683.0</ele>
        <time>2025-07-28T00:18:54Z</time>
      </trkpt>
      <trkpt lat="53.185847" lon="-119.147159">
        <ele>2680.8</ele>
        <time>2025-07-28T00:19:02Z</time>
      </trkpt>
      <trkpt lat="53.185715" lon="-119.147103">
        <ele>2676.8</ele>
        <time>2025-07-28T00:19:16Z</time>
      </trkpt>
      <trkpt lat="53.185686" lon="-119.147102">
        <ele>2676.5</ele>
        <time>2025-07-28T00:19:19Z</time>
      </trkpt>
      <trkpt lat="53.185588" lon="-119.147002">
        <ele>2673.9</ele>
        <time>2025-07-28T00:19:30Z</time>
      </trkpt>
      <trkpt lat="53.185550" lon="-119.146981">
        <ele>2671.0</ele>
        <time>2025-07-28T00:19:34Z</time>
      </trkpt>
      <trkpt lat="53.185523" lon="-119.146919">
        <ele>2668.7</ele>
        <time>2025-07-28T00:19:38Z</time>
      </trkpt>
      <trkpt lat="53.185484" lon="-119.146885">
        <ele>2667.1</ele>
        <time>2025-07-28T00:19:43Z</time>
      </trkpt>
      <trkpt lat="53.185435" lon="-119.146903">
        <ele>2664.5</ele>
        <time>2025-07-28T00:19:48Z</time>
      </trkpt>
      <trkpt lat="53.185393" lon="-119.146904">
        <ele>2663.1</ele>
        <time>2025-07-28T00:19:54Z</time>
      </trkpt>
      <trkpt lat="53.185378" lon="-119.146872">
        <ele>2662.0</ele>
        <time>2025-07-28T00:19:58Z</time>
      </trkpt>
      <trkpt lat="53.185353" lon="-119.146884">
        <ele>2660.1</ele>
        <time>2025-07-28T00:20:01Z</time>
      </trkpt>
      <trkpt lat="53.185334" lon="-119.146874">
        <ele>2660.2</ele>
        <time>2025-07-28T00:20:03Z</time>
      </trkpt>
      <trkpt lat="53.185248" lon="-119.146784">
        <ele>2656.7</ele>
        <time>2025-07-28T00:20:15Z</time>
      </trkpt>
      <trkpt lat="53.185160" lon="-119.146814">
        <ele>2654.4</ele>
        <time>2025-07-28T00:20:24Z</time>
      </trkpt>
      <trkpt lat="53.185132" lon="-119.146799">
        <ele>2652.2</ele>
        <time>2025-07-28T00:20:27Z</time>
      </trkpt>
      <trkpt lat="53.185120" lon="-119.146773">
        <ele>2652.0</ele>
        <time>2025-07-28T00:20:30Z</time>
      </trkpt>
      <trkpt lat="53.184998" lon="-119.146767">
        <ele>2647.2</ele>
        <time>2025-07-28T00:20:43Z</time>
      </trkpt>
      <trkpt lat="53.184955" lon="-119.146611">
        <ele>2643.9</ele>
        <time>2025-07-28T00:20:57Z</time>
      </trkpt>
      <trkpt lat="53.184918" lon="-119.146560">
        <ele>2643.4</ele>
        <time>2025-07-28T00:21:02Z</time>
      </trkpt>
      <trkpt lat="53.184835" lon="-119.146537">
        <ele>2641.9</ele>
        <time>2025-07-28T00:21:12Z</time>
      </trkpt>
      <trkpt lat="53.184800" lon="-119.146506">
        <ele>2641.8</ele>
        <time>2025-07-28T00:21:16Z</time>
      </trkpt>
      <trkpt lat="53.184780" lon="-119.146503">
        <ele>2641.1</ele>
        <time>2025-07-28T00:21:18Z</time>
      </trkpt>
      <trkpt lat="53.184759" lon="-119.146482">
        <ele>2641.6</ele>
        <time>2025-07-28T00:21:20Z</time>
      </trkpt>
      <trkpt lat="53.184721" lon="-119.146466">
        <ele>2640.8</ele>
        <time>2025-07-28T00:21:24Z</time>
      </trkpt>
      <trkpt lat="53.184665" lon="-119.146455">
        <ele>2638.3</ele>
        <time>2025-07-28T00:21:31Z</time>
      </trkpt>
      <trkpt lat="53.184624" lon="-119.146416">
        <ele>2638.2</ele>
        <time>2025-07-28T00:21:35Z</time>
      </trkpt>
      <trkpt lat="53.184563" lon="-119.146401">
        <ele>2638.4</ele>
        <time>2025-07-28T00:21:44Z</time>
      </trkpt>
      <trkpt lat="53.184493" lon="-119.146367">
        <ele>2636.8</ele>
        <time>2025-07-28T00:21:52Z</time>
      </trkpt>
      <trkpt lat="53.184473" lon="-119.146341">
        <ele>2637.5</ele>
        <time>2025-07-28T00:21:55Z</time>
      </trkpt>
      <trkpt lat="53.184423" lon="-119.146339">
        <ele>2638.7</ele>
        <time>2025-07-28T00:22:01Z</time>
      </trkpt>
      <trkpt lat="53.184411" lon="-119.146364">
        <ele>2632.3</ele>
        <time>2025-07-28T00:22:20Z</time>
      </trkpt>
      <trkpt lat="53.184392" lon="-119.146376">
        <ele>2631.4</ele>
        <time>2025-07-28T00:22:23Z</time>
      </trkpt>
      <trkpt lat="53.184272" lon="-119.146219">
        <ele>2630.5</ele>
        <time>2025-07-28T00:23:18Z</time>
      </trkpt>
      <trkpt lat="53.184187" lon="-119.146163">
        <ele>2626.4</ele>
        <time>2025-07-28T00:23:37Z</time>
      </trkpt>
      <trkpt lat="53.184128" lon="-119.146200">
        <ele>2626.3</ele>
        <time>2025-07-28T00:23:46Z</time>
      </trkpt>
      <trkpt lat="53.184113" lon="-119.146169">
        <ele>2624.9</ele>
        <time>2025-07-28T00:23:53Z</time>
      </trkpt>
      <trkpt lat="53.184094" lon="-119.146165">
        <ele>2623.9</ele>
        <time>2025-07-28T00:23:57Z</time>
      </trkpt>
      <trkpt lat="53.184078" lon="-119.146146">
        <ele>2623.8</ele>
        <time>2025-07-28T00:23:59Z</time>
      </trkpt>
      <trkpt lat="53.184058" lon="-119.146141">
        <ele>2622.8</ele>
        <time>2025-07-28T00:24:04Z</time>
      </trkpt>
      <trkpt lat="53.184040" lon="-119.146148">
        <ele>2621.1</ele>
        <time>2025-07-28T00:24:08Z</time>
      </trkpt>
      <trkpt lat="53.184034" lon="-119.146078">
        <ele>2618.6</ele>
        <time>2025-07-28T00:24:22Z</time>
      </trkpt>
      <trkpt lat="53.184016" lon="-119.146072">
        <ele>2618.0</ele>
        <time>2025-07-28T00:24:25Z</time>
      </trkpt>
      <trkpt lat="53.183996" lon="-119.145970">
        <ele>2616.6</ele>
        <time>2025-07-28T00:24:40Z</time>
      </trkpt>
      <trkpt lat="53.184004" lon="-119.145941">
        <ele>2615.9</ele>
        <time>2025-07-28T00:24:42Z</time>
      </trkpt>
      <trkpt lat="53.183943" lon="-119.145974">
        <ele>2613.3</ele>
        <time>2025-07-28T00:24:50Z</time>
      </trkpt>
      <trkpt lat="53.183901" lon="-119.145980">
        <ele>2611.0</ele>
        <time>2025-07-28T00:24:56Z</time>
      </trkpt>
      <trkpt lat="53.183860" lon="-119.146059">
        <ele>2602.4</ele>
        <time>2025-07-28T00:25:07Z</time>
      </trkpt>
      <trkpt lat="53.183826" lon="-119.146086">
        <ele>2600.3</ele>
        <time>2025-07-28T00:25:14Z</time>
      </trkpt>
      <trkpt lat="53.183807" lon="-119.146075">
        <ele>2597.9</ele>
        <time>2025-07-28T00:25:19Z</time>
      </trkpt>
      <trkpt lat="53.183796" lon="-119.146007">
        <ele>2596.1</ele>
        <time>2025-07-28T00:25:25Z</time>
      </trkpt>
      <trkpt lat="53.183671" lon="-119.146050">
        <ele>2589.8</ele>
        <time>2025-07-28T00:25:46Z</time>
      </trkpt>
      <trkpt lat="53.183656" lon="-119.145988">
        <ele>2589.2</ele>
        <time>2025-07-28T00:25:51Z</time>
      </trkpt>
      <trkpt lat="53.183638" lon="-119.145985">
        <ele>2588.7</ele>
        <time>2025-07-28T00:25:53Z</time>
      </trkpt>
      <trkpt lat="53.183621" lon="-119.145927">
        <ele>2587.5</ele>
        <time>2025-07-28T00:25:58Z</time>
      </trkpt>
      <trkpt lat="53.183598" lon="-119.145895">
        <ele>2587.3</ele>
        <time>2025-07-28T00:26:01Z</time>
      </trkpt>
      <trkpt lat="53.183598" lon="-119.145750">
        <ele>2586.2</ele>
        <time>2025-07-28T00:26:42Z</time>
      </trkpt>
      <trkpt lat="53.183583" lon="-119.145725">
        <ele>2585.6</ele>
        <time>2025-07-28T00:26:45Z</time>
      </trkpt>
      <trkpt lat="53.183535" lon="-119.145719">
        <ele>2583.6</ele>
        <time>2025-07-28T00:26:50Z</time>
      </trkpt>
      <trkpt lat="53.183513" lon="-119.145731">
        <ele>2583.1</ele>
        <time>2025-07-28T00:26:53Z</time>
      </trkpt>
      <trkpt lat="53.183492" lon="-119.145729">
        <ele>2582.4</ele>
        <time>2025-07-28T00:26:57Z</time>
      </trkpt>
      <trkpt lat="53.183446" lon="-119.145761">
        <ele>2582.4</ele>
        <time>2025-07-28T00:27:06Z</time>
      </trkpt>
      <trkpt lat="53.183324" lon="-119.145766">
        <ele>2579.3</ele>
        <time>2025-07-28T00:27:27Z</time>
      </trkpt>
      <trkpt lat="53.183307" lon="-119.145756">
        <ele>2579.2</ele>
        <time>2025-07-28T00:27:30Z</time>
      </trkpt>
      <trkpt lat="53.183288" lon="-119.145774">
        <ele>2579.6</ele>
        <time>2025-07-28T00:27:41Z</time>
      </trkpt>
      <trkpt lat="53.183269" lon="-119.145764">
        <ele>2579.9</ele>
        <time>2025-07-28T00:27:48Z</time>
      </trkpt>
      <trkpt lat="53.183253" lon="-119.145787">
        <ele>2578.5</ele>
        <time>2025-07-28T00:27:52Z</time>
      </trkpt>
      <trkpt lat="53.183235" lon="-119.145781">
        <ele>2578.3</ele>
        <time>2025-07-28T00:27:56Z</time>
      </trkpt>
      <trkpt lat="53.183227" lon="-119.145743">
        <ele>2578.3</ele>
        <time>2025-07-28T00:28:01Z</time>
      </trkpt>
      <trkpt lat="53.183204" lon="-119.145745">
        <ele>2576.6</ele>
        <time>2025-07-28T00:28:06Z</time>
      </trkpt>
      <trkpt lat="53.183146" lon="-119.145728">
        <ele>2574.4</ele>
        <time>2025-07-28T00:28:17Z</time>
      </trkpt>
      <trkpt lat="53.183133" lon="-119.145703">
        <ele>2571.5</ele>
        <time>2025-07-28T00:28:22Z</time>
      </trkpt>
      <trkpt lat="53.183110" lon="-119.145705">
        <ele>2570.3</ele>
        <time>2025-07-28T00:28:26Z</time>
      </trkpt>
      <trkpt lat="53.183094" lon="-119.145684">
        <ele>2569.4</ele>
        <time>2025-07-28T00:28:31Z</time>
      </trkpt>
      <trkpt lat="53.183075" lon="-119.145683">
        <ele>2567.5</ele>
        <time>2025-07-28T00:28:35Z</time>
      </trkpt>
      <trkpt lat="53.183045" lon="-119.145621">
        <ele>2562.3</ele>
        <time>2025-07-28T00:28:47Z</time>
      </trkpt>
      <trkpt lat="53.183002" lon="-119.145623">
        <ele>2559.9</ele>
        <time>2025-07-28T00:28:53Z</time>
      </trkpt>
      <trkpt lat="53.182986" lon="-119.145598">
        <ele>2558.7</ele>
        <time>2025-07-28T00:28:58Z</time>
      </trkpt>
      <trkpt lat="53.182922" lon="-119.145627">
        <ele>2557.0</ele>
        <time>2025-07-28T00:29:58Z</time>
      </trkpt>
      <trkpt lat="53.182905" lon="-119.145605">
        <ele>2556.1</ele>
        <time>2025-07-28T00:30:03Z</time>
      </trkpt>
      <trkpt lat="53.182863" lon="-119.145590">
        <ele>2551.5</ele>
        <time>2025-07-28T00:30:15Z</time>
      </trkpt>
      <trkpt lat="53.182856" lon="-119.145526">
        <ele>2551.0</ele>
        <time>2025-07-28T00:30:20Z</time>
      </trkpt>
      <trkpt lat="53.182812" lon="-119.145569">
        <ele>2550.7</ele>
        <time>2025-07-28T00:30:25Z</time>
      </trkpt>
      <trkpt lat="53.182797" lon="-119.145548">
        <ele>2549.9</ele>
        <time>2025-07-28T00:30:30Z</time>
      </trkpt>
      <trkpt lat="53.182779" lon="-119.145546">
        <ele>2549.2</ele>
        <time>2025-07-28T00:30:34Z</time>
      </trkpt>
      <trkpt lat="53.182795" lon="-119.145485">
        <ele>2548.7</ele>
        <time>2025-07-28T00:30:47Z</time>
      </trkpt>
      <trkpt lat="53.182774" lon="-119.145476">
        <ele>2548.7</ele>
        <time>2025-07-28T00:30:51Z</time>
      </trkpt>
      <trkpt lat="53.182736" lon="-119.145485">
        <ele>2548.5</ele>
        <time>2025-07-28T00:31:04Z</time>
      </trkpt>
      <trkpt lat="53.182670" lon="-119.145469">
        <ele>2546.1</ele>
        <time>2025-07-28T00:31:20Z</time>
      </trkpt>
      <trkpt lat="53.182671" lon="-119.145500">
        <ele>2541.8</ele>
        <time>2025-07-28T00:31:29Z</time>
      </trkpt>
      <trkpt lat="53.182653" lon="-119.145497">
        <ele>2541.0</ele>
        <time>2025-07-28T00:31:34Z</time>
      </trkpt>
      <trkpt lat="53.182625" lon="-119.145444">
        <ele>2540.3</ele>
        <time>2025-07-28T00:31:42Z</time>
      </trkpt>
      <trkpt lat="53.182603" lon="-119.145451">
        <ele>2540.3</ele>
        <time>2025-07-28T00:31:47Z</time>
      </trkpt>
      <trkpt lat="53.182582" lon="-119.145387">
        <ele>2539.8</ele>
        <time>2025-07-28T00:31:53Z</time>
      </trkpt>
      <trkpt lat="53.182566" lon="-119.145371">
        <ele>2540.1</ele>
        <time>2025-07-28T00:31:56Z</time>
      </trkpt>
      <trkpt lat="53.182546" lon="-119.145374">
        <ele>2540.1</ele>
        <time>2025-07-28T00:32:01Z</time>
      </trkpt>
      <trkpt lat="53.182493" lon="-119.145337">
        <ele>2536.8</ele>
        <time>2025-07-28T00:32:15Z</time>
      </trkpt>
      <trkpt lat="53.182473" lon="-119.145335">
        <ele>2537.2</ele>
        <time>2025-07-28T00:32:19Z</time>
      </trkpt>
      <trkpt lat="53.182454" lon="-119.145312">
        <ele>2536.5</ele>
        <time>2025-07-28T00:32:25Z</time>
      </trkpt>
      <trkpt lat="53.182429" lon="-119.145304">
        <ele>2536.6</ele>
        <time>2025-07-28T00:32:29Z</time>
      </trkpt>
      <trkpt lat="53.182391" lon="-119.145274">
        <ele>2535.0</ele>
        <time>2025-07-28T00:32:37Z</time>
      </trkpt>
      <trkpt lat="53.182369" lon="-119.145286">
        <ele>2533.7</ele>
        <time>2025-07-28T00:32:42Z</time>
      </trkpt>
      <trkpt lat="53.182352" lon="-119.145274">
        <ele>2533.8</ele>
        <time>2025-07-28T00:32:45Z</time>
      </trkpt>
      <trkpt lat="53.182344" lon="-119.145244">
        <ele>2532.6</ele>
        <time>2025-07-28T00:32:51Z</time>
      </trkpt>
      <trkpt lat="53.182323" lon="-119.145231">
        <ele>2534.1</ele>
        <time>2025-07-28T00:32:55Z</time>
      </trkpt>
      <trkpt lat="53.182281" lon="-119.145235">
        <ele>2532.8</ele>
        <time>2025-07-28T00:33:02Z</time>
      </trkpt>
      <trkpt lat="53.182259" lon="-119.145224">
        <ele>2531.9</ele>
        <time>2025-07-28T00:33:08Z</time>
      </trkpt>
      <trkpt lat="53.182216" lon="-119.145223">
        <ele>2532.8</ele>
        <time>2025-07-28T00:33:16Z</time>
      </trkpt>
      <trkpt lat="53.182179" lon="-119.145202">
        <ele>2533.4</ele>
        <time>2025-07-28T00:33:23Z</time>
      </trkpt>
      <trkpt lat="53.182146" lon="-119.145251">
        <ele>2530.6</ele>
        <time>2025-07-28T00:33:34Z</time>
      </trkpt>
      <trkpt lat="53.182103" lon="-119.145231">
        <ele>2529.9</ele>
        <time>2025-07-28T00:33:47Z</time>
      </trkpt>
      <trkpt lat="53.182095" lon="-119.145172">
        <ele>2522.1</ele>
        <time>2025-07-28T00:34:00Z</time>
      </trkpt>
      <trkpt lat="53.182109" lon="-119.145151">
        <ele>2521.0</ele>
        <time>2025-07-28T00:34:05Z</time>
      </trkpt>
      <trkpt lat="53.182091" lon="-119.145153">
        <ele>2519.1</ele>
        <time>2025-07-28T00:34:13Z</time>
      </trkpt>
      <trkpt lat="53.182079" lon="-119.145130">
        <ele>2519.2</ele>
        <time>2025-07-28T00:34:19Z</time>
      </trkpt>
      <trkpt lat="53.182082" lon="-119.145064">
        <ele>2517.5</ele>
        <time>2025-07-28T00:34:31Z</time>
      </trkpt>
      <trkpt lat="53.182040" lon="-119.145029">
        <ele>2514.6</ele>
        <time>2025-07-28T00:34:41Z</time>
      </trkpt>
      <trkpt lat="53.182023" lon="-119.145040">
        <ele>2513.8</ele>
        <time>2025-07-28T00:34:48Z</time>
      </trkpt>
      <trkpt lat="53.182009" lon="-119.145007">
        <ele>2510.8</ele>
        <time>2025-07-28T00:34:56Z</time>
      </trkpt>
      <trkpt lat="53.181986" lon="-119.145012">
        <ele>2510.4</ele>
        <time>2025-07-28T00:35:04Z</time>
      </trkpt>
      <trkpt lat="53.181975" lon="-119.144981">
        <ele>2508.5</ele>
        <time>2025-07-28T00:35:10Z</time>
      </trkpt>
      <trkpt lat="53.181988" lon="-119.144956">
        <ele>2509.2</ele>
        <time>2025-07-28T00:35:15Z</time>
      </trkpt>
      <trkpt lat="53.181996" lon="-119.144818">
        <ele>2506.6</ele>
        <time>2025-07-28T00:35:39Z</time>
      </trkpt>
      <trkpt lat="53.181991" lon="-119.144788">
        <ele>2507.9</ele>
        <time>2025-07-28T00:35:47Z</time>
      </trkpt>
      <trkpt lat="53.181975" lon="-119.144804">
        <ele>2506.8</ele>
        <time>2025-07-28T00:35:52Z</time>
      </trkpt>
      <trkpt lat="53.181955" lon="-119.144806">
        <ele>2506.4</ele>
        <time>2025-07-28T00:36:01Z</time>
      </trkpt>
      <trkpt lat="53.181956" lon="-119.144669">
        <ele>2496.6</ele>
        <time>2025-07-28T00:36:32Z</time>
      </trkpt>
      <trkpt lat="53.181931" lon="-119.144577">
        <ele>2494.6</ele>
        <time>2025-07-28T00:36:53Z</time>
      </trkpt>
      <trkpt lat="53.181940" lon="-119.144545">
        <ele>2493.0</ele>
        <time>2025-07-28T00:37:05Z</time>
      </trkpt>
      <trkpt lat="53.181931" lon="-119.144519">
        <ele>2490.8</ele>
        <time>2025-07-28T00:37:13Z</time>
      </trkpt>
      <trkpt lat="53.181932" lon="-119.144473">
        <ele>2490.5</ele>
        <time>2025-07-28T00:37:19Z</time>
      </trkpt>
      <trkpt lat="53.181914" lon="-119.144461">
        <ele>2489.8</ele>
        <time>2025-07-28T00:37:24Z</time>
      </trkpt>
      <trkpt lat="53.181903" lon="-119.144433">
        <ele>2487.4</ele>
        <time>2025-07-28T00:37:34Z</time>
      </trkpt>
      <trkpt lat="53.181884" lon="-119.144429">
        <ele>2485.6</ele>
        <time>2025-07-28T00:37:38Z</time>
      </trkpt>
      <trkpt lat="53.181832" lon="-119.144369">
        <ele>2479.2</ele>
        <time>2025-07-28T00:38:01Z</time>
      </trkpt>
      <trkpt lat="53.181812" lon="-119.144371">
        <ele>2475.4</ele>
        <time>2025-07-28T00:38:07Z</time>
      </trkpt>
      <trkpt lat="53.181821" lon="-119.144269">
        <ele>2471.9</ele>
        <time>2025-07-28T00:38:31Z</time>
      </trkpt>
      <trkpt lat="53.181813" lon="-119.144237">
        <ele>2469.7</ele>
        <time>2025-07-28T00:38:35Z</time>
      </trkpt>
      <trkpt lat="53.181794" lon="-119.144254">
        <ele>2469.7</ele>
        <time>2025-07-28T00:38:41Z</time>
      </trkpt>
      <trkpt lat="53.181776" lon="-119.144253">
        <ele>2466.8</ele>
        <time>2025-07-28T00:39:02Z</time>
      </trkpt>
      <trkpt lat="53.181772" lon="-119.144151">
        <ele>2468.2</ele>
        <time>2025-07-28T00:39:21Z</time>
      </trkpt>
      <trkpt lat="53.181752" lon="-119.144144">
        <ele>2465.5</ele>
        <time>2025-07-28T00:39:29Z</time>
      </trkpt>
      <trkpt lat="53.181764" lon="-119.144117">
        <ele>2463.8</ele>
        <time>2025-07-28T00:39:42Z</time>
      </trkpt>
      <trkpt lat="53.181753" lon="-119.144084">
        <ele>2463.3</ele>
        <time>2025-07-28T00:39:50Z</time>
      </trkpt>
      <trkpt lat="53.181721" lon="-119.144057">
        <ele>2461.3</ele>
        <time>2025-07-28T00:40:06Z</time>
      </trkpt>
      <trkpt lat="53.181701" lon="-119.144066">
        <ele>2460.9</ele>
        <time>2025-07-28T00:40:13Z</time>
      </trkpt>
      <trkpt lat="53.181690" lon="-119.144040">
        <ele>2459.8</ele>
        <time>2025-07-28T00:40:23Z</time>
      </trkpt>
      <trkpt lat="53.181670" lon="-119.144028">
        <ele>2457.8</ele>
        <time>2025-07-28T00:40:28Z</time>
      </trkpt>
      <trkpt lat="53.181632" lon="-119.144029">
        <ele>2454.7</ele>
        <time>2025-07-28T00:40:44Z</time>
      </trkpt>
      <trkpt lat="53.181572" lon="-119.144061">
        <ele>2455.4</ele>
        <time>2025-07-28T00:41:05Z</time>
      </trkpt>
      <trkpt lat="53.181535" lon="-119.144098">
        <ele>2455.2</ele>
        <time>2025-07-28T00:41:11Z</time>
      </trkpt>
      <trkpt lat="53.181526" lon="-119.144127">
        <ele>2451.1</ele>
        <time>2025-07-28T00:41:16Z</time>
      </trkpt>
      <trkpt lat="53.181516" lon="-119.144102">
        <ele>2450.0</ele>
        <time>2025-07-28T00:41:23Z</time>
      </trkpt>
      <trkpt lat="53.181479" lon="-119.144118">
        <ele>2447.2</ele>
        <time>2025-07-28T00:41:32Z</time>
      </trkpt>
      <trkpt lat="53.181439" lon="-119.144077">
        <ele>2444.6</ele>
        <time>2025-07-28T00:41:43Z</time>
      </trkpt>
      <trkpt lat="53.181429" lon="-119.144051">
        <ele>2443.5</ele>
        <time>2025-07-28T00:41:49Z</time>
      </trkpt>
      <trkpt lat="53.181366" lon="-119.143972">
        <ele>2436.2</ele>
        <time>2025-07-28T00:42:15Z</time>
      </trkpt>
      <trkpt lat="53.181347" lon="-119.143968">
        <ele>2434.3</ele>
        <time>2025-07-28T00:42:23Z</time>
      </trkpt>
      <trkpt lat="53.181323" lon="-119.143916">
        <ele>2433.6</ele>
        <time>2025-07-28T00:42:37Z</time>
      </trkpt>
      <trkpt lat="53.181300" lon="-119.143904">
        <ele>2432.9</ele>
        <time>2025-07-28T00:42:40Z</time>
      </trkpt>
      <trkpt lat="53.181287" lon="-119.143881">
        <ele>2430.1</ele>
        <time>2025-07-28T00:42:49Z</time>
      </trkpt>
      <trkpt lat="53.181268" lon="-119.143875">
        <ele>2428.1</ele>
        <time>2025-07-28T00:42:55Z</time>
      </trkpt>
      <trkpt lat="53.181235" lon="-119.143837">
        <ele>2425.4</ele>
        <time>2025-07-28T00:43:14Z</time>
      </trkpt>
      <trkpt lat="53.181228" lon="-119.143810">
        <ele>2424.9</ele>
        <time>2025-07-28T00:43:24Z</time>
      </trkpt>
      <trkpt lat="53.181206" lon="-119.143804">
        <ele>2422.6</ele>
        <time>2025-07-28T00:43:45Z</time>
      </trkpt>
      <trkpt lat="53.181194" lon="-119.143736">
        <ele>2420.7</ele>
        <time>2025-07-28T00:44:01Z</time>
      </trkpt>
      <trkpt lat="53.181208" lon="-119.143701">
        <ele>2420.1</ele>
        <time>2025-07-28T00:44:04Z</time>
      </trkpt>
      <trkpt lat="53.181202" lon="-119.143603">
        <ele>2418.8</ele>
        <time>2025-07-28T00:44:15Z</time>
      </trkpt>
      <trkpt lat="53.181187" lon="-119.143538">
        <ele>2416.3</ele>
        <time>2025-07-28T00:44:23Z</time>
      </trkpt>
      <trkpt lat="53.181122" lon="-119.143534">
        <ele>2411.7</ele>
        <time>2025-07-28T00:44:36Z</time>
      </trkpt>
      <trkpt lat="53.181091" lon="-119.143494">
        <ele>2409.4</ele>
        <time>2025-07-28T00:44:47Z</time>
      </trkpt>
      <trkpt lat="53.181084" lon="-119.143463">
        <ele>2409.1</ele>
        <time>2025-07-28T00:44:50Z</time>
      </trkpt>
      <trkpt lat="53.181065" lon="-119.143468">
        <ele>2407.1</ele>
        <time>2025-07-28T00:44:53Z</time>
      </trkpt>
      <trkpt lat="53.181008" lon="-119.143396">
        <ele>2404.5</ele>
        <time>2025-07-28T00:45:08Z</time>
      </trkpt>
      <trkpt lat="53.180985" lon="-119.143391">
        <ele>2402.9</ele>
        <time>2025-07-28T00:45:12Z</time>
      </trkpt>
      <trkpt lat="53.180957" lon="-119.143283">
        <ele>2400.5</ele>
        <time>2025-07-28T00:45:26Z</time>
      </trkpt>
      <trkpt lat="53.180931" lon="-119.143282">
        <ele>2399.8</ele>
        <time>2025-07-28T00:45:29Z</time>
      </trkpt>
      <trkpt lat="53.180916" lon="-119.143299">
        <ele>2399.4</ele>
        <time>2025-07-28T00:45:33Z</time>
      </trkpt>
      <trkpt lat="53.180897" lon="-119.143288">
        <ele>2398.2</ele>
        <time>2025-07-28T00:45:37Z</time>
      </trkpt>
      <trkpt lat="53.180856" lon="-119.143208">
        <ele>2398.1</ele>
        <time>2025-07-28T00:45:45Z</time>
      </trkpt>
      <trkpt lat="53.180814" lon="-119.143203">
        <ele>2395.9</ele>
        <time>2025-07-28T00:45:52Z</time>
      </trkpt>
      <trkpt lat="53.180799" lon="-119.143180">
        <ele>2395.3</ele>
        <time>2025-07-28T00:45:55Z</time>
      </trkpt>
      <trkpt lat="53.180777" lon="-119.143184">
        <ele>2395.2</ele>
        <time>2025-07-28T00:45:57Z</time>
      </trkpt>
      <trkpt lat="53.180765" lon="-119.143212">
        <ele>2393.7</ele>
        <time>2025-07-28T00:46:00Z</time>
      </trkpt>
      <trkpt lat="53.180738" lon="-119.143195">
        <ele>2393.8</ele>
        <time>2025-07-28T00:46:03Z</time>
      </trkpt>
      <trkpt lat="53.180725" lon="-119.143216">
        <ele>2392.6</ele>
        <time>2025-07-28T00:46:07Z</time>
      </trkpt>
      <trkpt lat="53.180703" lon="-119.143217">
        <ele>2390.8</ele>
        <time>2025-07-28T00:46:11Z</time>
      </trkpt>
      <trkpt lat="53.180683" lon="-119.143208">
        <ele>2388.9</ele>
        <time>2025-07-28T00:46:17Z</time>
      </trkpt>
      <trkpt lat="53.180667" lon="-119.143185">
        <ele>2388.2</ele>
        <time>2025-07-28T00:46:20Z</time>
      </trkpt>
      <trkpt lat="53.180648" lon="-119.143188">
        <ele>2386.8</ele>
        <time>2025-07-28T00:46:25Z</time>
      </trkpt>
      <trkpt lat="53.180632" lon="-119.143169">
        <ele>2385.7</ele>
        <time>2025-07-28T00:46:29Z</time>
      </trkpt>
      <trkpt lat="53.180612" lon="-119.143173">
        <ele>2384.7</ele>
        <time>2025-07-28T00:46:33Z</time>
      </trkpt>
      <trkpt lat="53.180567" lon="-119.143154">
        <ele>2383.0</ele>
        <time>2025-07-28T00:46:42Z</time>
      </trkpt>
      <trkpt lat="53.180547" lon="-119.143168">
        <ele>2383.5</ele>
        <time>2025-07-28T00:46:45Z</time>
      </trkpt>
      <trkpt lat="53.180527" lon="-119.143146">
        <ele>2382.5</ele>
        <time>2025-07-28T00:46:50Z</time>
      </trkpt>
      <trkpt lat="53.180447" lon="-119.143174">
        <ele>2378.3</ele>
        <time>2025-07-28T00:47:26Z</time>
      </trkpt>
      <trkpt lat="53.180390" lon="-119.143229">
        <ele>2377.0</ele>
        <time>2025-07-28T00:47:37Z</time>
      </trkpt>
      <trkpt lat="53.180365" lon="-119.143232">
        <ele>2375.8</ele>
        <time>2025-07-28T00:47:41Z</time>
      </trkpt>
      <trkpt lat="53.180346" lon="-119.143249">
        <ele>2374.5</ele>
        <time>2025-07-28T00:47:45Z</time>
      </trkpt>
      <trkpt lat="53.180336" lon="-119.143284">
        <ele>2374.9</ele>
        <time>2025-07-28T00:47:47Z</time>
      </trkpt>
      <trkpt lat="53.180271" lon="-119.143273">
        <ele>2371.1</ele>
        <time>2025-07-28T00:48:00Z</time>
      </trkpt>
      <trkpt lat="53.180213" lon="-119.143285">
        <ele>2368.0</ele>
        <time>2025-07-28T00:48:16Z</time>
      </trkpt>
      <trkpt lat="53.180206" lon="-119.143245">
        <ele>2366.9</ele>
        <time>2025-07-28T00:48:21Z</time>
      </trkpt>
      <trkpt lat="53.180187" lon="-119.143241">
        <ele>2366.3</ele>
        <time>2025-07-28T00:48:29Z</time>
      </trkpt>
      <trkpt lat="53.180065" lon="-119.143290">
        <ele>2361.7</ele>
        <time>2025-07-28T00:48:52Z</time>
      </trkpt>
      <trkpt lat="53.180044" lon="-119.143282">
        <ele>2360.7</ele>
        <time>2025-07-28T00:48:57Z</time>
      </trkpt>
      <trkpt lat="53.180027" lon="-119.143292">
        <ele>2360.0</ele>
        <time>2025-07-28T00:49:02Z</time>
      </trkpt>
      <trkpt lat="53.179996" lon="-119.143379">
        <ele>2360.4</ele>
        <time>2025-07-28T00:49:09Z</time>
      </trkpt>
      <trkpt lat="53.179941" lon="-119.143442">
        <ele>2358.3</ele>
        <time>2025-07-28T00:49:25Z</time>
      </trkpt>
      <trkpt lat="53.179903" lon="-119.143446">
        <ele>2355.9</ele>
        <time>2025-07-28T00:49:35Z</time>
      </trkpt>
      <trkpt lat="53.179801" lon="-119.143491">
        <ele>2351.4</ele>
        <time>2025-07-28T00:49:54Z</time>
      </trkpt>
      <trkpt lat="53.179755" lon="-119.143455">
        <ele>2351.1</ele>
        <time>2025-07-28T00:50:05Z</time>
      </trkpt>
      <trkpt lat="53.179734" lon="-119.143450">
        <ele>2348.5</ele>
        <time>2025-07-28T00:50:13Z</time>
      </trkpt>
      <trkpt lat="53.179711" lon="-119.143468">
        <ele>2349.0</ele>
        <time>2025-07-28T00:50:18Z</time>
      </trkpt>
      <trkpt lat="53.179691" lon="-119.143515">
        <ele>2347.7</ele>
        <time>2025-07-28T00:50:24Z</time>
      </trkpt>
      <trkpt lat="53.179646" lon="-119.143509">
        <ele>2345.0</ele>
        <time>2025-07-28T00:50:33Z</time>
      </trkpt>
      <trkpt lat="53.179636" lon="-119.143540">
        <ele>2344.6</ele>
        <time>2025-07-28T00:50:37Z</time>
      </trkpt>
      <trkpt lat="53.179568" lon="-119.143615">
        <ele>2342.7</ele>
        <time>2025-07-28T00:50:58Z</time>
      </trkpt>
      <trkpt lat="53.179528" lon="-119.143600">
        <ele>2340.7</ele>
        <time>2025-07-28T00:51:04Z</time>
      </trkpt>
      <trkpt lat="53.179508" lon="-119.143606">
        <ele>2339.9</ele>
        <time>2025-07-28T00:51:07Z</time>
      </trkpt>
      <trkpt lat="53.179461" lon="-119.143574">
        <ele>2336.6</ele>
        <time>2025-07-28T00:51:17Z</time>
      </trkpt>
      <trkpt lat="53.179451" lon="-119.143543">
        <ele>2335.9</ele>
        <time>2025-07-28T00:51:21Z</time>
      </trkpt>
      <trkpt lat="53.179432" lon="-119.143554">
        <ele>2335.4</ele>
        <time>2025-07-28T00:51:25Z</time>
      </trkpt>
      <trkpt lat="53.179386" lon="-119.143528">
        <ele>2333.0</ele>
        <time>2025-07-28T00:51:34Z</time>
      </trkpt>
      <trkpt lat="53.179386" lon="-119.143458">
        <ele>2331.7</ele>
        <time>2025-07-28T00:51:42Z</time>
      </trkpt>
      <trkpt lat="53.179369" lon="-119.143440">
        <ele>2330.9</ele>
        <time>2025-07-28T00:51:46Z</time>
      </trkpt>
      <trkpt lat="53.179326" lon="-119.143433">
        <ele>2328.0</ele>
        <time>2025-07-28T00:51:54Z</time>
      </trkpt>
      <trkpt lat="53.179309" lon="-119.143451">
        <ele>2327.8</ele>
        <time>2025-07-28T00:51:59Z</time>
      </trkpt>
      <trkpt lat="53.179287" lon="-119.143451">
        <ele>2328.2</ele>
        <time>2025-07-28T00:52:20Z</time>
      </trkpt>
      <trkpt lat="53.179297" lon="-119.143418">
        <ele>2327.0</ele>
        <time>2025-07-28T00:53:48Z</time>
      </trkpt>
      <trkpt lat="53.179278" lon="-119.143391">
        <ele>2326.4</ele>
        <time>2025-07-28T00:53:52Z</time>
      </trkpt>
      <trkpt lat="53.179258" lon="-119.143395">
        <ele>2325.6</ele>
        <time>2025-07-28T00:53:56Z</time>
      </trkpt>
      <trkpt lat="53.179225" lon="-119.143426">
        <ele>2324.8</ele>
        <time>2025-07-28T00:54:02Z</time>
      </trkpt>
      <trkpt lat="53.179139" lon="-119.143441">
        <ele>2320.1</ele>
        <time>2025-07-28T00:54:19Z</time>
      </trkpt>
      <trkpt lat="53.179100" lon="-119.143413">
        <ele>2316.8</ele>
        <time>2025-07-28T00:54:28Z</time>
      </trkpt>
      <trkpt lat="53.179061" lon="-119.143328">
        <ele>2313.8</ele>
        <time>2025-07-28T00:54:38Z</time>
      </trkpt>
      <trkpt lat="53.179054" lon="-119.142904">
        <ele>2308.9</ele>
        <time>2025-07-28T00:55:17Z</time>
      </trkpt>
      <trkpt lat="53.179001" lon="-119.142722">
        <ele>2303.8</ele>
        <time>2025-07-28T00:55:39Z</time>
      </trkpt>
      <trkpt lat="53.178991" lon="-119.142577">
        <ele>2300.7</ele>
        <time>2025-07-28T00:55:52Z</time>
      </trkpt>
      <trkpt lat="53.178943" lon="-119.142411">
        <ele>2297.6</ele>
        <time>2025-07-28T00:56:14Z</time>
      </trkpt>
      <trkpt lat="53.178943" lon="-119.142375">
        <ele>2298.2</ele>
        <time>2025-07-28T00:56:20Z</time>
      </trkpt>
      <trkpt lat="53.178918" lon="-119.142284">
        <ele>2295.3</ele>
        <time>2025-07-28T00:56:29Z</time>
      </trkpt>
      <trkpt lat="53.178871" lon="-119.142286">
        <ele>2293.2</ele>
        <time>2025-07-28T00:56:35Z</time>
      </trkpt>
      <trkpt lat="53.178854" lon="-119.142273">
        <ele>2292.3</ele>
        <time>2025-07-28T00:56:39Z</time>
      </trkpt>
      <trkpt lat="53.178838" lon="-119.142168">
        <ele>2290.2</ele>
        <time>2025-07-28T00:56:51Z</time>
      </trkpt>
      <trkpt lat="53.178792" lon="-119.142162">
        <ele>2288.1</ele>
        <time>2025-07-28T00:56:58Z</time>
      </trkpt>
      <trkpt lat="53.178778" lon="-119.142140">
        <ele>2287.8</ele>
        <time>2025-07-28T00:57:03Z</time>
      </trkpt>
      <trkpt lat="53.178781" lon="-119.142090">
        <ele>2286.7</ele>
        <time>2025-07-28T00:57:07Z</time>
      </trkpt>
      <trkpt lat="53.178753" lon="-119.141988">
        <ele>2284.6</ele>
        <time>2025-07-28T00:57:15Z</time>
      </trkpt>
      <trkpt lat="53.178734" lon="-119.141962">
        <ele>2284.0</ele>
        <time>2025-07-28T00:57:18Z</time>
      </trkpt>
      <trkpt lat="53.178673" lon="-119.141972">
        <ele>2281.8</ele>
        <time>2025-07-28T00:57:32Z</time>
      </trkpt>
      <trkpt lat="53.178647" lon="-119.141960">
        <ele>2280.1</ele>
        <time>2025-07-28T00:57:37Z</time>
      </trkpt>
      <trkpt lat="53.178641" lon="-119.141925">
        <ele>2279.7</ele>
        <time>2025-07-28T00:57:40Z</time>
      </trkpt>
      <trkpt lat="53.178623" lon="-119.141904">
        <ele>2278.5</ele>
        <time>2025-07-28T00:57:43Z</time>
      </trkpt>
      <trkpt lat="53.178566" lon="-119.141906">
        <ele>2277.0</ele>
        <time>2025-07-28T00:57:54Z</time>
      </trkpt>
      <trkpt lat="53.178449" lon="-119.142049">
        <ele>2270.8</ele>
        <time>2025-07-28T00:58:22Z</time>
      </trkpt>
      <trkpt lat="53.178361" lon="-119.142091">
        <ele>2266.4</ele>
        <time>2025-07-28T00:58:40Z</time>
      </trkpt>
      <trkpt lat="53.178348" lon="-119.142067">
        <ele>2264.3</ele>
        <time>2025-07-28T00:58:45Z</time>
      </trkpt>
      <trkpt lat="53.178329" lon="-119.142068">
        <ele>2263.0</ele>
        <time>2025-07-28T00:58:51Z</time>
      </trkpt>
      <trkpt lat="53.178314" lon="-119.142045">
        <ele>2262.1</ele>
        <time>2025-07-28T00:58:54Z</time>
      </trkpt>
      <trkpt lat="53.178281" lon="-119.142087">
        <ele>2261.4</ele>
        <time>2025-07-28T00:59:04Z</time>
      </trkpt>
      <trkpt lat="53.178262" lon="-119.142081">
        <ele>2260.8</ele>
        <time>2025-07-28T00:59:07Z</time>
      </trkpt>
      <trkpt lat="53.178234" lon="-119.142183">
        <ele>2258.9</ele>
        <time>2025-07-28T00:59:19Z</time>
      </trkpt>
      <trkpt lat="53.178217" lon="-119.142193">
        <ele>2257.9</ele>
        <time>2025-07-28T00:59:22Z</time>
      </trkpt>
      <trkpt lat="53.178212" lon="-119.142225">
        <ele>2256.8</ele>
        <time>2025-07-28T00:59:26Z</time>
      </trkpt>
      <trkpt lat="53.178192" lon="-119.142235">
        <ele>2255.9</ele>
        <time>2025-07-28T00:59:30Z</time>
      </trkpt>
      <trkpt lat="53.178167" lon="-119.142221">
        <ele>2254.3</ele>
        <time>2025-07-28T00:59:33Z</time>
      </trkpt>
      <trkpt lat="53.178134" lon="-119.142249">
        <ele>2253.3</ele>
        <time>2025-07-28T00:59:40Z</time>
      </trkpt>
      <trkpt lat="53.178116" lon="-119.142241">
        <ele>2252.6</ele>
        <time>2025-07-28T00:59:47Z</time>
      </trkpt>
      <trkpt lat="53.178105" lon="-119.142267">
        <ele>2251.3</ele>
        <time>2025-07-28T00:59:52Z</time>
      </trkpt>
      <trkpt lat="53.178084" lon="-119.142261">
        <ele>2250.6</ele>
        <time>2025-07-28T00:59:56Z</time>
      </trkpt>
      <trkpt lat="53.178046" lon="-119.142281">
        <ele>2248.1</ele>
        <time>2025-07-28T01:00:06Z</time>
      </trkpt>
      <trkpt lat="53.177986" lon="-119.142254">
        <ele>2245.4</ele>
        <time>2025-07-28T01:00:15Z</time>
      </trkpt>
      <trkpt lat="53.177903" lon="-119.142192">
        <ele>2241.7</ele>
        <time>2025-07-28T01:00:30Z</time>
      </trkpt>
      <trkpt lat="53.177883" lon="-119.142197">
        <ele>2241.1</ele>
        <time>2025-07-28T01:00:34Z</time>
      </trkpt>
      <trkpt lat="53.177871" lon="-119.142220">
        <ele>2239.5</ele>
        <time>2025-07-28T01:00:37Z</time>
      </trkpt>
      <trkpt lat="53.177851" lon="-119.142292">
        <ele>2237.8</ele>
        <time>2025-07-28T01:00:44Z</time>
      </trkpt>
      <trkpt lat="53.177826" lon="-119.142277">
        <ele>2238.1</ele>
        <time>2025-07-28T01:00:48Z</time>
      </trkpt>
      <trkpt lat="53.177772" lon="-119.142277">
        <ele>2235.1</ele>
        <time>2025-07-28T01:00:57Z</time>
      </trkpt>
      <trkpt lat="53.177769" lon="-119.142356">
        <ele>2233.5</ele>
        <time>2025-07-28T01:01:03Z</time>
      </trkpt>
      <trkpt lat="53.177729" lon="-119.142393">
        <ele>2231.7</ele>
        <time>2025-07-28T01:01:10Z</time>
      </trkpt>
      <trkpt lat="53.177690" lon="-119.142389">
        <ele>2228.9</ele>
        <time>2025-07-28T01:01:15Z</time>
      </trkpt>
      <trkpt lat="53.177662" lon="-119.142438">
        <ele>2227.1</ele>
        <time>2025-07-28T01:01:22Z</time>
      </trkpt>
      <trkpt lat="53.177658" lon="-119.142507">
        <ele>2225.9</ele>
        <time>2025-07-28T01:01:28Z</time>
      </trkpt>
      <trkpt lat="53.177640" lon="-119.142500">
        <ele>2225.1</ele>
        <time>2025-07-28T01:01:32Z</time>
      </trkpt>
      <trkpt lat="53.177635" lon="-119.142619">
        <ele>2224.4</ele>
        <time>2025-07-28T01:01:47Z</time>
      </trkpt>
      <trkpt lat="53.177603" lon="-119.142747">
        <ele>2221.9</ele>
        <time>2025-07-28T01:02:05Z</time>
      </trkpt>
      <trkpt lat="53.177612" lon="-119.142836">
        <ele>2220.7</ele>
        <time>2025-07-28T01:02:14Z</time>
      </trkpt>
      <trkpt lat="53.177570" lon="-119.142961">
        <ele>2217.1</ele>
        <time>2025-07-28T01:02:31Z</time>
      </trkpt>
      <trkpt lat="53.177551" lon="-119.142972">
        <ele>2216.3</ele>
        <time>2025-07-28T01:02:34Z</time>
      </trkpt>
      <trkpt lat="53.177532" lon="-119.142962">
        <ele>2214.6</ele>
        <time>2025-07-28T01:02:38Z</time>
      </trkpt>
      <trkpt lat="53.177503" lon="-119.143134">
        <ele>2209.5</ele>
        <time>2025-07-28T01:02:58Z</time>
      </trkpt>
      <trkpt lat="53.177509" lon="-119.143233">
        <ele>2207.7</ele>
        <time>2025-07-28T01:03:12Z</time>
      </trkpt>
      <trkpt lat="53.177500" lon="-119.143267">
        <ele>2207.4</ele>
        <time>2025-07-28T01:03:15Z</time>
      </trkpt>
      <trkpt lat="53.177482" lon="-119.143285">
        <ele>2206.1</ele>
        <time>2025-07-28T01:03:20Z</time>
      </trkpt>
      <trkpt lat="53.177458" lon="-119.143285">
        <ele>2205.0</ele>
        <time>2025-07-28T01:03:29Z</time>
      </trkpt>
      <trkpt lat="53.177422" lon="-119.143381">
        <ele>2203.4</ele>
        <time>2025-07-28T01:03:40Z</time>
      </trkpt>
      <trkpt lat="53.177405" lon="-119.143413">
        <ele>2202.5</ele>
        <time>2025-07-28T01:03:45Z</time>
      </trkpt>
      <trkpt lat="53.177366" lon="-119.143448">
        <ele>2200.7</ele>
        <time>2025-07-28T01:03:53Z</time>
      </trkpt>
      <trkpt lat="53.177352" lon="-119.143485">
        <ele>2200.0</ele>
        <time>2025-07-28T01:03:56Z</time>
      </trkpt>
      <trkpt lat="53.177318" lon="-119.143507">
        <ele>2198.7</ele>
        <time>2025-07-28T01:04:04Z</time>
      </trkpt>
      <trkpt lat="53.177274" lon="-119.143506">
        <ele>2198.4</ele>
        <time>2025-07-28T01:04:36Z</time>
      </trkpt>
      <trkpt lat="53.177291" lon="-119.143515">
        <ele>2197.4</ele>
        <time>2025-07-28T01:04:59Z</time>
      </trkpt>
      <trkpt lat="53.177294" lon="-119.143544">
        <ele>2195.6</ele>
        <time>2025-07-28T01:07:09Z</time>
      </trkpt>
      <trkpt lat="53.177295" lon="-119.143510">
        <ele>2196.6</ele>
        <time>2025-07-28T01:08:35Z</time>
      </trkpt>
      <trkpt lat="53.177258" lon="-119.143492">
        <ele>2196.1</ele>
        <time>2025-07-28T01:08:53Z</time>
      </trkpt>
      <trkpt lat="53.177175" lon="-119.143509">
        <ele>2193.7</ele>
        <time>2025-07-28T01:09:07Z</time>
      </trkpt>
      <trkpt lat="53.177157" lon="-119.143541">
        <ele>2193.5</ele>
        <time>2025-07-28T01:09:10Z</time>
      </trkpt>
      <trkpt lat="53.177074" lon="-119.143565">
        <ele>2190.7</ele>
        <time>2025-07-28T01:09:25Z</time>
      </trkpt>
      <trkpt lat="53.177039" lon="-119.143610">
        <ele>2189.6</ele>
        <time>2025-07-28T01:09:30Z</time>
      </trkpt>
      <trkpt lat="53.176995" lon="-119.143606">
        <ele>2189.2</ele>
        <time>2025-07-28T01:09:37Z</time>
      </trkpt>
      <trkpt lat="53.176972" lon="-119.143617">
        <ele>2188.7</ele>
        <time>2025-07-28T01:09:40Z</time>
      </trkpt>
      <trkpt lat="53.176957" lon="-119.143644">
        <ele>2186.3</ele>
        <time>2025-07-28T01:09:43Z</time>
      </trkpt>
      <trkpt lat="53.176938" lon="-119.143655">
        <ele>2185.0</ele>
        <time>2025-07-28T01:09:46Z</time>
      </trkpt>
      <trkpt lat="53.176902" lon="-119.143612">
        <ele>2182.1</ele>
        <time>2025-07-28T01:09:52Z</time>
      </trkpt>
      <trkpt lat="53.176839" lon="-119.143629">
        <ele>2178.8</ele>
        <time>2025-07-28T01:10:02Z</time>
      </trkpt>
      <trkpt lat="53.176822" lon="-119.143621">
        <ele>2177.0</ele>
        <time>2025-07-28T01:10:04Z</time>
      </trkpt>
      <trkpt lat="53.176812" lon="-119.143592">
        <ele>2178.3</ele>
        <time>2025-07-28T01:10:06Z</time>
      </trkpt>
      <trkpt lat="53.176760" lon="-119.143548">
        <ele>2175.7</ele>
        <time>2025-07-28T01:10:16Z</time>
      </trkpt>
      <trkpt lat="53.176753" lon="-119.143516">
        <ele>2174.1</ele>
        <time>2025-07-28T01:10:19Z</time>
      </trkpt>
      <trkpt lat="53.176729" lon="-119.143493">
        <ele>2171.8</ele>
        <time>2025-07-28T01:10:23Z</time>
      </trkpt>
      <trkpt lat="53.176709" lon="-119.143492">
        <ele>2171.5</ele>
        <time>2025-07-28T01:10:27Z</time>
      </trkpt>
      <trkpt lat="53.176657" lon="-119.143416">
        <ele>2168.3</ele>
        <time>2025-07-28T01:10:37Z</time>
      </trkpt>
      <trkpt lat="53.176614" lon="-119.143377">
        <ele>2165.8</ele>
        <time>2025-07-28T01:10:44Z</time>
      </trkpt>
      <trkpt lat="53.176573" lon="-119.143358">
        <ele>2166.6</ele>
        <time>2025-07-28T01:10:52Z</time>
      </trkpt>
      <trkpt lat="53.176507" lon="-119.143349">
        <ele>2166.1</ele>
        <time>2025-07-28T01:11:02Z</time>
      </trkpt>
      <trkpt lat="53.176485" lon="-119.143331">
        <ele>2164.7</ele>
        <time>2025-07-28T01:11:09Z</time>
      </trkpt>
      <trkpt lat="53.176448" lon="-119.143322">
        <ele>2162.0</ele>
        <time>2025-07-28T01:11:17Z</time>
      </trkpt>
      <trkpt lat="53.176391" lon="-119.143271">
        <ele>2158.2</ele>
        <time>2025-07-28T01:11:27Z</time>
      </trkpt>
      <trkpt lat="53.176301" lon="-119.143285">
        <ele>2155.7</ele>
        <time>2025-07-28T01:11:43Z</time>
      </trkpt>
      <trkpt lat="53.176257" lon="-119.143309">
        <ele>2156.4</ele>
        <time>2025-07-28T01:11:50Z</time>
      </trkpt>
      <trkpt lat="53.176221" lon="-119.143356">
        <ele>2153.8</ele>
        <time>2025-07-28T01:11:57Z</time>
      </trkpt>
      <trkpt lat="53.176202" lon="-119.143362">
        <ele>2153.9</ele>
        <time>2025-07-28T01:12:01Z</time>
      </trkpt>
      <trkpt lat="53.176156" lon="-119.143434">
        <ele>2153.4</ele>
        <time>2025-07-28T01:12:14Z</time>
      </trkpt>
      <trkpt lat="53.176095" lon="-119.143473">
        <ele>2149.9</ele>
        <time>2025-07-28T01:12:27Z</time>
      </trkpt>
      <trkpt lat="53.176079" lon="-119.143446">
        <ele>2148.5</ele>
        <time>2025-07-28T01:12:30Z</time>
      </trkpt>
      <trkpt lat="53.176059" lon="-119.143441">
        <ele>2147.3</ele>
        <time>2025-07-28T01:12:34Z</time>
      </trkpt>
      <trkpt lat="53.176045" lon="-119.143460">
        <ele>2148.8</ele>
        <time>2025-07-28T01:12:38Z</time>
      </trkpt>
      <trkpt lat="53.176020" lon="-119.143412">
        <ele>2145.4</ele>
        <time>2025-07-28T01:12:45Z</time>
      </trkpt>
      <trkpt lat="53.175995" lon="-119.143400">
        <ele>2144.4</ele>
        <time>2025-07-28T01:12:48Z</time>
      </trkpt>
      <trkpt lat="53.175960" lon="-119.143439">
        <ele>2143.7</ele>
        <time>2025-07-28T01:12:54Z</time>
      </trkpt>
      <trkpt lat="53.175920" lon="-119.143404">
        <ele>2141.7</ele>
        <time>2025-07-28T01:13:00Z</time>
      </trkpt>
      <trkpt lat="53.175898" lon="-119.143408">
        <ele>2140.6</ele>
        <time>2025-07-28T01:13:04Z</time>
      </trkpt>
      <trkpt lat="53.175804" lon="-119.143316">
        <ele>2135.0</ele>
        <time>2025-07-28T01:13:23Z</time>
      </trkpt>
      <trkpt lat="53.175758" lon="-119.143346">
        <ele>2134.5</ele>
        <time>2025-07-28T01:13:30Z</time>
      </trkpt>
      <trkpt lat="53.175716" lon="-119.143345">
        <ele>2133.4</ele>
        <time>2025-07-28T01:13:35Z</time>
      </trkpt>
      <trkpt lat="53.175693" lon="-119.143412">
        <ele>2132.1</ele>
        <time>2025-07-28T01:13:41Z</time>
      </trkpt>
      <trkpt lat="53.175630" lon="-119.143460">
        <ele>2129.3</ele>
        <time>2025-07-28T01:13:50Z</time>
      </trkpt>
      <trkpt lat="53.175556" lon="-119.143483">
        <ele>2124.0</ele>
        <time>2025-07-28T01:13:57Z</time>
      </trkpt>
      <trkpt lat="53.175510" lon="-119.143473">
        <ele>2124.1</ele>
        <time>2025-07-28T01:14:01Z</time>
      </trkpt>
      <trkpt lat="53.175429" lon="-119.143529">
        <ele>2120.6</ele>
        <time>2025-07-28T01:14:12Z</time>
      </trkpt>
      <trkpt lat="53.175387" lon="-119.143533">
        <ele>2120.2</ele>
        <time>2025-07-28T01:14:17Z</time>
      </trkpt>
      <trkpt lat="53.175347" lon="-119.143577">
        <ele>2119.8</ele>
        <time>2025-07-28T01:14:22Z</time>
      </trkpt>
      <trkpt lat="53.175289" lon="-119.143606">
        <ele>2118.1</ele>
        <time>2025-07-28T01:14:28Z</time>
      </trkpt>
      <trkpt lat="53.175206" lon="-119.143577">
        <ele>2116.3</ele>
        <time>2025-07-28T01:14:37Z</time>
      </trkpt>
      <trkpt lat="53.175167" lon="-119.143619">
        <ele>2115.7</ele>
        <time>2025-07-28T01:14:42Z</time>
      </trkpt>
      <trkpt lat="53.175127" lon="-119.143626">
        <ele>2113.2</ele>
        <time>2025-07-28T01:14:53Z</time>
      </trkpt>
      <trkpt lat="53.175095" lon="-119.143619">
        <ele>2112.4</ele>
        <time>2025-07-28T01:14:55Z</time>
      </trkpt>
      <trkpt lat="53.175029" lon="-119.143578">
        <ele>2112.6</ele>
        <time>2025-07-28T01:15:01Z</time>
      </trkpt>
      <trkpt lat="53.174990" lon="-119.143623">
        <ele>2110.4</ele>
        <time>2025-07-28T01:15:06Z</time>
      </trkpt>
      <trkpt lat="53.174963" lon="-119.143685">
        <ele>2110.7</ele>
        <time>2025-07-28T01:15:10Z</time>
      </trkpt>
      <trkpt lat="53.174913" lon="-119.143698">
        <ele>2110.4</ele>
        <time>2025-07-28T01:15:15Z</time>
      </trkpt>
      <trkpt lat="53.174890" lon="-119.143716">
        <ele>2110.1</ele>
        <time>2025-07-28T01:15:18Z</time>
      </trkpt>
      <trkpt lat="53.174881" lon="-119.143749">
        <ele>2109.0</ele>
        <time>2025-07-28T01:15:20Z</time>
      </trkpt>
      <trkpt lat="53.174789" lon="-119.143910">
        <ele>2107.2</ele>
        <time>2025-07-28T01:15:36Z</time>
      </trkpt>
      <trkpt lat="53.174770" lon="-119.143914">
        <ele>2108.6</ele>
        <time>2025-07-28T01:15:38Z</time>
      </trkpt>
      <trkpt lat="53.174732" lon="-119.143954">
        <ele>2108.2</ele>
        <time>2025-07-28T01:15:43Z</time>
      </trkpt>
      <trkpt lat="53.174707" lon="-119.144062">
        <ele>2106.8</ele>
        <time>2025-07-28T01:15:50Z</time>
      </trkpt>
      <trkpt lat="53.174575" lon="-119.144181">
        <ele>2106.5</ele>
        <time>2025-07-28T01:16:06Z</time>
      </trkpt>
      <trkpt lat="53.174532" lon="-119.144234">
        <ele>2105.7</ele>
        <time>2025-07-28T01:16:11Z</time>
      </trkpt>
      <trkpt lat="53.174506" lon="-119.144240">
        <ele>2106.0</ele>
        <time>2025-07-28T01:16:13Z</time>
      </trkpt>
      <trkpt lat="53.174468" lon="-119.144283">
        <ele>2104.0</ele>
        <time>2025-07-28T01:16:17Z</time>
      </trkpt>
      <trkpt lat="53.174447" lon="-119.144358">
        <ele>2103.0</ele>
        <time>2025-07-28T01:16:21Z</time>
      </trkpt>
      <trkpt lat="53.174426" lon="-119.144393">
        <ele>2103.1</ele>
        <time>2025-07-28T01:16:23Z</time>
      </trkpt>
      <trkpt lat="53.174382" lon="-119.144447">
        <ele>2102.1</ele>
        <time>2025-07-28T01:16:27Z</time>
      </trkpt>
      <trkpt lat="53.174353" lon="-119.144460">
        <ele>2101.7</ele>
        <time>2025-07-28T01:16:29Z</time>
      </trkpt>
      <trkpt lat="53.174293" lon="-119.144526">
        <ele>2102.7</ele>
        <time>2025-07-28T01:16:34Z</time>
      </trkpt>
      <trkpt lat="53.174284" lon="-119.144564">
        <ele>2102.1</ele>
        <time>2025-07-28T01:16:36Z</time>
      </trkpt>
      <trkpt lat="53.174219" lon="-119.144658">
        <ele>2100.6</ele>
        <time>2025-07-28T01:16:47Z</time>
      </trkpt>
      <trkpt lat="53.174199" lon="-119.144667">
        <ele>2099.5</ele>
        <time>2025-07-28T01:17:35Z</time>
      </trkpt>
      <trkpt lat="53.174215" lon="-119.144682">
        <ele>2100.1</ele>
        <time>2025-07-28T01:18:58Z</time>
      </trkpt>
      <trkpt lat="53.174237" lon="-119.144669">
        <ele>2102.8</ele>
        <time>2025-07-28T01:19:35Z</time>
      </trkpt>
      <trkpt lat="53.174264" lon="-119.144615">
        <ele>2103.3</ele>
        <time>2025-07-28T01:19:38Z</time>
      </trkpt>
      <trkpt lat="53.174241" lon="-119.144502">
        <ele>2101.6</ele>
        <time>2025-07-28T01:19:44Z</time>
      </trkpt>
      <trkpt lat="53.174212" lon="-119.144449">
        <ele>2101.5</ele>
        <time>2025-07-28T01:19:48Z</time>
      </trkpt>
      <trkpt lat="53.174181" lon="-119.144416">
        <ele>2100.2</ele>
        <time>2025-07-28T01:19:53Z</time>
      </trkpt>
      <trkpt lat="53.174134" lon="-119.144397">
        <ele>2099.4</ele>
        <time>2025-07-28T01:19:59Z</time>
      </trkpt>
      <trkpt lat="53.174074" lon="-119.144326">
        <ele>2098.8</ele>
        <time>2025-07-28T01:20:08Z</time>
      </trkpt>
      <trkpt lat="53.174028" lon="-119.144301">
        <ele>2097.8</ele>
        <time>2025-07-28T01:20:14Z</time>
      </trkpt>
      <trkpt lat="53.174016" lon="-119.144272">
        <ele>2098.5</ele>
        <time>2025-07-28T01:20:23Z</time>
      </trkpt>
      <trkpt lat="53.174017" lon="-119.144233">
        <ele>2098.4</ele>
        <time>2025-07-28T01:20:27Z</time>
      </trkpt>
      <trkpt lat="53.173975" lon="-119.144184">
        <ele>2098.1</ele>
        <time>2025-07-28T01:20:34Z</time>
      </trkpt>
      <trkpt lat="53.173938" lon="-119.144162">
        <ele>2098.5</ele>
        <time>2025-07-28T01:20:40Z</time>
      </trkpt>
      <trkpt lat="53.173942" lon="-119.144116">
        <ele>2098.3</ele>
        <time>2025-07-28T01:20:44Z</time>
      </trkpt>
      <trkpt lat="53.173908" lon="-119.144051">
        <ele>2097.8</ele>
        <time>2025-07-28T01:20:51Z</time>
      </trkpt>
      <trkpt lat="53.173892" lon="-119.143954">
        <ele>2097.5</ele>
        <time>2025-07-28T01:21:00Z</time>
      </trkpt>
      <trkpt lat="53.173902" lon="-119.143879">
        <ele>2097.8</ele>
        <time>2025-07-28T01:21:07Z</time>
      </trkpt>
      <trkpt lat="53.173852" lon="-119.143808">
        <ele>2098.6</ele>
        <time>2025-07-28T01:21:18Z</time>
      </trkpt>
      <trkpt lat="53.173889" lon="-119.143717">
        <ele>2098.0</ele>
        <time>2025-07-28T01:22:18Z</time>
      </trkpt>
      <trkpt lat="53.173902" lon="-119.143648">
        <ele>2097.7</ele>
        <time>2025-07-28T01:22:23Z</time>
      </trkpt>
      <trkpt lat="53.173889" lon="-119.143671">
        <ele>2098.1</ele>
        <time>2025-07-28T01:22:32Z</time>
      </trkpt>
      <trkpt lat="53.173888" lon="-119.143710">
        <ele>2097.9</ele>
        <time>2025-07-28T01:22:35Z</time>
      </trkpt>
      <trkpt lat="53.173866" lon="-119.143777">
        <ele>2098.0</ele>
        <time>2025-07-28T01:22:58Z</time>
      </trkpt>
      <trkpt lat="53.173898" lon="-119.143716">
        <ele>2097.5</ele>
        <time>2025-07-28T01:23:51Z</time>
      </trkpt>
      <trkpt lat="53.173889" lon="-119.143670">
        <ele>2096.4</ele>
        <time>2025-07-28T01:23:53Z</time>
      </trkpt>
      <trkpt lat="53.173979" lon="-119.143511">
        <ele>2098.5</ele>
        <time>2025-07-28T01:24:02Z</time>
      </trkpt>
      <trkpt lat="53.173988" lon="-119.143471">
        <ele>2098.7</ele>
        <time>2025-07-28T01:24:04Z</time>
      </trkpt>
      <trkpt lat="53.173987" lon="-119.143381">
        <ele>2099.6</ele>
        <time>2025-07-28T01:24:08Z</time>
      </trkpt>
      <trkpt lat="53.174003" lon="-119.143298">
        <ele>2098.9</ele>
        <time>2025-07-28T01:24:12Z</time>
      </trkpt>
      <trkpt lat="53.174016" lon="-119.143261">
        <ele>2099.4</ele>
        <time>2025-07-28T01:24:14Z</time>
      </trkpt>
      <trkpt lat="53.174043" lon="-119.143242">
        <ele>2100.1</ele>
        <time>2025-07-28T01:24:16Z</time>
      </trkpt>
      <trkpt lat="53.174052" lon="-119.143201">
        <ele>2099.8</ele>
        <time>2025-07-28T01:24:18Z</time>
      </trkpt>
      <trkpt lat="53.174045" lon="-119.143155">
        <ele>2098.7</ele>
        <time>2025-07-28T01:24:20Z</time>
      </trkpt>
      <trkpt lat="53.174065" lon="-119.143128">
        <ele>2097.6</ele>
        <time>2025-07-28T01:24:22Z</time>
      </trkpt>
      <trkpt lat="53.174099" lon="-119.143003">
        <ele>2096.9</ele>
        <time>2025-07-28T01:24:30Z</time>
      </trkpt>
      <trkpt lat="53.174088" lon="-119.142977">
        <ele>2095.3</ele>
        <time>2025-07-28T01:24:32Z</time>
      </trkpt>
      <trkpt lat="53.174092" lon="-119.142934">
        <ele>2096.4</ele>
        <time>2025-07-28T01:24:34Z</time>
      </trkpt>
      <trkpt lat="53.174109" lon="-119.142916">
        <ele>2095.1</ele>
        <time>2025-07-28T01:24:36Z</time>
      </trkpt>
      <trkpt lat="53.174153" lon="-119.142898">
        <ele>2098.4</ele>
        <time>2025-07-28T01:24:41Z</time>
      </trkpt>
      <trkpt lat="53.174173" lon="-119.142866">
        <ele>2097.7</ele>
        <time>2025-07-28T01:24:44Z</time>
      </trkpt>
      <trkpt lat="53.174164" lon="-119.142827">
        <ele>2097.0</ele>
        <time>2025-07-28T01:24:46Z</time>
      </trkpt>
      <trkpt lat="53.174190" lon="-119.142781">
        <ele>2098.4</ele>
        <time>2025-07-28T01:24:50Z</time>
      </trkpt>
      <trkpt lat="53.174204" lon="-119.142705">
        <ele>2095.6</ele>
        <time>2025-07-28T01:24:57Z</time>
      </trkpt>
      <trkpt lat="53.174265" lon="-119.142624">
        <ele>2097.5</ele>
        <time>2025-07-28T01:25:03Z</time>
      </trkpt>
      <trkpt lat="53.174245" lon="-119.142412">
        <ele>2095.8</ele>
        <time>2025-07-28T01:25:13Z</time>
      </trkpt>
      <trkpt lat="53.174276" lon="-119.142300">
        <ele>2097.5</ele>
        <time>2025-07-28T01:25:19Z</time>
      </trkpt>
      <trkpt lat="53.174317" lon="-119.142069">
        <ele>2095.6</ele>
        <time>2025-07-28T01:25:32Z</time>
      </trkpt>
      <trkpt lat="53.174363" lon="-119.141918">
        <ele>2095.6</ele>
        <time>2025-07-28T01:25:40Z</time>
      </trkpt>
      <trkpt lat="53.174369" lon="-119.141826">
        <ele>2095.7</ele>
        <time>2025-07-28T01:25:44Z</time>
      </trkpt>
      <trkpt lat="53.174420" lon="-119.141718">
        <ele>2098.1</ele>
        <time>2025-07-28T01:25:50Z</time>
      </trkpt>
      <trkpt lat="53.174449" lon="-119.141710">
        <ele>2098.1</ele>
        <time>2025-07-28T01:25:52Z</time>
      </trkpt>
      <trkpt lat="53.174510" lon="-119.141620">
        <ele>2097.8</ele>
        <time>2025-07-28T01:25:58Z</time>
      </trkpt>
      <trkpt lat="53.174564" lon="-119.141436">
        <ele>2097.1</ele>
        <time>2025-07-28T01:26:08Z</time>
      </trkpt>
      <trkpt lat="53.174585" lon="-119.141409">
        <ele>2096.6</ele>
        <time>2025-07-28T01:26:10Z</time>
      </trkpt>
      <trkpt lat="53.174628" lon="-119.141294">
        <ele>2095.1</ele>
        <time>2025-07-28T01:26:16Z</time>
      </trkpt>
      <trkpt lat="53.174666" lon="-119.141118">
        <ele>2094.7</ele>
        <time>2025-07-28T01:26:24Z</time>
      </trkpt>
      <trkpt lat="53.174660" lon="-119.141030">
        <ele>2094.0</ele>
        <time>2025-07-28T01:26:28Z</time>
      </trkpt>
      <trkpt lat="53.174669" lon="-119.140900">
        <ele>2094.8</ele>
        <time>2025-07-28T01:26:34Z</time>
      </trkpt>
      <trkpt lat="53.174693" lon="-119.140871">
        <ele>2096.0</ele>
        <time>2025-07-28T01:26:36Z</time>
      </trkpt>
      <trkpt lat="53.174700" lon="-119.140827">
        <ele>2095.5</ele>
        <time>2025-07-28T01:26:38Z</time>
      </trkpt>
      <trkpt lat="53.174706" lon="-119.140471">
        <ele>2094.3</ele>
        <time>2025-07-28T01:26:54Z</time>
      </trkpt>
      <trkpt lat="53.174748" lon="-119.140336">
        <ele>2097.7</ele>
        <time>2025-07-28T01:27:02Z</time>
      </trkpt>
      <trkpt lat="53.174760" lon="-119.140263">
        <ele>2099.4</ele>
        <time>2025-07-28T01:27:06Z</time>
      </trkpt>
      <trkpt lat="53.174839" lon="-119.140141">
        <ele>2097.3</ele>
        <time>2025-07-28T01:27:16Z</time>
      </trkpt>
      <trkpt lat="53.174846" lon="-119.140106">
        <ele>2097.1</ele>
        <time>2025-07-28T01:27:18Z</time>
      </trkpt>
      <trkpt lat="53.174884" lon="-119.140043">
        <ele>2097.5</ele>
        <time>2025-07-28T01:27:23Z</time>
      </trkpt>
      <trkpt lat="53.174989" lon="-119.139797">
        <ele>2096.1</ele>
        <time>2025-07-28T01:28:00Z</time>
      </trkpt>
      <trkpt lat="53.174983" lon="-119.139721">
        <ele>2095.2</ele>
        <time>2025-07-28T01:28:04Z</time>
      </trkpt>
      <trkpt lat="53.174965" lon="-119.139657">
        <ele>2094.5</ele>
        <time>2025-07-28T01:28:08Z</time>
      </trkpt>
      <trkpt lat="53.174965" lon="-119.139599">
        <ele>2093.4</ele>
        <time>2025-07-28T01:28:31Z</time>
      </trkpt>
      <trkpt lat="53.174989" lon="-119.139353">
        <ele>2093.5</ele>
        <time>2025-07-28T01:28:44Z</time>
      </trkpt>
      <trkpt lat="53.174976" lon="-119.139267">
        <ele>2092.0</ele>
        <time>2025-07-28T01:28:49Z</time>
      </trkpt>
      <trkpt lat="53.175002" lon="-119.139152">
        <ele>2092.3</ele>
        <time>2025-07-28T01:28:55Z</time>
      </trkpt>
      <trkpt lat="53.174994" lon="-119.139034">
        <ele>2091.4</ele>
        <time>2025-07-28T01:29:02Z</time>
      </trkpt>
      <trkpt lat="53.174969" lon="-119.138978">
        <ele>2089.7</ele>
        <time>2025-07-28T01:29:06Z</time>
      </trkpt>
      <trkpt lat="53.174949" lon="-119.138964">
        <ele>2089.2</ele>
        <time>2025-07-28T01:29:08Z</time>
      </trkpt>
      <trkpt lat="53.174942" lon="-119.138930">
        <ele>2088.3</ele>
        <time>2025-07-28T01:29:10Z</time>
      </trkpt>
      <trkpt lat="53.174918" lon="-119.138933">
        <ele>2086.4</ele>
        <time>2025-07-28T01:29:13Z</time>
      </trkpt>
      <trkpt lat="53.174904" lon="-119.138905">
        <ele>2085.8</ele>
        <time>2025-07-28T01:29:15Z</time>
      </trkpt>
      <trkpt lat="53.174902" lon="-119.138870">
        <ele>2085.8</ele>
        <time>2025-07-28T01:29:17Z</time>
      </trkpt>
      <trkpt lat="53.174869" lon="-119.138784">
        <ele>2083.0</ele>
        <time>2025-07-28T01:29:25Z</time>
      </trkpt>
      <trkpt lat="53.174875" lon="-119.138672">
        <ele>2082.0</ele>
        <time>2025-07-28T01:29:31Z</time>
      </trkpt>
      <trkpt lat="53.174835" lon="-119.138499">
        <ele>2079.9</ele>
        <time>2025-07-28T01:29:42Z</time>
      </trkpt>
      <trkpt lat="53.174814" lon="-119.138470">
        <ele>2078.8</ele>
        <time>2025-07-28T01:29:45Z</time>
      </trkpt>
      <trkpt lat="53.174812" lon="-119.138434">
        <ele>2078.7</ele>
        <time>2025-07-28T01:29:48Z</time>
      </trkpt>
      <trkpt lat="53.174779" lon="-119.138388">
        <ele>2078.0</ele>
        <time>2025-07-28T01:29:53Z</time>
      </trkpt>
      <trkpt lat="53.174759" lon="-119.138326">
        <ele>2078.2</ele>
        <time>2025-07-28T01:29:57Z</time>
      </trkpt>
      <trkpt lat="53.174756" lon="-119.138281">
        <ele>2077.6</ele>
        <time>2025-07-28T01:29:59Z</time>
      </trkpt>
      <trkpt lat="53.174768" lon="-119.138235">
        <ele>2076.7</ele>
        <time>2025-07-28T01:30:01Z</time>
      </trkpt>
      <trkpt lat="53.174758" lon="-119.138150">
        <ele>2075.8</ele>
        <time>2025-07-28T01:30:05Z</time>
      </trkpt>
      <trkpt lat="53.174763" lon="-119.137911">
        <ele>2072.0</ele>
        <time>2025-07-28T01:30:18Z</time>
      </trkpt>
      <trkpt lat="53.174785" lon="-119.137855">
        <ele>2071.5</ele>
        <time>2025-07-28T01:30:22Z</time>
      </trkpt>
      <trkpt lat="53.174779" lon="-119.137784">
        <ele>2069.5</ele>
        <time>2025-07-28T01:30:31Z</time>
      </trkpt>
      <trkpt lat="53.174797" lon="-119.137697">
        <ele>2070.9</ele>
        <time>2025-07-28T01:30:42Z</time>
      </trkpt>
      <trkpt lat="53.174741" lon="-119.137760">
        <ele>2069.9</ele>
        <time>2025-07-28T01:33:01Z</time>
      </trkpt>
      <trkpt lat="53.174704" lon="-119.137782">
        <ele>2069.8</ele>
        <time>2025-07-28T01:33:14Z</time>
      </trkpt>
      <trkpt lat="53.174685" lon="-119.137777">
        <ele>2067.8</ele>
        <time>2025-07-28T01:33:19Z</time>
      </trkpt>
      <trkpt lat="53.174666" lon="-119.137757">
        <ele>2067.0</ele>
        <time>2025-07-28T01:33:23Z</time>
      </trkpt>
      <trkpt lat="53.174648" lon="-119.137774">
        <ele>2066.2</ele>
        <time>2025-07-28T01:33:27Z</time>
      </trkpt>
      <trkpt lat="53.174630" lon="-119.137775">
        <ele>2063.8</ele>
        <time>2025-07-28T01:33:31Z</time>
      </trkpt>
      <trkpt lat="53.174586" lon="-119.137843">
        <ele>2061.6</ele>
        <time>2025-07-28T01:33:39Z</time>
      </trkpt>
      <trkpt lat="53.174579" lon="-119.137875">
        <ele>2061.5</ele>
        <time>2025-07-28T01:33:41Z</time>
      </trkpt>
      <trkpt lat="53.174531" lon="-119.137946">
        <ele>2061.0</ele>
        <time>2025-07-28T01:33:50Z</time>
      </trkpt>
      <trkpt lat="53.174502" lon="-119.138014">
        <ele>2060.0</ele>
        <time>2025-07-28T01:33:56Z</time>
      </trkpt>
      <trkpt lat="53.174431" lon="-119.138091">
        <ele>2059.8</ele>
        <time>2025-07-28T01:34:08Z</time>
      </trkpt>
      <trkpt lat="53.174422" lon="-119.138118">
        <ele>2059.7</ele>
        <time>2025-07-28T01:34:39Z</time>
      </trkpt>
      <trkpt lat="53.174362" lon="-119.138150">
        <ele>2058.4</ele>
        <time>2025-07-28T01:34:48Z</time>
      </trkpt>
      <trkpt lat="53.174349" lon="-119.138178">
        <ele>2056.9</ele>
        <time>2025-07-28T01:34:52Z</time>
      </trkpt>
      <trkpt lat="53.174327" lon="-119.138170">
        <ele>2055.8</ele>
        <time>2025-07-28T01:34:56Z</time>
      </trkpt>
      <trkpt lat="53.174314" lon="-119.138196">
        <ele>2055.1</ele>
        <time>2025-07-28T01:34:59Z</time>
      </trkpt>
      <trkpt lat="53.174292" lon="-119.138201">
        <ele>2054.5</ele>
        <time>2025-07-28T01:35:03Z</time>
      </trkpt>
      <trkpt lat="53.174253" lon="-119.138191">
        <ele>2053.3</ele>
        <time>2025-07-28T01:35:10Z</time>
      </trkpt>
      <trkpt lat="53.174220" lon="-119.138236">
        <ele>2052.4</ele>
        <time>2025-07-28T01:35:16Z</time>
      </trkpt>
      <trkpt lat="53.174177" lon="-119.138270">
        <ele>2051.2</ele>
        <time>2025-07-28T01:35:23Z</time>
      </trkpt>
      <trkpt lat="53.174154" lon="-119.138330">
        <ele>2050.1</ele>
        <time>2025-07-28T01:35:29Z</time>
      </trkpt>
      <trkpt lat="53.174131" lon="-119.138329">
        <ele>2049.9</ele>
        <time>2025-07-28T01:35:32Z</time>
      </trkpt>
      <trkpt lat="53.174097" lon="-119.138364">
        <ele>2049.1</ele>
        <time>2025-07-28T01:35:37Z</time>
      </trkpt>
      <trkpt lat="53.174004" lon="-119.138365">
        <ele>2046.3</ele>
        <time>2025-07-28T01:35:52Z</time>
      </trkpt>
      <trkpt lat="53.173987" lon="-119.138347">
        <ele>2045.9</ele>
        <time>2025-07-28T01:35:54Z</time>
      </trkpt>
      <trkpt lat="53.173967" lon="-119.138365">
        <ele>2045.4</ele>
        <time>2025-07-28T01:35:57Z</time>
      </trkpt>
      <trkpt lat="53.173945" lon="-119.138422">
        <ele>2044.1</ele>
        <time>2025-07-28T01:36:03Z</time>
      </trkpt>
      <trkpt lat="53.173924" lon="-119.138418">
        <ele>2043.7</ele>
        <time>2025-07-28T01:36:06Z</time>
      </trkpt>
      <trkpt lat="53.173862" lon="-119.138475">
        <ele>2041.8</ele>
        <time>2025-07-28T01:36:15Z</time>
      </trkpt>
      <trkpt lat="53.173843" lon="-119.138459">
        <ele>2041.1</ele>
        <time>2025-07-28T01:36:19Z</time>
      </trkpt>
      <trkpt lat="53.173825" lon="-119.138466">
        <ele>2040.4</ele>
        <time>2025-07-28T01:36:22Z</time>
      </trkpt>
      <trkpt lat="53.173776" lon="-119.138511">
        <ele>2038.6</ele>
        <time>2025-07-28T01:36:30Z</time>
      </trkpt>
      <trkpt lat="53.173715" lon="-119.138497">
        <ele>2036.2</ele>
        <time>2025-07-28T01:36:47Z</time>
      </trkpt>
      <trkpt lat="53.173652" lon="-119.138583">
        <ele>2034.1</ele>
        <time>2025-07-28T01:37:00Z</time>
      </trkpt>
      <trkpt lat="53.173646" lon="-119.138613">
        <ele>2035.8</ele>
        <time>2025-07-28T01:37:12Z</time>
      </trkpt>
      <trkpt lat="53.173579" lon="-119.138739">
        <ele>2032.9</ele>
        <time>2025-07-28T01:37:31Z</time>
      </trkpt>
      <trkpt lat="53.173560" lon="-119.138799">
        <ele>2033.0</ele>
        <time>2025-07-28T01:37:37Z</time>
      </trkpt>
      <trkpt lat="53.173515" lon="-119.138796">
        <ele>2032.0</ele>
        <time>2025-07-28T01:37:44Z</time>
      </trkpt>
      <trkpt lat="53.173500" lon="-119.138830">
        <ele>2031.5</ele>
        <time>2025-07-28T01:37:47Z</time>
      </trkpt>
      <trkpt lat="53.173480" lon="-119.138839">
        <ele>2031.0</ele>
        <time>2025-07-28T01:37:49Z</time>
      </trkpt>
      <trkpt lat="53.173457" lon="-119.138836">
        <ele>2030.5</ele>
        <time>2025-07-28T01:37:52Z</time>
      </trkpt>
      <trkpt lat="53.173421" lon="-119.138862">
        <ele>2028.2</ele>
        <time>2025-07-28T01:37:59Z</time>
      </trkpt>
      <trkpt lat="53.173392" lon="-119.138847">
        <ele>2028.4</ele>
        <time>2025-07-28T01:38:03Z</time>
      </trkpt>
      <trkpt lat="53.173361" lon="-119.138882">
        <ele>2026.0</ele>
        <time>2025-07-28T01:38:10Z</time>
      </trkpt>
      <trkpt lat="53.173322" lon="-119.138889">
        <ele>2023.5</ele>
        <time>2025-07-28T01:38:18Z</time>
      </trkpt>
      <trkpt lat="53.173245" lon="-119.138933">
        <ele>2021.0</ele>
        <time>2025-07-28T01:38:31Z</time>
      </trkpt>
      <trkpt lat="53.173130" lon="-119.138937">
        <ele>2018.3</ele>
        <time>2025-07-28T01:38:52Z</time>
      </trkpt>
      <trkpt lat="53.173064" lon="-119.138915">
        <ele>2016.0</ele>
        <time>2025-07-28T01:39:04Z</time>
      </trkpt>
      <trkpt lat="53.173037" lon="-119.138978">
        <ele>2014.1</ele>
        <time>2025-07-28T01:39:10Z</time>
      </trkpt>
      <trkpt lat="53.172990" lon="-119.138987">
        <ele>2012.6</ele>
        <time>2025-07-28T01:39:18Z</time>
      </trkpt>
      <trkpt lat="53.172969" lon="-119.138967">
        <ele>2012.2</ele>
        <time>2025-07-28T01:39:23Z</time>
      </trkpt>
      <trkpt lat="53.172925" lon="-119.138971">
        <ele>2012.2</ele>
        <time>2025-07-28T01:39:30Z</time>
      </trkpt>
      <trkpt lat="53.172886" lon="-119.139006">
        <ele>2010.2</ele>
        <time>2025-07-28T01:39:40Z</time>
      </trkpt>
      <trkpt lat="53.172867" lon="-119.139010">
        <ele>2009.6</ele>
        <time>2025-07-28T01:39:42Z</time>
      </trkpt>
      <trkpt lat="53.172831" lon="-119.139140">
        <ele>2007.8</ele>
        <time>2025-07-28T01:39:56Z</time>
      </trkpt>
      <trkpt lat="53.172773" lon="-119.139212">
        <ele>2007.6</ele>
        <time>2025-07-28T01:40:05Z</time>
      </trkpt>
      <trkpt lat="53.172753" lon="-119.139203">
        <ele>2007.3</ele>
        <time>2025-07-28T01:40:08Z</time>
      </trkpt>
      <trkpt lat="53.172731" lon="-119.139121">
        <ele>2006.6</ele>
        <time>2025-07-28T01:40:16Z</time>
      </trkpt>
      <trkpt lat="53.172709" lon="-119.139117">
        <ele>2009.1</ele>
        <time>2025-07-28T01:40:23Z</time>
      </trkpt>
      <trkpt lat="53.172720" lon="-119.139152">
        <ele>2006.9</ele>
        <time>2025-07-28T01:40:27Z</time>
      </trkpt>
      <trkpt lat="53.172741" lon="-119.139159">
        <ele>2006.2</ele>
        <time>2025-07-28T01:40:30Z</time>
      </trkpt>
      <trkpt lat="53.172754" lon="-119.139223">
        <ele>2007.7</ele>
        <time>2025-07-28T01:41:23Z</time>
      </trkpt>
      <trkpt lat="53.172742" lon="-119.139253">
        <ele>2006.5</ele>
        <time>2025-07-28T01:41:26Z</time>
      </trkpt>
      <trkpt lat="53.172746" lon="-119.139368">
        <ele>2005.0</ele>
        <time>2025-07-28T01:41:33Z</time>
      </trkpt>
      <trkpt lat="53.172723" lon="-119.139390">
        <ele>2005.0</ele>
        <time>2025-07-28T01:41:35Z</time>
      </trkpt>
      <trkpt lat="53.172693" lon="-119.139450">
        <ele>2006.1</ele>
        <time>2025-07-28T01:41:40Z</time>
      </trkpt>
      <trkpt lat="53.172588" lon="-119.139543">
        <ele>2006.6</ele>
        <time>2025-07-28T01:41:54Z</time>
      </trkpt>
      <trkpt lat="53.172572" lon="-119.139570">
        <ele>2004.0</ele>
        <time>2025-07-28T01:41:57Z</time>
      </trkpt>
      <trkpt lat="53.172550" lon="-119.139574">
        <ele>2002.9</ele>
        <time>2025-07-28T01:41:59Z</time>
      </trkpt>
      <trkpt lat="53.172505" lon="-119.139672">
        <ele>2002.5</ele>
        <time>2025-07-28T01:42:07Z</time>
      </trkpt>
      <trkpt lat="53.172445" lon="-119.139740">
        <ele>2002.7</ele>
        <time>2025-07-28T01:42:14Z</time>
      </trkpt>
      <trkpt lat="53.172439" lon="-119.139823">
        <ele>2003.0</ele>
        <time>2025-07-28T01:42:19Z</time>
      </trkpt>
      <trkpt lat="53.172426" lon="-119.139849">
        <ele>2002.0</ele>
        <time>2025-07-28T01:42:23Z</time>
      </trkpt>
      <trkpt lat="53.172403" lon="-119.139853">
        <ele>2001.0</ele>
        <time>2025-07-28T01:42:26Z</time>
      </trkpt>
      <trkpt lat="53.172387" lon="-119.139831">
        <ele>2000.7</ele>
        <time>2025-07-28T01:42:29Z</time>
      </trkpt>
      <trkpt lat="53.172365" lon="-119.139828">
        <ele>2000.7</ele>
        <time>2025-07-28T01:42:32Z</time>
      </trkpt>
      <trkpt lat="53.172352" lon="-119.139802">
        <ele>2001.1</ele>
        <time>2025-07-28T01:42:34Z</time>
      </trkpt>
      <trkpt lat="53.172329" lon="-119.139802">
        <ele>1999.8</ele>
        <time>2025-07-28T01:42:37Z</time>
      </trkpt>
      <trkpt lat="53.172293" lon="-119.139825">
        <ele>1998.4</ele>
        <time>2025-07-28T01:42:43Z</time>
      </trkpt>
      <trkpt lat="53.172255" lon="-119.139789">
        <ele>1995.7</ele>
        <time>2025-07-28T01:42:51Z</time>
      </trkpt>
      <trkpt lat="53.172229" lon="-119.139858">
        <ele>1994.0</ele>
        <time>2025-07-28T01:42:58Z</time>
      </trkpt>
      <trkpt lat="53.172114" lon="-119.140032">
        <ele>1990.1</ele>
        <time>2025-07-28T01:43:19Z</time>
      </trkpt>
      <trkpt lat="53.172087" lon="-119.140193">
        <ele>1990.7</ele>
        <time>2025-07-28T01:43:35Z</time>
      </trkpt>
      <trkpt lat="53.172032" lon="-119.140313">
        <ele>1986.9</ele>
        <time>2025-07-28T01:43:50Z</time>
      </trkpt>
      <trkpt lat="53.172010" lon="-119.140307">
        <ele>1986.5</ele>
        <time>2025-07-28T01:43:56Z</time>
      </trkpt>
      <trkpt lat="53.171973" lon="-119.140271">
        <ele>1986.2</ele>
        <time>2025-07-28T01:44:02Z</time>
      </trkpt>
      <trkpt lat="53.171950" lon="-119.140264">
        <ele>1985.3</ele>
        <time>2025-07-28T01:44:05Z</time>
      </trkpt>
      <trkpt lat="53.171931" lon="-119.140357">
        <ele>1981.9</ele>
        <time>2025-07-28T01:44:13Z</time>
      </trkpt>
      <trkpt lat="53.171892" lon="-119.140381">
        <ele>1979.2</ele>
        <time>2025-07-28T01:44:23Z</time>
      </trkpt>
      <trkpt lat="53.171795" lon="-119.140368">
        <ele>1978.3</ele>
        <time>2025-07-28T01:44:37Z</time>
      </trkpt>
      <trkpt lat="53.171753" lon="-119.140329">
        <ele>1975.8</ele>
        <time>2025-07-28T01:44:45Z</time>
      </trkpt>
      <trkpt lat="53.171746" lon="-119.140301">
        <ele>1975.4</ele>
        <time>2025-07-28T01:44:47Z</time>
      </trkpt>
      <trkpt lat="53.171726" lon="-119.140291">
        <ele>1974.5</ele>
        <time>2025-07-28T01:44:50Z</time>
      </trkpt>
      <trkpt lat="53.171688" lon="-119.140313">
        <ele>1974.7</ele>
        <time>2025-07-28T01:45:08Z</time>
      </trkpt>
      <trkpt lat="53.171697" lon="-119.140386">
        <ele>1972.5</ele>
        <time>2025-07-28T01:45:14Z</time>
      </trkpt>
      <trkpt lat="53.171687" lon="-119.140418">
        <ele>1971.6</ele>
        <time>2025-07-28T01:45:17Z</time>
      </trkpt>
      <trkpt lat="53.171644" lon="-119.140445">
        <ele>1971.5</ele>
        <time>2025-07-28T01:45:25Z</time>
      </trkpt>
      <trkpt lat="53.171615" lon="-119.140488">
        <ele>1969.0</ele>
        <time>2025-07-28T01:45:33Z</time>
      </trkpt>
      <trkpt lat="53.171597" lon="-119.140477">
        <ele>1967.7</ele>
        <time>2025-07-28T01:45:38Z</time>
      </trkpt>
      <trkpt lat="53.171572" lon="-119.140483">
        <ele>1967.3</ele>
        <time>2025-07-28T01:45:42Z</time>
      </trkpt>
      <trkpt lat="53.171534" lon="-119.140512">
        <ele>1964.7</ele>
        <time>2025-07-28T01:45:51Z</time>
      </trkpt>
      <trkpt lat="53.171509" lon="-119.140499">
        <ele>1962.9</ele>
        <time>2025-07-28T01:45:57Z</time>
      </trkpt>
      <trkpt lat="53.171446" lon="-119.140511">
        <ele>1961.9</ele>
        <time>2025-07-28T01:46:11Z</time>
      </trkpt>
      <trkpt lat="53.171423" lon="-119.140505">
        <ele>1961.6</ele>
        <time>2025-07-28T01:46:14Z</time>
      </trkpt>
      <trkpt lat="53.171406" lon="-119.140485">
        <ele>1961.9</ele>
        <time>2025-07-28T01:46:16Z</time>
      </trkpt>
      <trkpt lat="53.171392" lon="-119.140524">
        <ele>1962.4</ele>
        <time>2025-07-28T01:46:38Z</time>
      </trkpt>
      <trkpt lat="53.171369" lon="-119.140504">
        <ele>1961.7</ele>
        <time>2025-07-28T01:46:42Z</time>
      </trkpt>
      <trkpt lat="53.171349" lon="-119.140519">
        <ele>1960.4</ele>
        <time>2025-07-28T01:46:46Z</time>
      </trkpt>
      <trkpt lat="53.171324" lon="-119.140583">
        <ele>1961.6</ele>
        <time>2025-07-28T01:46:54Z</time>
      </trkpt>
      <trkpt lat="53.171323" lon="-119.140617">
        <ele>1960.2</ele>
        <time>2025-07-28T01:46:57Z</time>
      </trkpt>
      <trkpt lat="53.171297" lon="-119.140625">
        <ele>1962.9</ele>
        <time>2025-07-28T01:47:00Z</time>
      </trkpt>
      <trkpt lat="53.171266" lon="-119.140663">
        <ele>1963.0</ele>
        <time>2025-07-28T01:47:07Z</time>
      </trkpt>
      <trkpt lat="53.171227" lon="-119.140764">
        <ele>1963.7</ele>
        <time>2025-07-28T01:47:18Z</time>
      </trkpt>
      <trkpt lat="53.171186" lon="-119.140792">
        <ele>1962.7</ele>
        <time>2025-07-28T01:47:27Z</time>
      </trkpt>
      <trkpt lat="53.171125" lon="-119.140804">
        <ele>1961.4</ele>
        <time>2025-07-28T01:47:37Z</time>
      </trkpt>
      <trkpt lat="53.171111" lon="-119.140832">
        <ele>1960.1</ele>
        <time>2025-07-28T01:47:40Z</time>
      </trkpt>
      <trkpt lat="53.171090" lon="-119.140839">
        <ele>1960.5</ele>
        <time>2025-07-28T01:47:43Z</time>
      </trkpt>
      <trkpt lat="53.171066" lon="-119.140832">
        <ele>1960.5</ele>
        <time>2025-07-28T01:47:46Z</time>
      </trkpt>
      <trkpt lat="53.171017" lon="-119.140877">
        <ele>1961.7</ele>
        <time>2025-07-28T01:47:50Z</time>
      </trkpt>
      <trkpt lat="53.170978" lon="-119.140897">
        <ele>1959.4</ele>
        <time>2025-07-28T01:47:56Z</time>
      </trkpt>
      <trkpt lat="53.170966" lon="-119.140923">
        <ele>1958.5</ele>
        <time>2025-07-28T01:47:59Z</time>
      </trkpt>
      <trkpt lat="53.170925" lon="-119.140943">
        <ele>1956.1</ele>
        <time>2025-07-28T01:48:07Z</time>
      </trkpt>
      <trkpt lat="53.170912" lon="-119.140970">
        <ele>1954.9</ele>
        <time>2025-07-28T01:48:11Z</time>
      </trkpt>
      <trkpt lat="53.170887" lon="-119.140953">
        <ele>1954.3</ele>
        <time>2025-07-28T01:48:14Z</time>
      </trkpt>
      <trkpt lat="53.170868" lon="-119.140963">
        <ele>1954.5</ele>
        <time>2025-07-28T01:48:18Z</time>
      </trkpt>
      <trkpt lat="53.170850" lon="-119.140959">
        <ele>1953.7</ele>
        <time>2025-07-28T01:48:21Z</time>
      </trkpt>
      <trkpt lat="53.170840" lon="-119.140933">
        <ele>1951.1</ele>
        <time>2025-07-28T01:48:27Z</time>
      </trkpt>
      <trkpt lat="53.170856" lon="-119.140817">
        <ele>1949.5</ele>
        <time>2025-07-28T01:48:38Z</time>
      </trkpt>
      <trkpt lat="53.170847" lon="-119.140625">
        <ele>1944.7</ele>
        <time>2025-07-28T01:49:12Z</time>
      </trkpt>
      <trkpt lat="53.170826" lon="-119.140599">
        <ele>1944.2</ele>
        <time>2025-07-28T01:49:16Z</time>
      </trkpt>
      <trkpt lat="53.170809" lon="-119.140536">
        <ele>1941.2</ele>
        <time>2025-07-28T01:49:26Z</time>
      </trkpt>
      <trkpt lat="53.170798" lon="-119.140423">
        <ele>1937.4</ele>
        <time>2025-07-28T01:49:37Z</time>
      </trkpt>
      <trkpt lat="53.170816" lon="-119.140384">
        <ele>1937.3</ele>
        <time>2025-07-28T01:49:40Z</time>
      </trkpt>
      <trkpt lat="53.170827" lon="-119.140311">
        <ele>1935.2</ele>
        <time>2025-07-28T01:49:51Z</time>
      </trkpt>
      <trkpt lat="53.170808" lon="-119.140249">
        <ele>1932.4</ele>
        <time>2025-07-28T01:50:01Z</time>
      </trkpt>
      <trkpt lat="53.170773" lon="-119.140230">
        <ele>1930.7</ele>
        <time>2025-07-28T01:50:07Z</time>
      </trkpt>
      <trkpt lat="53.170769" lon="-119.140188">
        <ele>1930.3</ele>
        <time>2025-07-28T01:50:11Z</time>
      </trkpt>
      <trkpt lat="53.170735" lon="-119.140157">
        <ele>1928.4</ele>
        <time>2025-07-28T01:50:17Z</time>
      </trkpt>
      <trkpt lat="53.170708" lon="-119.140159">
        <ele>1928.3</ele>
        <time>2025-07-28T01:50:21Z</time>
      </trkpt>
      <trkpt lat="53.170651" lon="-119.140210">
        <ele>1928.5</ele>
        <time>2025-07-28T01:50:48Z</time>
      </trkpt>
      <trkpt lat="53.170599" lon="-119.140281">
        <ele>1928.5</ele>
        <time>2025-07-28T01:50:56Z</time>
      </trkpt>
      <trkpt lat="53.170535" lon="-119.140297">
        <ele>1926.5</ele>
        <time>2025-07-28T01:51:06Z</time>
      </trkpt>
      <trkpt lat="53.170509" lon="-119.140290">
        <ele>1927.5</ele>
        <time>2025-07-28T01:51:09Z</time>
      </trkpt>
      <trkpt lat="53.170487" lon="-119.140296">
        <ele>1925.4</ele>
        <time>2025-07-28T01:51:14Z</time>
      </trkpt>
      <trkpt lat="53.170386" lon="-119.140389">
        <ele>1923.0</ele>
        <time>2025-07-28T01:51:29Z</time>
      </trkpt>
      <trkpt lat="53.170304" lon="-119.140508">
        <ele>1918.8</ele>
        <time>2025-07-28T01:51:46Z</time>
      </trkpt>
      <trkpt lat="53.170291" lon="-119.140580">
        <ele>1918.2</ele>
        <time>2025-07-28T01:51:51Z</time>
      </trkpt>
      <trkpt lat="53.170276" lon="-119.140607">
        <ele>1918.6</ele>
        <time>2025-07-28T01:51:54Z</time>
      </trkpt>
      <trkpt lat="53.170258" lon="-119.140608">
        <ele>1918.4</ele>
        <time>2025-07-28T01:51:56Z</time>
      </trkpt>
      <trkpt lat="53.170193" lon="-119.140647">
        <ele>1917.5</ele>
        <time>2025-07-28T01:52:04Z</time>
      </trkpt>
      <trkpt lat="53.170169" lon="-119.140645">
        <ele>1916.9</ele>
        <time>2025-07-28T01:52:07Z</time>
      </trkpt>
      <trkpt lat="53.170111" lon="-119.140742">
        <ele>1914.6</ele>
        <time>2025-07-28T01:52:19Z</time>
      </trkpt>
      <trkpt lat="53.170092" lon="-119.140748">
        <ele>1913.3</ele>
        <time>2025-07-28T01:52:23Z</time>
      </trkpt>
      <trkpt lat="53.170054" lon="-119.140792">
        <ele>1912.8</ele>
        <time>2025-07-28T01:52:30Z</time>
      </trkpt>
      <trkpt lat="53.170022" lon="-119.140857">
        <ele>1911.4</ele>
        <time>2025-07-28T01:52:39Z</time>
      </trkpt>
      <trkpt lat="53.169981" lon="-119.140894">
        <ele>1909.4</ele>
        <time>2025-07-28T01:52:46Z</time>
      </trkpt>
      <trkpt lat="53.169892" lon="-119.140911">
        <ele>1906.7</ele>
        <time>2025-07-28T01:53:01Z</time>
      </trkpt>
      <trkpt lat="53.169854" lon="-119.140948">
        <ele>1905.3</ele>
        <time>2025-07-28T01:53:08Z</time>
      </trkpt>
      <trkpt lat="53.169846" lon="-119.140977">
        <ele>1904.1</ele>
        <time>2025-07-28T01:53:12Z</time>
      </trkpt>
      <trkpt lat="53.169804" lon="-119.140998">
        <ele>1902.8</ele>
        <time>2025-07-28T01:53:18Z</time>
      </trkpt>
      <trkpt lat="53.169783" lon="-119.140995">
        <ele>1901.5</ele>
        <time>2025-07-28T01:53:22Z</time>
      </trkpt>
      <trkpt lat="53.169759" lon="-119.140943">
        <ele>1897.0</ele>
        <time>2025-07-28T01:53:34Z</time>
      </trkpt>
      <trkpt lat="53.169764" lon="-119.140914">
        <ele>1895.9</ele>
        <time>2025-07-28T01:53:37Z</time>
      </trkpt>
      <trkpt lat="53.169749" lon="-119.140818">
        <ele>1894.6</ele>
        <time>2025-07-28T01:53:49Z</time>
      </trkpt>
      <trkpt lat="53.169727" lon="-119.140802">
        <ele>1894.6</ele>
        <time>2025-07-28T01:53:52Z</time>
      </trkpt>
      <trkpt lat="53.169705" lon="-119.140820">
        <ele>1891.7</ele>
        <time>2025-07-28T01:54:13Z</time>
      </trkpt>
      <trkpt lat="53.169719" lon="-119.140803">
        <ele>1892.0</ele>
        <time>2025-07-28T01:54:26Z</time>
      </trkpt>
      <trkpt lat="53.169677" lon="-119.140783">
        <ele>1890.8</ele>
        <time>2025-07-28T01:54:54Z</time>
      </trkpt>
      <trkpt lat="53.169657" lon="-119.140760">
        <ele>1891.3</ele>
        <time>2025-07-28T01:55:05Z</time>
      </trkpt>
      <trkpt lat="53.169625" lon="-119.140711">
        <ele>1889.1</ele>
        <time>2025-07-28T01:55:14Z</time>
      </trkpt>
      <trkpt lat="53.169630" lon="-119.140648">
        <ele>1886.6</ele>
        <time>2025-07-28T01:55:22Z</time>
      </trkpt>
      <trkpt lat="53.169609" lon="-119.140623">
        <ele>1885.5</ele>
        <time>2025-07-28T01:55:27Z</time>
      </trkpt>
      <trkpt lat="53.169590" lon="-119.140632">
        <ele>1885.2</ele>
        <time>2025-07-28T01:55:29Z</time>
      </trkpt>
      <trkpt lat="53.169547" lon="-119.140606">
        <ele>1884.3</ele>
        <time>2025-07-28T01:55:34Z</time>
      </trkpt>
      <trkpt lat="53.169513" lon="-119.140560">
        <ele>1884.3</ele>
        <time>2025-07-28T01:55:39Z</time>
      </trkpt>
      <trkpt lat="53.169494" lon="-119.140556">
        <ele>1882.9</ele>
        <time>2025-07-28T01:55:41Z</time>
      </trkpt>
      <trkpt lat="53.169438" lon="-119.140599">
        <ele>1882.8</ele>
        <time>2025-07-28T01:55:46Z</time>
      </trkpt>
      <trkpt lat="53.169419" lon="-119.140597">
        <ele>1884.9</ele>
        <time>2025-07-28T01:55:47Z</time>
      </trkpt>
      <trkpt lat="53.169397" lon="-119.140669">
        <ele>1880.9</ele>
        <time>2025-07-28T01:55:52Z</time>
      </trkpt>
      <trkpt lat="53.169359" lon="-119.140684">
        <ele>1879.3</ele>
        <time>2025-07-28T01:55:59Z</time>
      </trkpt>
      <trkpt lat="53.169346" lon="-119.140618">
        <ele>1877.4</ele>
        <time>2025-07-28T01:56:06Z</time>
      </trkpt>
      <trkpt lat="53.169376" lon="-119.140500">
        <ele>1875.8</ele>
        <time>2025-07-28T01:56:16Z</time>
      </trkpt>
      <trkpt lat="53.169373" lon="-119.140409">
        <ele>1873.3</ele>
        <time>2025-07-28T01:56:23Z</time>
      </trkpt>
      <trkpt lat="53.169408" lon="-119.140296">
        <ele>1874.1</ele>
        <time>2025-07-28T01:56:32Z</time>
      </trkpt>
      <trkpt lat="53.169414" lon="-119.140236">
        <ele>1874.7</ele>
        <time>2025-07-28T01:56:36Z</time>
      </trkpt>
      <trkpt lat="53.169381" lon="-119.140170">
        <ele>1874.4</ele>
        <time>2025-07-28T01:56:45Z</time>
      </trkpt>
      <trkpt lat="53.169360" lon="-119.140174">
        <ele>1873.9</ele>
        <time>2025-07-28T01:56:48Z</time>
      </trkpt>
      <trkpt lat="53.169326" lon="-119.140145">
        <ele>1872.1</ele>
        <time>2025-07-28T01:56:54Z</time>
      </trkpt>
      <trkpt lat="53.169305" lon="-119.140153">
        <ele>1871.3</ele>
        <time>2025-07-28T01:56:56Z</time>
      </trkpt>
      <trkpt lat="53.169268" lon="-119.140193">
        <ele>1869.5</ele>
        <time>2025-07-28T01:57:01Z</time>
      </trkpt>
      <trkpt lat="53.169229" lon="-119.140197">
        <ele>1869.5</ele>
        <time>2025-07-28T01:57:06Z</time>
      </trkpt>
      <trkpt lat="53.169206" lon="-119.140230">
        <ele>1867.9</ele>
        <time>2025-07-28T01:57:11Z</time>
      </trkpt>
      <trkpt lat="53.169163" lon="-119.140233">
        <ele>1866.2</ele>
        <time>2025-07-28T01:57:19Z</time>
      </trkpt>
      <trkpt lat="53.169146" lon="-119.140211">
        <ele>1863.9</ele>
        <time>2025-07-28T01:57:25Z</time>
      </trkpt>
      <trkpt lat="53.169070" lon="-119.140271">
        <ele>1861.8</ele>
        <time>2025-07-28T01:57:38Z</time>
      </trkpt>
      <trkpt lat="53.169031" lon="-119.140252">
        <ele>1863.0</ele>
        <time>2025-07-28T01:57:41Z</time>
      </trkpt>
      <trkpt lat="53.169013" lon="-119.140263">
        <ele>1862.7</ele>
        <time>2025-07-28T01:57:43Z</time>
      </trkpt>
      <trkpt lat="53.169032" lon="-119.140269">
        <ele>1862.7</ele>
        <time>2025-07-28T01:58:08Z</time>
      </trkpt>
      <trkpt lat="53.168961" lon="-119.140244">
        <ele>1860.8</ele>
        <time>2025-07-28T01:58:21Z</time>
      </trkpt>
      <trkpt lat="53.168957" lon="-119.140194">
        <ele>1859.2</ele>
        <time>2025-07-28T01:58:24Z</time>
      </trkpt>
      <trkpt lat="53.168908" lon="-119.140201">
        <ele>1856.9</ele>
        <time>2025-07-28T01:58:30Z</time>
      </trkpt>
      <trkpt lat="53.168870" lon="-119.140190">
        <ele>1855.5</ele>
        <time>2025-07-28T01:58:37Z</time>
      </trkpt>
      <trkpt lat="53.168809" lon="-119.140217">
        <ele>1851.7</ele>
        <time>2025-07-28T01:58:48Z</time>
      </trkpt>
      <trkpt lat="53.168789" lon="-119.140210">
        <ele>1852.3</ele>
        <time>2025-07-28T01:58:51Z</time>
      </trkpt>
      <trkpt lat="53.168772" lon="-119.140190">
        <ele>1850.4</ele>
        <time>2025-07-28T01:58:58Z</time>
      </trkpt>
      <trkpt lat="53.168756" lon="-119.140203">
        <ele>1849.7</ele>
        <time>2025-07-28T01:59:01Z</time>
      </trkpt>
      <trkpt lat="53.168736" lon="-119.140203">
        <ele>1850.0</ele>
        <time>2025-07-28T01:59:03Z</time>
      </trkpt>
      <trkpt lat="53.168730" lon="-119.140135">
        <ele>1848.7</ele>
        <time>2025-07-28T01:59:10Z</time>
      </trkpt>
      <trkpt lat="53.168701" lon="-119.140135">
        <ele>1848.7</ele>
        <time>2025-07-28T01:59:14Z</time>
      </trkpt>
      <trkpt lat="53.168681" lon="-119.140164">
        <ele>1847.5</ele>
        <time>2025-07-28T01:59:17Z</time>
      </trkpt>
      <trkpt lat="53.168636" lon="-119.140168">
        <ele>1846.4</ele>
        <time>2025-07-28T01:59:23Z</time>
      </trkpt>
      <trkpt lat="53.168615" lon="-119.140146">
        <ele>1845.8</ele>
        <time>2025-07-28T01:59:29Z</time>
      </trkpt>
      <trkpt lat="53.168616" lon="-119.140115">
        <ele>1844.0</ele>
        <time>2025-07-28T01:59:32Z</time>
      </trkpt>
      <trkpt lat="53.168667" lon="-119.139998">
        <ele>1842.0</ele>
        <time>2025-07-28T01:59:40Z</time>
      </trkpt>
      <trkpt lat="53.168675" lon="-119.139959">
        <ele>1840.8</ele>
        <time>2025-07-28T01:59:43Z</time>
      </trkpt>
      <trkpt lat="53.168679" lon="-119.139884">
        <ele>1841.3</ele>
        <time>2025-07-28T01:59:49Z</time>
      </trkpt>
      <trkpt lat="53.168663" lon="-119.139861">
        <ele>1838.5</ele>
        <time>2025-07-28T01:59:53Z</time>
      </trkpt>
      <trkpt lat="53.168663" lon="-119.139790">
        <ele>1838.6</ele>
        <time>2025-07-28T01:59:57Z</time>
      </trkpt>
      <trkpt lat="53.168705" lon="-119.139656">
        <ele>1839.3</ele>
        <time>2025-07-28T02:00:06Z</time>
      </trkpt>
      <trkpt lat="53.168681" lon="-119.139647">
        <ele>1837.8</ele>
        <time>2025-07-28T02:00:08Z</time>
      </trkpt>
      <trkpt lat="53.168654" lon="-119.139652">
        <ele>1837.0</ele>
        <time>2025-07-28T02:00:10Z</time>
      </trkpt>
      <trkpt lat="53.168626" lon="-119.139671">
        <ele>1838.6</ele>
        <time>2025-07-28T02:00:16Z</time>
      </trkpt>
      <trkpt lat="53.168601" lon="-119.139645">
        <ele>1838.4</ele>
        <time>2025-07-28T02:00:18Z</time>
      </trkpt>
      <trkpt lat="53.168582" lon="-119.139663">
        <ele>1837.8</ele>
        <time>2025-07-28T02:00:21Z</time>
      </trkpt>
      <trkpt lat="53.168538" lon="-119.139666">
        <ele>1837.9</ele>
        <time>2025-07-28T02:00:25Z</time>
      </trkpt>
      <trkpt lat="53.168532" lon="-119.139707">
        <ele>1837.5</ele>
        <time>2025-07-28T02:00:27Z</time>
      </trkpt>
      <trkpt lat="53.168515" lon="-119.139718">
        <ele>1837.3</ele>
        <time>2025-07-28T02:00:29Z</time>
      </trkpt>
      <trkpt lat="53.168491" lon="-119.139571">
        <ele>1833.9</ele>
        <time>2025-07-28T02:00:43Z</time>
      </trkpt>
      <trkpt lat="53.168498" lon="-119.139523">
        <ele>1833.7</ele>
        <time>2025-07-28T02:00:46Z</time>
      </trkpt>
      <trkpt lat="53.168491" lon="-119.139495">
        <ele>1831.9</ele>
        <time>2025-07-28T02:00:50Z</time>
      </trkpt>
      <trkpt lat="53.168456" lon="-119.139458">
        <ele>1830.1</ele>
        <time>2025-07-28T02:00:56Z</time>
      </trkpt>
      <trkpt lat="53.168441" lon="-119.139385">
        <ele>1829.1</ele>
        <time>2025-07-28T02:01:02Z</time>
      </trkpt>
      <trkpt lat="53.168440" lon="-119.139270">
        <ele>1826.6</ele>
        <time>2025-07-28T02:01:13Z</time>
      </trkpt>
      <trkpt lat="53.168401" lon="-119.139266">
        <ele>1825.0</ele>
        <time>2025-07-28T02:01:20Z</time>
      </trkpt>
      <trkpt lat="53.168339" lon="-119.139233">
        <ele>1823.7</ele>
        <time>2025-07-28T02:01:29Z</time>
      </trkpt>
      <trkpt lat="53.168270" lon="-119.139152">
        <ele>1819.2</ele>
        <time>2025-07-28T02:01:45Z</time>
      </trkpt>
      <trkpt lat="53.168273" lon="-119.139115">
        <ele>1818.2</ele>
        <time>2025-07-28T02:01:49Z</time>
      </trkpt>
      <trkpt lat="53.168259" lon="-119.139082">
        <ele>1816.8</ele>
        <time>2025-07-28T02:01:52Z</time>
      </trkpt>
      <trkpt lat="53.168172" lon="-119.139048">
        <ele>1814.6</ele>
        <time>2025-07-28T02:02:06Z</time>
      </trkpt>
      <trkpt lat="53.168159" lon="-119.139080">
        <ele>1813.3</ele>
        <time>2025-07-28T02:02:10Z</time>
      </trkpt>
      <trkpt lat="53.168113" lon="-119.139092">
        <ele>1811.9</ele>
        <time>2025-07-28T02:02:16Z</time>
      </trkpt>
      <trkpt lat="53.168091" lon="-119.139084">
        <ele>1812.4</ele>
        <time>2025-07-28T02:02:18Z</time>
      </trkpt>
      <trkpt lat="53.168083" lon="-119.139115">
        <ele>1811.0</ele>
        <time>2025-07-28T02:02:21Z</time>
      </trkpt>
      <trkpt lat="53.168044" lon="-119.139127">
        <ele>1810.4</ele>
        <time>2025-07-28T02:02:26Z</time>
      </trkpt>
      <trkpt lat="53.168027" lon="-119.139146">
        <ele>1810.8</ele>
        <time>2025-07-28T02:02:28Z</time>
      </trkpt>
      <trkpt lat="53.167937" lon="-119.139136">
        <ele>1808.5</ele>
        <time>2025-07-28T02:02:42Z</time>
      </trkpt>
      <trkpt lat="53.167941" lon="-119.139093">
        <ele>1808.3</ele>
        <time>2025-07-28T02:02:45Z</time>
      </trkpt>
      <trkpt lat="53.167994" lon="-119.138997">
        <ele>1807.2</ele>
        <time>2025-07-28T02:02:52Z</time>
      </trkpt>
      <trkpt lat="53.168007" lon="-119.138929">
        <ele>1806.5</ele>
        <time>2025-07-28T02:02:57Z</time>
      </trkpt>
      <trkpt lat="53.167997" lon="-119.138739">
        <ele>1803.9</ele>
        <time>2025-07-28T02:03:11Z</time>
      </trkpt>
      <trkpt lat="53.167985" lon="-119.138706">
        <ele>1801.2</ele>
        <time>2025-07-28T02:03:15Z</time>
      </trkpt>
      <trkpt lat="53.167940" lon="-119.138713">
        <ele>1800.9</ele>
        <time>2025-07-28T02:03:19Z</time>
      </trkpt>
      <trkpt lat="53.167918" lon="-119.138724">
        <ele>1801.3</ele>
        <time>2025-07-28T02:03:21Z</time>
      </trkpt>
      <trkpt lat="53.167887" lon="-119.138778">
        <ele>1800.2</ele>
        <time>2025-07-28T02:03:26Z</time>
      </trkpt>
      <trkpt lat="53.167867" lon="-119.138778">
        <ele>1800.7</ele>
        <time>2025-07-28T02:03:28Z</time>
      </trkpt>
      <trkpt lat="53.167856" lon="-119.138735">
        <ele>1800.8</ele>
        <time>2025-07-28T02:03:31Z</time>
      </trkpt>
      <trkpt lat="53.167912" lon="-119.138547">
        <ele>1797.6</ele>
        <time>2025-07-28T02:03:48Z</time>
      </trkpt>
      <trkpt lat="53.167900" lon="-119.138486">
        <ele>1797.3</ele>
        <time>2025-07-28T02:03:52Z</time>
      </trkpt>
      <trkpt lat="53.167864" lon="-119.138458">
        <ele>1793.7</ele>
        <time>2025-07-28T02:03:58Z</time>
      </trkpt>
      <trkpt lat="53.167835" lon="-119.138467">
        <ele>1794.2</ele>
        <time>2025-07-28T02:04:00Z</time>
      </trkpt>
      <trkpt lat="53.167795" lon="-119.138430">
        <ele>1793.8</ele>
        <time>2025-07-28T02:04:04Z</time>
      </trkpt>
      <trkpt lat="53.167763" lon="-119.138378">
        <ele>1794.6</ele>
        <time>2025-07-28T02:04:09Z</time>
      </trkpt>
      <trkpt lat="53.167742" lon="-119.138376">
        <ele>1793.7</ele>
        <time>2025-07-28T02:04:11Z</time>
      </trkpt>
      <trkpt lat="53.167719" lon="-119.138449">
        <ele>1792.7</ele>
        <time>2025-07-28T02:04:16Z</time>
      </trkpt>
      <trkpt lat="53.167688" lon="-119.138478">
        <ele>1793.3</ele>
        <time>2025-07-28T02:04:19Z</time>
      </trkpt>
      <trkpt lat="53.167671" lon="-119.138519">
        <ele>1792.3</ele>
        <time>2025-07-28T02:04:21Z</time>
      </trkpt>
      <trkpt lat="53.167624" lon="-119.138538">
        <ele>1791.5</ele>
        <time>2025-07-28T02:04:27Z</time>
      </trkpt>
      <trkpt lat="53.167608" lon="-119.138562">
        <ele>1790.1</ele>
        <time>2025-07-28T02:04:30Z</time>
      </trkpt>
      <trkpt lat="53.167557" lon="-119.138548">
        <ele>1791.0</ele>
        <time>2025-07-28T02:04:36Z</time>
      </trkpt>
      <trkpt lat="53.167541" lon="-119.138508">
        <ele>1790.5</ele>
        <time>2025-07-28T02:04:39Z</time>
      </trkpt>
      <trkpt lat="53.167520" lon="-119.138495">
        <ele>1790.6</ele>
        <time>2025-07-28T02:04:42Z</time>
      </trkpt>
      <trkpt lat="53.167464" lon="-119.138499">
        <ele>1787.4</ele>
        <time>2025-07-28T02:04:52Z</time>
      </trkpt>
      <trkpt lat="53.167447" lon="-119.138511">
        <ele>1784.7</ele>
        <time>2025-07-28T02:04:58Z</time>
      </trkpt>
      <trkpt lat="53.167459" lon="-119.138430">
        <ele>1782.7</ele>
        <time>2025-07-28T02:05:06Z</time>
      </trkpt>
      <trkpt lat="53.167416" lon="-119.138330">
        <ele>1778.9</ele>
        <time>2025-07-28T02:05:16Z</time>
      </trkpt>
      <trkpt lat="53.167413" lon="-119.138299">
        <ele>1778.1</ele>
        <time>2025-07-28T02:05:17Z</time>
      </trkpt>
      <trkpt lat="53.167429" lon="-119.138284">
        <ele>1779.1</ele>
        <time>2025-07-28T02:05:21Z</time>
      </trkpt>
      <trkpt lat="53.167446" lon="-119.138294">
        <ele>1777.6</ele>
        <time>2025-07-28T02:05:32Z</time>
      </trkpt>
      <trkpt lat="53.167425" lon="-119.138298">
        <ele>1778.2</ele>
        <time>2025-07-28T02:05:34Z</time>
      </trkpt>
      <trkpt lat="53.167380" lon="-119.138355">
        <ele>1782.7</ele>
        <time>2025-07-28T02:06:00Z</time>
      </trkpt>
      <trkpt lat="53.167434" lon="-119.138274">
        <ele>1782.8</ele>
        <time>2025-07-28T02:06:09Z</time>
      </trkpt>
      <trkpt lat="53.167423" lon="-119.138209">
        <ele>1781.9</ele>
        <time>2025-07-28T02:06:13Z</time>
      </trkpt>
      <trkpt lat="53.167409" lon="-119.138186">
        <ele>1780.6</ele>
        <time>2025-07-28T02:06:15Z</time>
      </trkpt>
      <trkpt lat="53.167363" lon="-119.138161">
        <ele>1779.5</ele>
        <time>2025-07-28T02:06:19Z</time>
      </trkpt>
      <trkpt lat="53.167340" lon="-119.138168">
        <ele>1777.9</ele>
        <time>2025-07-28T02:06:22Z</time>
      </trkpt>
      <trkpt lat="53.167298" lon="-119.138125">
        <ele>1776.8</ele>
        <time>2025-07-28T02:06:27Z</time>
      </trkpt>
      <trkpt lat="53.167256" lon="-119.138104">
        <ele>1775.8</ele>
        <time>2025-07-28T02:06:34Z</time>
      </trkpt>
      <trkpt lat="53.167263" lon="-119.138021">
        <ele>1773.8</ele>
        <time>2025-07-28T02:06:42Z</time>
      </trkpt>
      <trkpt lat="53.167178" lon="-119.137979">
        <ele>1772.0</ele>
        <time>2025-07-28T02:06:53Z</time>
      </trkpt>
      <trkpt lat="53.167161" lon="-119.137921">
        <ele>1771.9</ele>
        <time>2025-07-28T02:06:58Z</time>
      </trkpt>
      <trkpt lat="53.167167" lon="-119.137892">
        <ele>1770.8</ele>
        <time>2025-07-28T02:07:03Z</time>
      </trkpt>
      <trkpt lat="53.167148" lon="-119.137879">
        <ele>1769.8</ele>
        <time>2025-07-28T02:07:05Z</time>
      </trkpt>
      <trkpt lat="53.167104" lon="-119.137892">
        <ele>1768.3</ele>
        <time>2025-07-28T02:07:13Z</time>
      </trkpt>
      <trkpt lat="53.167067" lon="-119.137841">
        <ele>1766.1</ele>
        <time>2025-07-28T02:07:21Z</time>
      </trkpt>
      <trkpt lat="53.167040" lon="-119.137858">
        <ele>1765.6</ele>
        <time>2025-07-28T02:07:24Z</time>
      </trkpt>
      <trkpt lat="53.167035" lon="-119.137890">
        <ele>1765.1</ele>
        <time>2025-07-28T02:07:26Z</time>
      </trkpt>
      <trkpt lat="53.167014" lon="-119.137921">
        <ele>1764.0</ele>
        <time>2025-07-28T02:07:29Z</time>
      </trkpt>
      <trkpt lat="53.166996" lon="-119.137917">
        <ele>1763.8</ele>
        <time>2025-07-28T02:07:31Z</time>
      </trkpt>
      <trkpt lat="53.166985" lon="-119.137885">
        <ele>1762.3</ele>
        <time>2025-07-28T02:07:35Z</time>
      </trkpt>
      <trkpt lat="53.166969" lon="-119.137870">
        <ele>1760.4</ele>
        <time>2025-07-28T02:07:39Z</time>
      </trkpt>
      <trkpt lat="53.166942" lon="-119.137877">
        <ele>1759.6</ele>
        <time>2025-07-28T02:07:44Z</time>
      </trkpt>
      <trkpt lat="53.166923" lon="-119.137902">
        <ele>1758.2</ele>
        <time>2025-07-28T02:07:49Z</time>
      </trkpt>
      <trkpt lat="53.166837" lon="-119.137910">
        <ele>1759.1</ele>
        <time>2025-07-28T02:08:00Z</time>
      </trkpt>
      <trkpt lat="53.166823" lon="-119.137934">
        <ele>1758.6</ele>
        <time>2025-07-28T02:08:03Z</time>
      </trkpt>
      <trkpt lat="53.166796" lon="-119.137944">
        <ele>1759.3</ele>
        <time>2025-07-28T02:08:06Z</time>
      </trkpt>
      <trkpt lat="53.166778" lon="-119.137963">
        <ele>1758.2</ele>
        <time>2025-07-28T02:08:10Z</time>
      </trkpt>
      <trkpt lat="53.166755" lon="-119.137939">
        <ele>1758.0</ele>
        <time>2025-07-28T02:08:12Z</time>
      </trkpt>
      <trkpt lat="53.166760" lon="-119.137862">
        <ele>1757.1</ele>
        <time>2025-07-28T02:08:22Z</time>
      </trkpt>
      <trkpt lat="53.166722" lon="-119.137901">
        <ele>1755.9</ele>
        <time>2025-07-28T02:08:27Z</time>
      </trkpt>
      <trkpt lat="53.166708" lon="-119.137933">
        <ele>1755.0</ele>
        <time>2025-07-28T02:08:31Z</time>
      </trkpt>
      <trkpt lat="53.166671" lon="-119.137952">
        <ele>1752.4</ele>
        <time>2025-07-28T02:08:50Z</time>
      </trkpt>
      <trkpt lat="53.166660" lon="-119.137924">
        <ele>1751.4</ele>
        <time>2025-07-28T02:08:54Z</time>
      </trkpt>
      <trkpt lat="53.166694" lon="-119.137699">
        <ele>1750.8</ele>
        <time>2025-07-28T02:09:13Z</time>
      </trkpt>
      <trkpt lat="53.166680" lon="-119.137663">
        <ele>1747.9</ele>
        <time>2025-07-28T02:09:50Z</time>
      </trkpt>
      <trkpt lat="53.166653" lon="-119.137653">
        <ele>1748.2</ele>
        <time>2025-07-28T02:09:51Z</time>
      </trkpt>
      <trkpt lat="53.166662" lon="-119.137662">
        <ele>1748.5</ele>
        <time>2025-07-28T02:09:58Z</time>
      </trkpt>
      <trkpt lat="53.166637" lon="-119.137613">
        <ele>1747.6</ele>
        <time>2025-07-28T02:10:04Z</time>
      </trkpt>
      <trkpt lat="53.166610" lon="-119.137523">
        <ele>1747.2</ele>
        <time>2025-07-28T02:10:14Z</time>
      </trkpt>
      <trkpt lat="53.166590" lon="-119.137516">
        <ele>1747.3</ele>
        <time>2025-07-28T02:10:16Z</time>
      </trkpt>
      <trkpt lat="53.166594" lon="-119.137445">
        <ele>1747.0</ele>
        <time>2025-07-28T02:10:24Z</time>
      </trkpt>
      <trkpt lat="53.166583" lon="-119.137407">
        <ele>1747.6</ele>
        <time>2025-07-28T02:10:29Z</time>
      </trkpt>
      <trkpt lat="53.166546" lon="-119.137384">
        <ele>1745.4</ele>
        <time>2025-07-28T02:10:34Z</time>
      </trkpt>
      <trkpt lat="53.166515" lon="-119.137285">
        <ele>1742.3</ele>
        <time>2025-07-28T02:10:44Z</time>
      </trkpt>
      <trkpt lat="53.166492" lon="-119.137265">
        <ele>1742.9</ele>
        <time>2025-07-28T02:10:47Z</time>
      </trkpt>
      <trkpt lat="53.166478" lon="-119.137233">
        <ele>1741.3</ele>
        <time>2025-07-28T02:10:51Z</time>
      </trkpt>
      <trkpt lat="53.166463" lon="-119.137162">
        <ele>1741.1</ele>
        <time>2025-07-28T02:10:57Z</time>
      </trkpt>
      <trkpt lat="53.166440" lon="-119.137148">
        <ele>1740.0</ele>
        <time>2025-07-28T02:11:00Z</time>
      </trkpt>
      <trkpt lat="53.166415" lon="-119.137093">
        <ele>1739.0</ele>
        <time>2025-07-28T02:11:05Z</time>
      </trkpt>
      <trkpt lat="53.166395" lon="-119.137087">
        <ele>1739.5</ele>
        <time>2025-07-28T02:11:07Z</time>
      </trkpt>
      <trkpt lat="53.166365" lon="-119.137027">
        <ele>1737.9</ele>
        <time>2025-07-28T02:11:13Z</time>
      </trkpt>
      <trkpt lat="53.166375" lon="-119.136960">
        <ele>1738.3</ele>
        <time>2025-07-28T02:11:20Z</time>
      </trkpt>
      <trkpt lat="53.166365" lon="-119.136935">
        <ele>1737.5</ele>
        <time>2025-07-28T02:11:23Z</time>
      </trkpt>
      <trkpt lat="53.166346" lon="-119.136924">
        <ele>1736.8</ele>
        <time>2025-07-28T02:11:25Z</time>
      </trkpt>
      <trkpt lat="53.166314" lon="-119.136879">
        <ele>1735.6</ele>
        <time>2025-07-28T02:11:30Z</time>
      </trkpt>
      <trkpt lat="53.166299" lon="-119.136842">
        <ele>1735.5</ele>
        <time>2025-07-28T02:11:33Z</time>
      </trkpt>
      <trkpt lat="53.166314" lon="-119.136818">
        <ele>1734.7</ele>
        <time>2025-07-28T02:11:36Z</time>
      </trkpt>
      <trkpt lat="53.166321" lon="-119.136778">
        <ele>1733.2</ele>
        <time>2025-07-28T02:11:40Z</time>
      </trkpt>
      <trkpt lat="53.166318" lon="-119.136731">
        <ele>1732.9</ele>
        <time>2025-07-28T02:11:44Z</time>
      </trkpt>
      <trkpt lat="53.166302" lon="-119.136707">
        <ele>1732.4</ele>
        <time>2025-07-28T02:11:48Z</time>
      </trkpt>
      <trkpt lat="53.166274" lon="-119.136697">
        <ele>1731.1</ele>
        <time>2025-07-28T02:11:50Z</time>
      </trkpt>
      <trkpt lat="53.166260" lon="-119.136665">
        <ele>1731.8</ele>
        <time>2025-07-28T02:11:53Z</time>
      </trkpt>
      <trkpt lat="53.166265" lon="-119.136627">
        <ele>1730.5</ele>
        <time>2025-07-28T02:11:56Z</time>
      </trkpt>
      <trkpt lat="53.166229" lon="-119.136567">
        <ele>1728.9</ele>
        <time>2025-07-28T02:12:02Z</time>
      </trkpt>
      <trkpt lat="53.166231" lon="-119.136526">
        <ele>1728.0</ele>
        <time>2025-07-28T02:12:05Z</time>
      </trkpt>
      <trkpt lat="53.166217" lon="-119.136504">
        <ele>1727.0</ele>
        <time>2025-07-28T02:12:07Z</time>
      </trkpt>
      <trkpt lat="53.166250" lon="-119.136456">
        <ele>1727.7</ele>
        <time>2025-07-28T02:12:12Z</time>
      </trkpt>
      <trkpt lat="53.166266" lon="-119.136414">
        <ele>1727.3</ele>
        <time>2025-07-28T02:12:14Z</time>
      </trkpt>
      <trkpt lat="53.166264" lon="-119.136292">
        <ele>1727.5</ele>
        <time>2025-07-28T02:12:22Z</time>
      </trkpt>
      <trkpt lat="53.166233" lon="-119.136281">
        <ele>1725.0</ele>
        <time>2025-07-28T02:12:24Z</time>
      </trkpt>
      <trkpt lat="53.166219" lon="-119.136255">
        <ele>1725.3</ele>
        <time>2025-07-28T02:12:27Z</time>
      </trkpt>
      <trkpt lat="53.166200" lon="-119.136255">
        <ele>1724.3</ele>
        <time>2025-07-28T02:12:29Z</time>
      </trkpt>
      <trkpt lat="53.166188" lon="-119.136226">
        <ele>1723.8</ele>
        <time>2025-07-28T02:12:32Z</time>
      </trkpt>
      <trkpt lat="53.166157" lon="-119.136214">
        <ele>1722.9</ele>
        <time>2025-07-28T02:12:36Z</time>
      </trkpt>
      <trkpt lat="53.166149" lon="-119.136185">
        <ele>1722.6</ele>
        <time>2025-07-28T02:12:40Z</time>
      </trkpt>
      <trkpt lat="53.166151" lon="-119.136146">
        <ele>1721.6</ele>
        <time>2025-07-28T02:12:43Z</time>
      </trkpt>
      <trkpt lat="53.166178" lon="-119.136077">
        <ele>1721.7</ele>
        <time>2025-07-28T02:12:48Z</time>
      </trkpt>
      <trkpt lat="53.166163" lon="-119.136032">
        <ele>1721.5</ele>
        <time>2025-07-28T02:12:51Z</time>
      </trkpt>
      <trkpt lat="53.166169" lon="-119.135996">
        <ele>1721.7</ele>
        <time>2025-07-28T02:12:54Z</time>
      </trkpt>
      <trkpt lat="53.166184" lon="-119.135972">
        <ele>1721.7</ele>
        <time>2025-07-28T02:12:58Z</time>
      </trkpt>
      <trkpt lat="53.166193" lon="-119.135891">
        <ele>1720.6</ele>
        <time>2025-07-28T02:13:04Z</time>
      </trkpt>
      <trkpt lat="53.166181" lon="-119.135861">
        <ele>1720.1</ele>
        <time>2025-07-28T02:13:07Z</time>
      </trkpt>
      <trkpt lat="53.166188" lon="-119.135788">
        <ele>1718.0</ele>
        <time>2025-07-28T02:13:13Z</time>
      </trkpt>
      <trkpt lat="53.166148" lon="-119.135741">
        <ele>1716.6</ele>
        <time>2025-07-28T02:13:17Z</time>
      </trkpt>
      <trkpt lat="53.166132" lon="-119.135666">
        <ele>1716.9</ele>
        <time>2025-07-28T02:13:22Z</time>
      </trkpt>
      <trkpt lat="53.166083" lon="-119.135654">
        <ele>1715.4</ele>
        <time>2025-07-28T02:13:26Z</time>
      </trkpt>
      <trkpt lat="53.166073" lon="-119.135605">
        <ele>1714.3</ele>
        <time>2025-07-28T02:13:29Z</time>
      </trkpt>
      <trkpt lat="53.166059" lon="-119.135584">
        <ele>1713.7</ele>
        <time>2025-07-28T02:13:31Z</time>
      </trkpt>
      <trkpt lat="53.166043" lon="-119.135598">
        <ele>1712.6</ele>
        <time>2025-07-28T02:13:34Z</time>
      </trkpt>
      <trkpt lat="53.166019" lon="-119.135583">
        <ele>1712.8</ele>
        <time>2025-07-28T02:13:36Z</time>
      </trkpt>
      <trkpt lat="53.165972" lon="-119.135524">
        <ele>1710.2</ele>
        <time>2025-07-28T02:13:44Z</time>
      </trkpt>
      <trkpt lat="53.166013" lon="-119.135422">
        <ele>1709.8</ele>
        <time>2025-07-28T02:13:52Z</time>
      </trkpt>
      <trkpt lat="53.166054" lon="-119.135378">
        <ele>1709.3</ele>
        <time>2025-07-28T02:13:57Z</time>
      </trkpt>
      <trkpt lat="53.166083" lon="-119.135329">
        <ele>1709.3</ele>
        <time>2025-07-28T02:14:00Z</time>
      </trkpt>
      <trkpt lat="53.166046" lon="-119.135275">
        <ele>1707.2</ele>
        <time>2025-07-28T02:14:05Z</time>
      </trkpt>
      <trkpt lat="53.166052" lon="-119.135223">
        <ele>1707.4</ele>
        <time>2025-07-28T02:14:07Z</time>
      </trkpt>
      <trkpt lat="53.166113" lon="-119.135062">
        <ele>1704.3</ele>
        <time>2025-07-28T02:14:22Z</time>
      </trkpt>
      <trkpt lat="53.166054" lon="-119.134964">
        <ele>1703.0</ele>
        <time>2025-07-28T02:14:29Z</time>
      </trkpt>
      <trkpt lat="53.165991" lon="-119.134914">
        <ele>1703.3</ele>
        <time>2025-07-28T02:14:35Z</time>
      </trkpt>
      <trkpt lat="53.165976" lon="-119.134886">
        <ele>1701.3</ele>
        <time>2025-07-28T02:14:38Z</time>
      </trkpt>
      <trkpt lat="53.165975" lon="-119.134851">
        <ele>1701.9</ele>
        <time>2025-07-28T02:14:41Z</time>
      </trkpt>
      <trkpt lat="53.165850" lon="-119.134747">
        <ele>1695.5</ele>
        <time>2025-07-28T02:15:00Z</time>
      </trkpt>
      <trkpt lat="53.165848" lon="-119.134684">
        <ele>1695.1</ele>
        <time>2025-07-28T02:15:05Z</time>
      </trkpt>
      <trkpt lat="53.165802" lon="-119.134653">
        <ele>1693.6</ele>
        <time>2025-07-28T02:15:10Z</time>
      </trkpt>
      <trkpt lat="53.165768" lon="-119.134644">
        <ele>1694.1</ele>
        <time>2025-07-28T02:15:13Z</time>
      </trkpt>
      <trkpt lat="53.165753" lon="-119.134660">
        <ele>1692.4</ele>
        <time>2025-07-28T02:15:16Z</time>
      </trkpt>
      <trkpt lat="53.165708" lon="-119.134650">
        <ele>1691.1</ele>
        <time>2025-07-28T02:15:23Z</time>
      </trkpt>
      <trkpt lat="53.165697" lon="-119.134572">
        <ele>1690.5</ele>
        <time>2025-07-28T02:15:29Z</time>
      </trkpt>
      <trkpt lat="53.165722" lon="-119.134514">
        <ele>1690.4</ele>
        <time>2025-07-28T02:15:33Z</time>
      </trkpt>
      <trkpt lat="53.165743" lon="-119.134538">
        <ele>1691.1</ele>
        <time>2025-07-28T02:15:36Z</time>
      </trkpt>
      <trkpt lat="53.165720" lon="-119.134462">
        <ele>1692.0</ele>
        <time>2025-07-28T02:15:39Z</time>
      </trkpt>
      <trkpt lat="53.165727" lon="-119.134419">
        <ele>1691.3</ele>
        <time>2025-07-28T02:15:42Z</time>
      </trkpt>
      <trkpt lat="53.165709" lon="-119.134358">
        <ele>1690.9</ele>
        <time>2025-07-28T02:15:46Z</time>
      </trkpt>
      <trkpt lat="53.165709" lon="-119.134321">
        <ele>1690.1</ele>
        <time>2025-07-28T02:15:49Z</time>
      </trkpt>
      <trkpt lat="53.165727" lon="-119.134308">
        <ele>1690.0</ele>
        <time>2025-07-28T02:15:50Z</time>
      </trkpt>
      <trkpt lat="53.165720" lon="-119.134267">
        <ele>1690.0</ele>
        <time>2025-07-28T02:15:52Z</time>
      </trkpt>
      <trkpt lat="53.165675" lon="-119.134227">
        <ele>1689.1</ele>
        <time>2025-07-28T02:15:56Z</time>
      </trkpt>
      <trkpt lat="53.165643" lon="-119.134179">
        <ele>1687.8</ele>
        <time>2025-07-28T02:16:01Z</time>
      </trkpt>
      <trkpt lat="53.165562" lon="-119.134107">
        <ele>1685.6</ele>
        <time>2025-07-28T02:16:10Z</time>
      </trkpt>
      <trkpt lat="53.165515" lon="-119.134108">
        <ele>1685.5</ele>
        <time>2025-07-28T02:16:14Z</time>
      </trkpt>
      <trkpt lat="53.165487" lon="-119.134079">
        <ele>1686.9</ele>
        <time>2025-07-28T02:16:16Z</time>
      </trkpt>
      <trkpt lat="53.165455" lon="-119.133979">
        <ele>1682.7</ele>
        <time>2025-07-28T02:16:29Z</time>
      </trkpt>
      <trkpt lat="53.165470" lon="-119.133933">
        <ele>1683.0</ele>
        <time>2025-07-28T02:16:31Z</time>
      </trkpt>
      <trkpt lat="53.165333" lon="-119.133964">
        <ele>1681.1</ele>
        <time>2025-07-28T02:16:42Z</time>
      </trkpt>
      <trkpt lat="53.165299" lon="-119.133937">
        <ele>1680.4</ele>
        <time>2025-07-28T02:16:46Z</time>
      </trkpt>
      <trkpt lat="53.165271" lon="-119.133941">
        <ele>1679.3</ele>
        <time>2025-07-28T02:16:50Z</time>
      </trkpt>
      <trkpt lat="53.165251" lon="-119.133929">
        <ele>1678.2</ele>
        <time>2025-07-28T02:16:52Z</time>
      </trkpt>
      <trkpt lat="53.165239" lon="-119.133759">
        <ele>1678.7</ele>
        <time>2025-07-28T02:17:08Z</time>
      </trkpt>
      <trkpt lat="53.165192" lon="-119.133700">
        <ele>1678.2</ele>
        <time>2025-07-28T02:17:13Z</time>
      </trkpt>
      <trkpt lat="53.165172" lon="-119.133696">
        <ele>1675.3</ele>
        <time>2025-07-28T02:17:16Z</time>
      </trkpt>
      <trkpt lat="53.165162" lon="-119.133663">
        <ele>1675.7</ele>
        <time>2025-07-28T02:17:18Z</time>
      </trkpt>
      <trkpt lat="53.165173" lon="-119.133618">
        <ele>1674.9</ele>
        <time>2025-07-28T02:17:20Z</time>
      </trkpt>
      <trkpt lat="53.165120" lon="-119.133546">
        <ele>1674.1</ele>
        <time>2025-07-28T02:17:26Z</time>
      </trkpt>
      <trkpt lat="53.165102" lon="-119.133540">
        <ele>1672.7</ele>
        <time>2025-07-28T02:17:28Z</time>
      </trkpt>
      <trkpt lat="53.165096" lon="-119.133495">
        <ele>1671.8</ele>
        <time>2025-07-28T02:17:31Z</time>
      </trkpt>
      <trkpt lat="53.165002" lon="-119.133401">
        <ele>1670.5</ele>
        <time>2025-07-28T02:17:42Z</time>
      </trkpt>
      <trkpt lat="53.164993" lon="-119.133354">
        <ele>1670.1</ele>
        <time>2025-07-28T02:17:45Z</time>
      </trkpt>
      <trkpt lat="53.164914" lon="-119.133345">
        <ele>1668.6</ele>
        <time>2025-07-28T02:17:52Z</time>
      </trkpt>
      <trkpt lat="53.164893" lon="-119.133323">
        <ele>1667.9</ele>
        <time>2025-07-28T02:17:57Z</time>
      </trkpt>
      <trkpt lat="53.164866" lon="-119.133319">
        <ele>1667.0</ele>
        <time>2025-07-28T02:18:01Z</time>
      </trkpt>
      <trkpt lat="53.164796" lon="-119.133243">
        <ele>1668.4</ele>
        <time>2025-07-28T02:18:09Z</time>
      </trkpt>
      <trkpt lat="53.164756" lon="-119.133162">
        <ele>1666.2</ele>
        <time>2025-07-28T02:18:19Z</time>
      </trkpt>
      <trkpt lat="53.164715" lon="-119.133121">
        <ele>1667.5</ele>
        <time>2025-07-28T02:18:23Z</time>
      </trkpt>
      <trkpt lat="53.164696" lon="-119.133115">
        <ele>1665.4</ele>
        <time>2025-07-28T02:18:26Z</time>
      </trkpt>
      <trkpt lat="53.164580" lon="-119.133150">
        <ele>1664.4</ele>
        <time>2025-07-28T02:18:37Z</time>
      </trkpt>
      <trkpt lat="53.164505" lon="-119.133151">
        <ele>1662.4</ele>
        <time>2025-07-28T02:18:45Z</time>
      </trkpt>
      <trkpt lat="53.164475" lon="-119.133101">
        <ele>1661.4</ele>
        <time>2025-07-28T02:18:53Z</time>
      </trkpt>
      <trkpt lat="53.164458" lon="-119.133120">
        <ele>1659.5</ele>
        <time>2025-07-28T02:18:58Z</time>
      </trkpt>
      <trkpt lat="53.164447" lon="-119.133169">
        <ele>1658.8</ele>
        <time>2025-07-28T02:19:00Z</time>
      </trkpt>
      <trkpt lat="53.164451" lon="-119.133205">
        <ele>1659.8</ele>
        <time>2025-07-28T02:19:03Z</time>
      </trkpt>
      <trkpt lat="53.164477" lon="-119.133219">
        <ele>1656.0</ele>
        <time>2025-07-28T02:20:31Z</time>
      </trkpt>
      <trkpt lat="53.164470" lon="-119.133188">
        <ele>1659.7</ele>
        <time>2025-07-28T02:20:59Z</time>
      </trkpt>
      <trkpt lat="53.164432" lon="-119.133174">
        <ele>1658.8</ele>
        <time>2025-07-28T02:21:03Z</time>
      </trkpt>
      <trkpt lat="53.164393" lon="-119.133198">
        <ele>1658.0</ele>
        <time>2025-07-28T02:21:06Z</time>
      </trkpt>
      <trkpt lat="53.164378" lon="-119.133169">
        <ele>1659.3</ele>
        <time>2025-07-28T02:21:08Z</time>
      </trkpt>
      <trkpt lat="53.164326" lon="-119.133170">
        <ele>1659.6</ele>
        <time>2025-07-28T02:21:12Z</time>
      </trkpt>
      <trkpt lat="53.164298" lon="-119.133156">
        <ele>1659.7</ele>
        <time>2025-07-28T02:21:14Z</time>
      </trkpt>
      <trkpt lat="53.164278" lon="-119.133178">
        <ele>1660.3</ele>
        <time>2025-07-28T02:21:16Z</time>
      </trkpt>
      <trkpt lat="53.164257" lon="-119.133163">
        <ele>1660.4</ele>
        <time>2025-07-28T02:21:19Z</time>
      </trkpt>
      <trkpt lat="53.164239" lon="-119.133173">
        <ele>1658.5</ele>
        <time>2025-07-28T02:21:24Z</time>
      </trkpt>
      <trkpt lat="53.164203" lon="-119.133096">
        <ele>1656.8</ele>
        <time>2025-07-28T02:21:30Z</time>
      </trkpt>
      <trkpt lat="53.164153" lon="-119.133030">
        <ele>1655.8</ele>
        <time>2025-07-28T02:21:37Z</time>
      </trkpt>
      <trkpt lat="53.164144" lon="-119.132996">
        <ele>1656.7</ele>
        <time>2025-07-28T02:21:48Z</time>
      </trkpt>
      <trkpt lat="53.164121" lon="-119.132983">
        <ele>1655.0</ele>
        <time>2025-07-28T02:22:02Z</time>
      </trkpt>
      <trkpt lat="53.164109" lon="-119.132960">
        <ele>1655.5</ele>
        <time>2025-07-28T02:22:05Z</time>
      </trkpt>
      <trkpt lat="53.164063" lon="-119.132955">
        <ele>1654.1</ele>
        <time>2025-07-28T02:22:39Z</time>
      </trkpt>
      <trkpt lat="53.164042" lon="-119.132961">
        <ele>1654.2</ele>
        <time>2025-07-28T02:22:41Z</time>
      </trkpt>
      <trkpt lat="53.164022" lon="-119.132984">
        <ele>1654.1</ele>
        <time>2025-07-28T02:22:44Z</time>
      </trkpt>
      <trkpt lat="53.163948" lon="-119.133006">
        <ele>1655.0</ele>
        <time>2025-07-28T02:22:53Z</time>
      </trkpt>
      <trkpt lat="53.163831" lon="-119.133015">
        <ele>1655.2</ele>
        <time>2025-07-28T02:23:04Z</time>
      </trkpt>
      <trkpt lat="53.163749" lon="-119.133040">
        <ele>1654.3</ele>
        <time>2025-07-28T02:23:12Z</time>
      </trkpt>
      <trkpt lat="53.163681" lon="-119.133130">
        <ele>1655.0</ele>
        <time>2025-07-28T02:23:20Z</time>
      </trkpt>
      <trkpt lat="53.163614" lon="-119.133196">
        <ele>1654.3</ele>
        <time>2025-07-28T02:23:26Z</time>
      </trkpt>
      <trkpt lat="53.163535" lon="-119.133320">
        <ele>1654.3</ele>
        <time>2025-07-28T02:23:35Z</time>
      </trkpt>
      <trkpt lat="53.163405" lon="-119.133472">
        <ele>1653.3</ele>
        <time>2025-07-28T02:23:50Z</time>
      </trkpt>
      <trkpt lat="53.163371" lon="-119.133548">
        <ele>1654.7</ele>
        <time>2025-07-28T02:23:55Z</time>
      </trkpt>
      <trkpt lat="53.163328" lon="-119.133596">
        <ele>1654.3</ele>
        <time>2025-07-28T02:24:00Z</time>
      </trkpt>
      <trkpt lat="53.163255" lon="-119.133710">
        <ele>1653.9</ele>
        <time>2025-07-28T02:24:09Z</time>
      </trkpt>
      <trkpt lat="53.163102" lon="-119.134040">
        <ele>1654.7</ele>
        <time>2025-07-28T02:24:31Z</time>
      </trkpt>
      <trkpt lat="53.163075" lon="-119.134092">
        <ele>1654.3</ele>
        <time>2025-07-28T02:24:36Z</time>
      </trkpt>
      <trkpt lat="53.163055" lon="-119.134098">
        <ele>1654.3</ele>
        <time>2025-07-28T02:24:53Z</time>
      </trkpt>
      <trkpt lat="53.163016" lon="-119.134208">
        <ele>1653.2</ele>
        <time>2025-07-28T02:25:01Z</time>
      </trkpt>
      <trkpt lat="53.162984" lon="-119.134258">
        <ele>1653.8</ele>
        <time>2025-07-28T02:25:05Z</time>
      </trkpt>
      <trkpt lat="53.162945" lon="-119.134351">
        <ele>1654.6</ele>
        <time>2025-07-28T02:25:11Z</time>
      </trkpt>
      <trkpt lat="53.162788" lon="-119.134609">
        <ele>1653.6</ele>
        <time>2025-07-28T02:25:32Z</time>
      </trkpt>
      <trkpt lat="53.162698" lon="-119.134690">
        <ele>1652.9</ele>
        <time>2025-07-28T02:25:42Z</time>
      </trkpt>
      <trkpt lat="53.162657" lon="-119.134708">
        <ele>1652.9</ele>
        <time>2025-07-28T02:25:46Z</time>
      </trkpt>
      <trkpt lat="53.162624" lon="-119.134753">
        <ele>1652.4</ele>
        <time>2025-07-28T02:25:50Z</time>
      </trkpt>
      <trkpt lat="53.162579" lon="-119.134791">
        <ele>1653.8</ele>
        <time>2025-07-28T02:25:54Z</time>
      </trkpt>
      <trkpt lat="53.162541" lon="-119.134995">
        <ele>1653.3</ele>
        <time>2025-07-28T02:26:05Z</time>
      </trkpt>
      <trkpt lat="53.162482" lon="-119.135068">
        <ele>1652.3</ele>
        <time>2025-07-28T02:26:11Z</time>
      </trkpt>
      <trkpt lat="53.162468" lon="-119.135107">
        <ele>1653.2</ele>
        <time>2025-07-28T02:26:13Z</time>
      </trkpt>
      <trkpt lat="53.162424" lon="-119.135171">
        <ele>1653.7</ele>
        <time>2025-07-28T02:26:18Z</time>
      </trkpt>
      <trkpt lat="53.162359" lon="-119.135222">
        <ele>1654.9</ele>
        <time>2025-07-28T02:26:24Z</time>
      </trkpt>
      <trkpt lat="53.162332" lon="-119.135229">
        <ele>1654.1</ele>
        <time>2025-07-28T02:26:26Z</time>
      </trkpt>
      <trkpt lat="53.162293" lon="-119.135275">
        <ele>1653.9</ele>
        <time>2025-07-28T02:26:30Z</time>
      </trkpt>
      <trkpt lat="53.162226" lon="-119.135325">
        <ele>1653.5</ele>
        <time>2025-07-28T02:26:37Z</time>
      </trkpt>
      <trkpt lat="53.162154" lon="-119.135360">
        <ele>1652.5</ele>
        <time>2025-07-28T02:26:43Z</time>
      </trkpt>
      <trkpt lat="53.162127" lon="-119.135350">
        <ele>1652.8</ele>
        <time>2025-07-28T02:26:46Z</time>
      </trkpt>
      <trkpt lat="53.162111" lon="-119.135369">
        <ele>1652.6</ele>
        <time>2025-07-28T02:26:48Z</time>
      </trkpt>
      <trkpt lat="53.162087" lon="-119.135376">
        <ele>1652.7</ele>
        <time>2025-07-28T02:26:50Z</time>
      </trkpt>
      <trkpt lat="53.161909" lon="-119.135347">
        <ele>1657.5</ele>
        <time>2025-07-28T02:27:07Z</time>
      </trkpt>
      <trkpt lat="53.161811" lon="-119.135399">
        <ele>1655.5</ele>
        <time>2025-07-28T02:27:17Z</time>
      </trkpt>
      <trkpt lat="53.161790" lon="-119.135398">
        <ele>1656.9</ele>
        <time>2025-07-28T02:27:19Z</time>
      </trkpt>
      <trkpt lat="53.161684" lon="-119.135490">
        <ele>1655.7</ele>
        <time>2025-07-28T02:27:30Z</time>
      </trkpt>
      <trkpt lat="53.161655" lon="-119.135503">
        <ele>1654.0</ele>
        <time>2025-07-28T02:27:32Z</time>
      </trkpt>
      <trkpt lat="53.161617" lon="-119.135567">
        <ele>1653.8</ele>
        <time>2025-07-28T02:27:37Z</time>
      </trkpt>
      <trkpt lat="53.161512" lon="-119.135652">
        <ele>1652.1</ele>
        <time>2025-07-28T02:27:47Z</time>
      </trkpt>
      <trkpt lat="53.161442" lon="-119.135644">
        <ele>1653.1</ele>
        <time>2025-07-28T02:27:53Z</time>
      </trkpt>
      <trkpt lat="53.161381" lon="-119.135611">
        <ele>1652.1</ele>
        <time>2025-07-28T02:27:58Z</time>
      </trkpt>
      <trkpt lat="53.161341" lon="-119.135615">
        <ele>1653.7</ele>
        <time>2025-07-28T02:28:01Z</time>
      </trkpt>
      <trkpt lat="53.161320" lon="-119.135603">
        <ele>1654.8</ele>
        <time>2025-07-28T02:28:03Z</time>
      </trkpt>
      <trkpt lat="53.161242" lon="-119.135612">
        <ele>1654.2</ele>
        <time>2025-07-28T02:28:10Z</time>
      </trkpt>
      <trkpt lat="53.161219" lon="-119.135606">
        <ele>1655.0</ele>
        <time>2025-07-28T02:28:12Z</time>
      </trkpt>
      <trkpt lat="53.161145" lon="-119.135634">
        <ele>1654.3</ele>
        <time>2025-07-28T02:28:18Z</time>
      </trkpt>
      <trkpt lat="53.161123" lon="-119.135631">
        <ele>1655.1</ele>
        <time>2025-07-28T02:28:20Z</time>
      </trkpt>
      <trkpt lat="53.161076" lon="-119.135648">
        <ele>1653.1</ele>
        <time>2025-07-28T02:28:24Z</time>
      </trkpt>
      <trkpt lat="53.161051" lon="-119.135644">
        <ele>1653.0</ele>
        <time>2025-07-28T02:28:26Z</time>
      </trkpt>
      <trkpt lat="53.160976" lon="-119.135671">
        <ele>1653.2</ele>
        <time>2025-07-28T02:28:33Z</time>
      </trkpt>
      <trkpt lat="53.160927" lon="-119.135664">
        <ele>1654.5</ele>
        <time>2025-07-28T02:28:37Z</time>
      </trkpt>
      <trkpt lat="53.160907" lon="-119.135674">
        <ele>1652.8</ele>
        <time>2025-07-28T02:28:39Z</time>
      </trkpt>
      <trkpt lat="53.160858" lon="-119.135675">
        <ele>1653.5</ele>
        <time>2025-07-28T02:28:43Z</time>
      </trkpt>
      <trkpt lat="53.160816" lon="-119.135693">
        <ele>1653.2</ele>
        <time>2025-07-28T02:28:47Z</time>
      </trkpt>
      <trkpt lat="53.160745" lon="-119.135699">
        <ele>1654.3</ele>
        <time>2025-07-28T02:28:53Z</time>
      </trkpt>
      <trkpt lat="53.160699" lon="-119.135736">
        <ele>1653.0</ele>
        <time>2025-07-28T02:28:57Z</time>
      </trkpt>
      <trkpt lat="53.160678" lon="-119.135737">
        <ele>1654.2</ele>
        <time>2025-07-28T02:28:59Z</time>
      </trkpt>
      <trkpt lat="53.160633" lon="-119.135768">
        <ele>1654.0</ele>
        <time>2025-07-28T02:29:03Z</time>
      </trkpt>
      <trkpt lat="53.160523" lon="-119.135816">
        <ele>1654.0</ele>
        <time>2025-07-28T02:29:13Z</time>
      </trkpt>
      <trkpt lat="53.160476" lon="-119.135806">
        <ele>1653.2</ele>
        <time>2025-07-28T02:29:18Z</time>
      </trkpt>
      <trkpt lat="53.160385" lon="-119.135819">
        <ele>1653.6</ele>
        <time>2025-07-28T02:29:26Z</time>
      </trkpt>
      <trkpt lat="53.160358" lon="-119.135833">
        <ele>1652.7</ele>
        <time>2025-07-28T02:29:29Z</time>
      </trkpt>
      <trkpt lat="53.160333" lon="-119.135826">
        <ele>1653.6</ele>
        <time>2025-07-28T02:29:31Z</time>
      </trkpt>
      <trkpt lat="53.160260" lon="-119.135891">
        <ele>1653.7</ele>
        <time>2025-07-28T02:29:39Z</time>
      </trkpt>
      <trkpt lat="53.160184" lon="-119.135981">
        <ele>1653.3</ele>
        <time>2025-07-28T02:29:47Z</time>
      </trkpt>
      <trkpt lat="53.160139" lon="-119.136102">
        <ele>1654.0</ele>
        <time>2025-07-28T02:29:55Z</time>
      </trkpt>
      <trkpt lat="53.160144" lon="-119.136132">
        <ele>1653.3</ele>
        <time>2025-07-28T02:30:02Z</time>
      </trkpt>
      <trkpt lat="53.160129" lon="-119.136154">
        <ele>1655.0</ele>
        <time>2025-07-28T02:30:03Z</time>
      </trkpt>
      <trkpt lat="53.160105" lon="-119.136260">
        <ele>1654.1</ele>
        <time>2025-07-28T02:30:10Z</time>
      </trkpt>
      <trkpt lat="53.160083" lon="-119.136280">
        <ele>1652.9</ele>
        <time>2025-07-28T02:30:12Z</time>
      </trkpt>
      <trkpt lat="53.160035" lon="-119.136445">
        <ele>1652.9</ele>
        <time>2025-07-28T02:30:22Z</time>
      </trkpt>
      <trkpt lat="53.159968" lon="-119.136602">
        <ele>1652.4</ele>
        <time>2025-07-28T02:30:31Z</time>
      </trkpt>
      <trkpt lat="53.159916" lon="-119.136748">
        <ele>1652.9</ele>
        <time>2025-07-28T02:30:39Z</time>
      </trkpt>
      <trkpt lat="53.159914" lon="-119.136779">
        <ele>1651.2</ele>
        <time>2025-07-28T02:30:41Z</time>
      </trkpt>
      <trkpt lat="53.159881" lon="-119.136848">
        <ele>1652.7</ele>
        <time>2025-07-28T02:30:45Z</time>
      </trkpt>
      <trkpt lat="53.159863" lon="-119.136962">
        <ele>1651.3</ele>
        <time>2025-07-28T02:30:51Z</time>
      </trkpt>
      <trkpt lat="53.159817" lon="-119.137053">
        <ele>1651.8</ele>
        <time>2025-07-28T02:30:57Z</time>
      </trkpt>
      <trkpt lat="53.159812" lon="-119.137097">
        <ele>1652.4</ele>
        <time>2025-07-28T02:30:59Z</time>
      </trkpt>
      <trkpt lat="53.159729" lon="-119.137259">
        <ele>1650.9</ele>
        <time>2025-07-28T02:31:10Z</time>
      </trkpt>
      <trkpt lat="53.159688" lon="-119.137442">
        <ele>1651.5</ele>
        <time>2025-07-28T02:31:20Z</time>
      </trkpt>
      <trkpt lat="53.159673" lon="-119.137579">
        <ele>1651.2</ele>
        <time>2025-07-28T02:31:27Z</time>
      </trkpt>
      <trkpt lat="53.159661" lon="-119.137608">
        <ele>1651.6</ele>
        <time>2025-07-28T02:31:29Z</time>
      </trkpt>
      <trkpt lat="53.159665" lon="-119.137679">
        <ele>1650.8</ele>
        <time>2025-07-28T02:31:33Z</time>
      </trkpt>
      <trkpt lat="53.159643" lon="-119.137759">
        <ele>1651.7</ele>
        <time>2025-07-28T02:31:37Z</time>
      </trkpt>
      <trkpt lat="53.159641" lon="-119.137842">
        <ele>1651.8</ele>
        <time>2025-07-28T02:31:41Z</time>
      </trkpt>
      <trkpt lat="53.159611" lon="-119.137933">
        <ele>1650.7</ele>
        <time>2025-07-28T02:31:47Z</time>
      </trkpt>
      <trkpt lat="53.159568" lon="-119.138015">
        <ele>1650.6</ele>
        <time>2025-07-28T02:31:53Z</time>
      </trkpt>
      <trkpt lat="53.159527" lon="-119.138244">
        <ele>1650.4</ele>
        <time>2025-07-28T02:32:05Z</time>
      </trkpt>
      <trkpt lat="53.159460" lon="-119.138385">
        <ele>1650.0</ele>
        <time>2025-07-28T02:32:14Z</time>
      </trkpt>
      <trkpt lat="53.159456" lon="-119.138424">
        <ele>1650.0</ele>
        <time>2025-07-28T02:32:16Z</time>
      </trkpt>
      <trkpt lat="53.159363" lon="-119.138636">
        <ele>1650.4</ele>
        <time>2025-07-28T02:32:29Z</time>
      </trkpt>
      <trkpt lat="53.159358" lon="-119.138712">
        <ele>1650.6</ele>
        <time>2025-07-28T02:32:33Z</time>
      </trkpt>
      <trkpt lat="53.159281" lon="-119.138963">
        <ele>1651.6</ele>
        <time>2025-07-28T02:32:47Z</time>
      </trkpt>
      <trkpt lat="53.159261" lon="-119.139078">
        <ele>1651.7</ele>
        <time>2025-07-28T02:32:53Z</time>
      </trkpt>
      <trkpt lat="53.159207" lon="-119.139236">
        <ele>1651.4</ele>
        <time>2025-07-28T02:33:03Z</time>
      </trkpt>
      <trkpt lat="53.159147" lon="-119.139370">
        <ele>1651.1</ele>
        <time>2025-07-28T02:33:11Z</time>
      </trkpt>
      <trkpt lat="53.159130" lon="-119.139441">
        <ele>1651.6</ele>
        <time>2025-07-28T02:33:15Z</time>
      </trkpt>
      <trkpt lat="53.159128" lon="-119.139523">
        <ele>1649.8</ele>
        <time>2025-07-28T02:33:20Z</time>
      </trkpt>
      <trkpt lat="53.159071" lon="-119.139698">
        <ele>1650.1</ele>
        <time>2025-07-28T02:33:30Z</time>
      </trkpt>
      <trkpt lat="53.159063" lon="-119.139789">
        <ele>1652.0</ele>
        <time>2025-07-28T02:33:34Z</time>
      </trkpt>
      <trkpt lat="53.159041" lon="-119.139813">
        <ele>1651.9</ele>
        <time>2025-07-28T02:33:37Z</time>
      </trkpt>
      <trkpt lat="53.159041" lon="-119.140015">
        <ele>1651.1</ele>
        <time>2025-07-28T02:33:46Z</time>
      </trkpt>
      <trkpt lat="53.159003" lon="-119.140259">
        <ele>1650.1</ele>
        <time>2025-07-28T02:33:58Z</time>
      </trkpt>
      <trkpt lat="53.158942" lon="-119.140444">
        <ele>1649.9</ele>
        <time>2025-07-28T02:34:09Z</time>
      </trkpt>
      <trkpt lat="53.158895" lon="-119.140503">
        <ele>1649.8</ele>
        <time>2025-07-28T02:34:14Z</time>
      </trkpt>
      <trkpt lat="53.158858" lon="-119.140601">
        <ele>1649.6</ele>
        <time>2025-07-28T02:34:20Z</time>
      </trkpt>
      <trkpt lat="53.158802" lon="-119.140928">
        <ele>1649.8</ele>
        <time>2025-07-28T02:34:37Z</time>
      </trkpt>
      <trkpt lat="53.158802" lon="-119.141065">
        <ele>1649.2</ele>
        <time>2025-07-28T02:34:44Z</time>
      </trkpt>
      <trkpt lat="53.158762" lon="-119.141402">
        <ele>1648.6</ele>
        <time>2025-07-28T02:35:02Z</time>
      </trkpt>
      <trkpt lat="53.158729" lon="-119.141504">
        <ele>1648.4</ele>
        <time>2025-07-28T02:35:08Z</time>
      </trkpt>
      <trkpt lat="53.158673" lon="-119.141628">
        <ele>1650.1</ele>
        <time>2025-07-28T02:35:16Z</time>
      </trkpt>
      <trkpt lat="53.158652" lon="-119.141650">
        <ele>1651.2</ele>
        <time>2025-07-28T02:35:18Z</time>
      </trkpt>
      <trkpt lat="53.158573" lon="-119.141922">
        <ele>1648.4</ele>
        <time>2025-07-28T02:35:34Z</time>
      </trkpt>
      <trkpt lat="53.158559" lon="-119.142060">
        <ele>1649.8</ele>
        <time>2025-07-28T02:35:42Z</time>
      </trkpt>
      <trkpt lat="53.158494" lon="-119.142140">
        <ele>1650.3</ele>
        <time>2025-07-28T02:35:48Z</time>
      </trkpt>
      <trkpt lat="53.158470" lon="-119.142248">
        <ele>1647.9</ele>
        <time>2025-07-28T02:35:54Z</time>
      </trkpt>
      <trkpt lat="53.158385" lon="-119.142467">
        <ele>1648.4</ele>
        <time>2025-07-28T02:36:07Z</time>
      </trkpt>
      <trkpt lat="53.158331" lon="-119.142683">
        <ele>1647.7</ele>
        <time>2025-07-28T02:36:19Z</time>
      </trkpt>
      <trkpt lat="53.158318" lon="-119.142799">
        <ele>1647.7</ele>
        <time>2025-07-28T02:36:25Z</time>
      </trkpt>
      <trkpt lat="53.158327" lon="-119.142875">
        <ele>1647.7</ele>
        <time>2025-07-28T02:36:29Z</time>
      </trkpt>
      <trkpt lat="53.158350" lon="-119.142934">
        <ele>1647.4</ele>
        <time>2025-07-28T02:36:33Z</time>
      </trkpt>
      <trkpt lat="53.158347" lon="-119.143008">
        <ele>1647.5</ele>
        <time>2025-07-28T02:36:38Z</time>
      </trkpt>
      <trkpt lat="53.158342" lon="-119.143092">
        <ele>1648.4</ele>
        <time>2025-07-28T02:36:42Z</time>
      </trkpt>
      <trkpt lat="53.158301" lon="-119.143266">
        <ele>1647.4</ele>
        <time>2025-07-28T02:36:52Z</time>
      </trkpt>
      <trkpt lat="53.158307" lon="-119.143337">
        <ele>1648.7</ele>
        <time>2025-07-28T02:37:08Z</time>
      </trkpt>
      <trkpt lat="53.158294" lon="-119.143402">
        <ele>1649.0</ele>
        <time>2025-07-28T02:37:12Z</time>
      </trkpt>
      <trkpt lat="53.158297" lon="-119.143487">
        <ele>1647.8</ele>
        <time>2025-07-28T02:37:16Z</time>
      </trkpt>
      <trkpt lat="53.158251" lon="-119.143637">
        <ele>1648.5</ele>
        <time>2025-07-28T02:37:25Z</time>
      </trkpt>
      <trkpt lat="53.158184" lon="-119.143757">
        <ele>1646.6</ele>
        <time>2025-07-28T02:37:33Z</time>
      </trkpt>
      <trkpt lat="53.158105" lon="-119.143968">
        <ele>1646.8</ele>
        <time>2025-07-28T02:37:45Z</time>
      </trkpt>
      <trkpt lat="53.158085" lon="-119.144051">
        <ele>1647.9</ele>
        <time>2025-07-28T02:37:49Z</time>
      </trkpt>
      <trkpt lat="53.158088" lon="-119.144088">
        <ele>1646.8</ele>
        <time>2025-07-28T02:37:51Z</time>
      </trkpt>
      <trkpt lat="53.158065" lon="-119.144254">
        <ele>1646.8</ele>
        <time>2025-07-28T02:37:59Z</time>
      </trkpt>
      <trkpt lat="53.157961" lon="-119.144670">
        <ele>1647.9</ele>
        <time>2025-07-28T02:38:21Z</time>
      </trkpt>
      <trkpt lat="53.157946" lon="-119.144919">
        <ele>1646.8</ele>
        <time>2025-07-28T02:38:33Z</time>
      </trkpt>
      <trkpt lat="53.157914" lon="-119.145169">
        <ele>1648.1</ele>
        <time>2025-07-28T02:38:45Z</time>
      </trkpt>
      <trkpt lat="53.157911" lon="-119.145292">
        <ele>1647.4</ele>
        <time>2025-07-28T02:38:52Z</time>
      </trkpt>
      <trkpt lat="53.157881" lon="-119.145499">
        <ele>1648.1</ele>
        <time>2025-07-28T02:39:02Z</time>
      </trkpt>
      <trkpt lat="53.157871" lon="-119.145653">
        <ele>1646.5</ele>
        <time>2025-07-28T02:39:10Z</time>
      </trkpt>
      <trkpt lat="53.157848" lon="-119.145775">
        <ele>1646.9</ele>
        <time>2025-07-28T02:39:16Z</time>
      </trkpt>
      <trkpt lat="53.157845" lon="-119.145864">
        <ele>1646.3</ele>
        <time>2025-07-28T02:39:21Z</time>
      </trkpt>
      <trkpt lat="53.157816" lon="-119.146086">
        <ele>1646.2</ele>
        <time>2025-07-28T02:39:31Z</time>
      </trkpt>
      <trkpt lat="53.157821" lon="-119.146125">
        <ele>1646.1</ele>
        <time>2025-07-28T02:39:33Z</time>
      </trkpt>
      <trkpt lat="53.157645" lon="-119.146742">
        <ele>1646.9</ele>
        <time>2025-07-28T02:40:07Z</time>
      </trkpt>
      <trkpt lat="53.157611" lon="-119.146934">
        <ele>1646.2</ele>
        <time>2025-07-28T02:40:17Z</time>
      </trkpt>
      <trkpt lat="53.157611" lon="-119.147130">
        <ele>1645.0</ele>
        <time>2025-07-28T02:40:29Z</time>
      </trkpt>
      <trkpt lat="53.157597" lon="-119.147168">
        <ele>1645.6</ele>
        <time>2025-07-28T02:40:31Z</time>
      </trkpt>
      <trkpt lat="53.157556" lon="-119.147221">
        <ele>1646.5</ele>
        <time>2025-07-28T02:40:35Z</time>
      </trkpt>
      <trkpt lat="53.157537" lon="-119.147225">
        <ele>1645.5</ele>
        <time>2025-07-28T02:40:37Z</time>
      </trkpt>
      <trkpt lat="53.157495" lon="-119.147267">
        <ele>1645.1</ele>
        <time>2025-07-28T02:40:41Z</time>
      </trkpt>
      <trkpt lat="53.157441" lon="-119.147504">
        <ele>1646.5</ele>
        <time>2025-07-28T02:40:53Z</time>
      </trkpt>
      <trkpt lat="53.157438" lon="-119.147578">
        <ele>1645.7</ele>
        <time>2025-07-28T02:40:57Z</time>
      </trkpt>
      <trkpt lat="53.157455" lon="-119.147635">
        <ele>1645.6</ele>
        <time>2025-07-28T02:41:05Z</time>
      </trkpt>
      <trkpt lat="53.157438" lon="-119.147715">
        <ele>1645.9</ele>
        <time>2025-07-28T02:41:09Z</time>
      </trkpt>
      <trkpt lat="53.157448" lon="-119.147867">
        <ele>1645.1</ele>
        <time>2025-07-28T02:41:17Z</time>
      </trkpt>
      <trkpt lat="53.157437" lon="-119.148028">
        <ele>1646.3</ele>
        <time>2025-07-28T02:41:25Z</time>
      </trkpt>
      <trkpt lat="53.157412" lon="-119.148169">
        <ele>1646.3</ele>
        <time>2025-07-28T02:41:33Z</time>
      </trkpt>
      <trkpt lat="53.157398" lon="-119.148492">
        <ele>1645.1</ele>
        <time>2025-07-28T02:41:51Z</time>
      </trkpt>
      <trkpt lat="53.157399" lon="-119.148533">
        <ele>1645.8</ele>
        <time>2025-07-28T02:41:53Z</time>
      </trkpt>
      <trkpt lat="53.157431" lon="-119.148592">
        <ele>1646.0</ele>
        <time>2025-07-28T02:41:58Z</time>
      </trkpt>
      <trkpt lat="53.157436" lon="-119.148626">
        <ele>1647.0</ele>
        <time>2025-07-28T02:42:01Z</time>
      </trkpt>
      <trkpt lat="53.157422" lon="-119.148666">
        <ele>1648.3</ele>
        <time>2025-07-28T02:42:03Z</time>
      </trkpt>
      <trkpt lat="53.157427" lon="-119.148735">
        <ele>1643.9</ele>
        <time>2025-07-28T02:42:08Z</time>
      </trkpt>
      <trkpt lat="53.157375" lon="-119.148920">
        <ele>1646.7</ele>
        <time>2025-07-28T02:42:19Z</time>
      </trkpt>
      <trkpt lat="53.157372" lon="-119.148965">
        <ele>1648.4</ele>
        <time>2025-07-28T02:42:21Z</time>
      </trkpt>
      <trkpt lat="53.157383" lon="-119.148998">
        <ele>1648.2</ele>
        <time>2025-07-28T02:42:26Z</time>
      </trkpt>
      <trkpt lat="53.157393" lon="-119.149122">
        <ele>1648.9</ele>
        <time>2025-07-28T02:42:32Z</time>
      </trkpt>
      <trkpt lat="53.157317" lon="-119.149288">
        <ele>1649.1</ele>
        <time>2025-07-28T02:42:46Z</time>
      </trkpt>
      <trkpt lat="53.157287" lon="-119.149403">
        <ele>1645.3</ele>
        <time>2025-07-28T02:42:54Z</time>
      </trkpt>
      <trkpt lat="53.157272" lon="-119.149427">
        <ele>1645.7</ele>
        <time>2025-07-28T02:42:55Z</time>
      </trkpt>
      <trkpt lat="53.157258" lon="-119.149532">
        <ele>1647.5</ele>
        <time>2025-07-28T02:43:02Z</time>
      </trkpt>
      <trkpt lat="53.157244" lon="-119.149571">
        <ele>1648.1</ele>
        <time>2025-07-28T02:43:04Z</time>
      </trkpt>
      <trkpt lat="53.157207" lon="-119.149594">
        <ele>1648.9</ele>
        <time>2025-07-28T02:43:08Z</time>
      </trkpt>
      <trkpt lat="53.157168" lon="-119.149714">
        <ele>1645.9</ele>
        <time>2025-07-28T02:43:16Z</time>
      </trkpt>
      <trkpt lat="53.157172" lon="-119.149785">
        <ele>1650.3</ele>
        <time>2025-07-28T02:43:20Z</time>
      </trkpt>
      <trkpt lat="53.157155" lon="-119.149911">
        <ele>1650.9</ele>
        <time>2025-07-28T02:43:28Z</time>
      </trkpt>
      <trkpt lat="53.157160" lon="-119.150113">
        <ele>1651.3</ele>
        <time>2025-07-28T02:43:40Z</time>
      </trkpt>
      <trkpt lat="53.157122" lon="-119.150219">
        <ele>1652.5</ele>
        <time>2025-07-28T02:43:46Z</time>
      </trkpt>
      <trkpt lat="53.157119" lon="-119.150295">
        <ele>1650.4</ele>
        <time>2025-07-28T02:43:51Z</time>
      </trkpt>
      <trkpt lat="53.157086" lon="-119.150327">
        <ele>1650.0</ele>
        <time>2025-07-28T02:43:55Z</time>
      </trkpt>
      <trkpt lat="53.157071" lon="-119.150371">
        <ele>1650.6</ele>
        <time>2025-07-28T02:43:57Z</time>
      </trkpt>
      <trkpt lat="53.157075" lon="-119.150413">
        <ele>1649.7</ele>
        <time>2025-07-28T02:44:00Z</time>
      </trkpt>
      <trkpt lat="53.157058" lon="-119.150457">
        <ele>1649.6</ele>
        <time>2025-07-28T02:44:02Z</time>
      </trkpt>
      <trkpt lat="53.157008" lon="-119.150495">
        <ele>1649.9</ele>
        <time>2025-07-28T02:44:06Z</time>
      </trkpt>
      <trkpt lat="53.156916" lon="-119.150833">
        <ele>1651.7</ele>
        <time>2025-07-28T02:44:26Z</time>
      </trkpt>
      <trkpt lat="53.156894" lon="-119.150844">
        <ele>1651.7</ele>
        <time>2025-07-28T02:44:30Z</time>
      </trkpt>
      <trkpt lat="53.156880" lon="-119.150885">
        <ele>1649.8</ele>
        <time>2025-07-28T02:44:32Z</time>
      </trkpt>
      <trkpt lat="53.156860" lon="-119.150904">
        <ele>1653.5</ele>
        <time>2025-07-28T02:44:35Z</time>
      </trkpt>
      <trkpt lat="53.156840" lon="-119.150909">
        <ele>1657.3</ele>
        <time>2025-07-28T02:44:37Z</time>
      </trkpt>
      <trkpt lat="53.156819" lon="-119.150901">
        <ele>1657.5</ele>
        <time>2025-07-28T02:44:39Z</time>
      </trkpt>
      <trkpt lat="53.156834" lon="-119.150940">
        <ele>1658.6</ele>
        <time>2025-07-28T02:44:40Z</time>
      </trkpt>
      <trkpt lat="53.156765" lon="-119.150987">
        <ele>1653.1</ele>
        <time>2025-07-28T02:44:47Z</time>
      </trkpt>
      <trkpt lat="53.156736" lon="-119.151095">
        <ele>1654.2</ele>
        <time>2025-07-28T02:44:53Z</time>
      </trkpt>
      <trkpt lat="53.156702" lon="-119.151136">
        <ele>1652.9</ele>
        <time>2025-07-28T02:44:56Z</time>
      </trkpt>
      <trkpt lat="53.156677" lon="-119.151152">
        <ele>1648.7</ele>
        <time>2025-07-28T02:44:59Z</time>
      </trkpt>
      <trkpt lat="53.156634" lon="-119.151151">
        <ele>1647.7</ele>
        <time>2025-07-28T02:45:03Z</time>
      </trkpt>
      <trkpt lat="53.156606" lon="-119.151165">
        <ele>1647.6</ele>
        <time>2025-07-28T02:45:05Z</time>
      </trkpt>
      <trkpt lat="53.156566" lon="-119.151225">
        <ele>1646.9</ele>
        <time>2025-07-28T02:45:09Z</time>
      </trkpt>
      <trkpt lat="53.156536" lon="-119.151238">
        <ele>1648.5</ele>
        <time>2025-07-28T02:45:11Z</time>
      </trkpt>
      <trkpt lat="53.156518" lon="-119.151263">
        <ele>1648.0</ele>
        <time>2025-07-28T02:45:13Z</time>
      </trkpt>
      <trkpt lat="53.156507" lon="-119.151325">
        <ele>1647.0</ele>
        <time>2025-07-28T02:45:17Z</time>
      </trkpt>
      <trkpt lat="53.156486" lon="-119.151350">
        <ele>1646.9</ele>
        <time>2025-07-28T02:45:20Z</time>
      </trkpt>
      <trkpt lat="53.156462" lon="-119.151357">
        <ele>1647.7</ele>
        <time>2025-07-28T02:45:22Z</time>
      </trkpt>
      <trkpt lat="53.156443" lon="-119.151392">
        <ele>1649.7</ele>
        <time>2025-07-28T02:45:24Z</time>
      </trkpt>
      <trkpt lat="53.156401" lon="-119.151526">
        <ele>1648.5</ele>
        <time>2025-07-28T02:45:33Z</time>
      </trkpt>
      <trkpt lat="53.156374" lon="-119.151549">
        <ele>1648.9</ele>
        <time>2025-07-28T02:45:35Z</time>
      </trkpt>
      <trkpt lat="53.156283" lon="-119.151582">
        <ele>1649.3</ele>
        <time>2025-07-28T02:45:43Z</time>
      </trkpt>
      <trkpt lat="53.156211" lon="-119.151639">
        <ele>1648.3</ele>
        <time>2025-07-28T02:45:50Z</time>
      </trkpt>
      <trkpt lat="53.156140" lon="-119.151783">
        <ele>1650.2</ele>
        <time>2025-07-28T02:46:02Z</time>
      </trkpt>
      <trkpt lat="53.156090" lon="-119.151784">
        <ele>1650.9</ele>
        <time>2025-07-28T02:46:06Z</time>
      </trkpt>
      <trkpt lat="53.156013" lon="-119.151810">
        <ele>1650.3</ele>
        <time>2025-07-28T02:46:14Z</time>
      </trkpt>
      <trkpt lat="53.155955" lon="-119.151872">
        <ele>1648.8</ele>
        <time>2025-07-28T02:46:19Z</time>
      </trkpt>
      <trkpt lat="53.155909" lon="-119.151891">
        <ele>1647.3</ele>
        <time>2025-07-28T02:46:23Z</time>
      </trkpt>
      <trkpt lat="53.155892" lon="-119.151913">
        <ele>1647.0</ele>
        <time>2025-07-28T02:46:25Z</time>
      </trkpt>
      <trkpt lat="53.155855" lon="-119.152034">
        <ele>1647.1</ele>
        <time>2025-07-28T02:46:32Z</time>
      </trkpt>
      <trkpt lat="53.155808" lon="-119.152110">
        <ele>1647.5</ele>
        <time>2025-07-28T02:46:38Z</time>
      </trkpt>
      <trkpt lat="53.155799" lon="-119.152173">
        <ele>1646.2</ele>
        <time>2025-07-28T02:46:42Z</time>
      </trkpt>
      <trkpt lat="53.155755" lon="-119.152264">
        <ele>1646.0</ele>
        <time>2025-07-28T02:46:49Z</time>
      </trkpt>
      <trkpt lat="53.155713" lon="-119.152305">
        <ele>1646.0</ele>
        <time>2025-07-28T02:46:54Z</time>
      </trkpt>
      <trkpt lat="53.155673" lon="-119.152441">
        <ele>1647.4</ele>
        <time>2025-07-28T02:47:02Z</time>
      </trkpt>
      <trkpt lat="53.155632" lon="-119.152539">
        <ele>1646.0</ele>
        <time>2025-07-28T02:47:09Z</time>
      </trkpt>
      <trkpt lat="53.155575" lon="-119.152638">
        <ele>1647.3</ele>
        <time>2025-07-28T02:47:17Z</time>
      </trkpt>
      <trkpt lat="53.155542" lon="-119.152656">
        <ele>1646.2</ele>
        <time>2025-07-28T02:47:20Z</time>
      </trkpt>
      <trkpt lat="53.155490" lon="-119.152713">
        <ele>1649.4</ele>
        <time>2025-07-28T02:47:25Z</time>
      </trkpt>
      <trkpt lat="53.155468" lon="-119.152785">
        <ele>1649.8</ele>
        <time>2025-07-28T02:47:29Z</time>
      </trkpt>
      <trkpt lat="53.155482" lon="-119.152820">
        <ele>1647.3</ele>
        <time>2025-07-28T02:47:31Z</time>
      </trkpt>
      <trkpt lat="53.155462" lon="-119.153118">
        <ele>1651.3</ele>
        <time>2025-07-28T02:47:47Z</time>
      </trkpt>
      <trkpt lat="53.155446" lon="-119.153222">
        <ele>1652.1</ele>
        <time>2025-07-28T02:47:53Z</time>
      </trkpt>
      <trkpt lat="53.155574" lon="-119.153596">
        <ele>1652.7</ele>
        <time>2025-07-28T02:48:18Z</time>
      </trkpt>
      <trkpt lat="53.155584" lon="-119.153672">
        <ele>1652.3</ele>
        <time>2025-07-28T02:48:23Z</time>
      </trkpt>
      <trkpt lat="53.155607" lon="-119.153740">
        <ele>1654.0</ele>
        <time>2025-07-28T02:48:28Z</time>
      </trkpt>
      <trkpt lat="53.155600" lon="-119.153783">
        <ele>1654.9</ele>
        <time>2025-07-28T02:48:31Z</time>
      </trkpt>
      <trkpt lat="53.155558" lon="-119.153826">
        <ele>1656.2</ele>
        <time>2025-07-28T02:48:36Z</time>
      </trkpt>
      <trkpt lat="53.155509" lon="-119.153911">
        <ele>1655.4</ele>
        <time>2025-07-28T02:48:44Z</time>
      </trkpt>
      <trkpt lat="53.155488" lon="-119.153921">
        <ele>1657.4</ele>
        <time>2025-07-28T02:48:46Z</time>
      </trkpt>
      <trkpt lat="53.155464" lon="-119.153974">
        <ele>1656.3</ele>
        <time>2025-07-28T02:48:50Z</time>
      </trkpt>
      <trkpt lat="53.155445" lon="-119.153912">
        <ele>1656.3</ele>
        <time>2025-07-28T02:48:53Z</time>
      </trkpt>
      <trkpt lat="53.155428" lon="-119.153892">
        <ele>1655.7</ele>
        <time>2025-07-28T02:48:58Z</time>
      </trkpt>
      <trkpt lat="53.155378" lon="-119.153873">
        <ele>1656.2</ele>
        <time>2025-07-28T02:49:02Z</time>
      </trkpt>
      <trkpt lat="53.155335" lon="-119.153876">
        <ele>1654.9</ele>
        <time>2025-07-28T02:49:07Z</time>
      </trkpt>
      <trkpt lat="53.155229" lon="-119.153826">
        <ele>1653.6</ele>
        <time>2025-07-28T02:49:18Z</time>
      </trkpt>
      <trkpt lat="53.155222" lon="-119.153790">
        <ele>1655.4</ele>
        <time>2025-07-28T02:49:20Z</time>
      </trkpt>
      <trkpt lat="53.155182" lon="-119.153727">
        <ele>1655.8</ele>
        <time>2025-07-28T02:49:24Z</time>
      </trkpt>
      <trkpt lat="53.155161" lon="-119.153739">
        <ele>1652.9</ele>
        <time>2025-07-28T02:49:26Z</time>
      </trkpt>
      <trkpt lat="53.155141" lon="-119.153734">
        <ele>1653.3</ele>
        <time>2025-07-28T02:49:28Z</time>
      </trkpt>
      <trkpt lat="53.155090" lon="-119.153747">
        <ele>1651.7</ele>
        <time>2025-07-28T02:49:34Z</time>
      </trkpt>
      <trkpt lat="53.155071" lon="-119.153711">
        <ele>1653.6</ele>
        <time>2025-07-28T02:49:36Z</time>
      </trkpt>
      <trkpt lat="53.155027" lon="-119.153728">
        <ele>1651.9</ele>
        <time>2025-07-28T02:49:41Z</time>
      </trkpt>
      <trkpt lat="53.155003" lon="-119.153728">
        <ele>1651.5</ele>
        <time>2025-07-28T02:49:43Z</time>
      </trkpt>
      <trkpt lat="53.154984" lon="-119.153708">
        <ele>1652.3</ele>
        <time>2025-07-28T02:49:46Z</time>
      </trkpt>
      <trkpt lat="53.154957" lon="-119.153719">
        <ele>1651.0</ele>
        <time>2025-07-28T02:49:49Z</time>
      </trkpt>
      <trkpt lat="53.154898" lon="-119.153669">
        <ele>1650.8</ele>
        <time>2025-07-28T02:49:54Z</time>
      </trkpt>
      <trkpt lat="53.154853" lon="-119.153767">
        <ele>1649.5</ele>
        <time>2025-07-28T02:50:00Z</time>
      </trkpt>
      <trkpt lat="53.154818" lon="-119.153799">
        <ele>1649.0</ele>
        <time>2025-07-28T02:50:29Z</time>
      </trkpt>
    </trkseg>
  </trk>
</gpx>
